{
  "attention": {
    "0": 4.832468516663026,
    "1": 2.2048165987206647,
    "2": 2.3460700186310732,
    "3": 1.7252604545234917,
    "4": 1.481901195190653,
    "5": 1.355112698934302,
    "6": 1.2499830241524168,
    "7": 1.253260318157595,
    "8": 1.3158757210095513,
    "9": 1.2282710116676774,
    "10": 1.2305288251283408,
    "11": 1.197396573188065,
    "12": 1.1370665035908574,
    "13": 1.2403739980663322,
    "14": 1.1869349257299535,
    "15": 0.9234733092316305,
    "16": 0.8057537353650321,
    "17": 0.6715900068835845,
    "18": 0.5944203202681573,
    "19": 0.523065344482005,
    "20": 0.49000582990449404,
    "21": 0.4959980361386984,
    "22": 0.4990358123931782,
    "23": 0.44385880204060335,
    "24": 0.45681170175108887,
    "25": 0.4196984942637627,
    "26": 0.40618392549142435,
    "27": 0.41645714714080784,
    "28": 0.35251959683814116,
    "29": 0.3837266352715134,
    "30": 0.3379465083453277,
    "31": 0.16091702740483083
  },
  "mlp": {
    "0": 4.571494371235014,
    "1": 4.005352502183705,
    "2": 1.1354527047758975,
    "3": 0.8513751631971203,
    "4": 0.7175577635132893,
    "5": 0.6261492593537801,
    "6": 0.5706083895284917,
    "7": 0.504592928864176,
    "8": 0.5100842009855064,
    "9": 0.5638522163063269,
    "10": 0.5568055731705392,
    "11": 0.524740447686721,
    "12": 0.490676222285932,
    "13": 0.5297347970361477,
    "14": 0.5125493614138326,
    "15": 0.4588244518862017,
    "16": 0.4512457062926476,
    "17": 0.45133059585515367,
    "18": 0.4262549168741123,
    "19": 0.4264935843552218,
    "20": 0.4027343603232003,
    "21": 0.40556197750973455,
    "22": 0.4517042601926575,
    "23": 0.40395787602500244,
    "24": 0.46363311811417907,
    "25": 0.38935016886859186,
    "26": 0.3564992322673963,
    "27": 0.4210500947480833,
    "28": 0.3679812423075779,
    "29": 0.3694662903246284,
    "30": 0.5533728947407561,
    "31": 1.1781594370461401
  }
}