{
  "extreme_pruning_layers": [
    {
      "layer_idx": 29,
      "pruning_rate": 0.5202287946428571,
      "importance": 1.9336996504238673,
      "gradient_mean": 0.013375014066696167,
      "gradient_norm": 93.57308853997125
    },
    {
      "layer_idx": 30,
      "pruning_rate": 0.5812639508928571,
      "importance": 1.7164713101727622,
      "gradient_mean": 0.015391557787855467,
      "gradient_norm": 83.40122371249728
    },
    {
      "layer_idx": 31,
      "pruning_rate": 0.5125558035714286,
      "importance": 1.5100300226892744,
      "gradient_mean": 0.019754411238763068,
      "gradient_norm": 86.4719746907552
    }
  ],
  "num_extreme_layers": 3,
  "gradient_statistics": {
    "mean_range": [
      0.009536697425776057,
      0.09847857678929965
    ],
    "mean_ratio": 10.326276630157238,
    "norm_range": [
      53.54706679450141,
      652.9864086574978
    ],
    "norm_ratio": 12.194625172696323
  },
  "diagnosis": []
}