{
  "0": 4.943352967083733,
  "1": 3.8495009210727598,
  "2": 0.14599084870009982,
  "3": 0.09928391743786413,
  "4": 0.08260015659853259,
  "5": 0.10443510650238297,
  "6": 0.08341411762758533,
  "7": 0.04537942360275027,
  "8": 0.035056861220479796,
  "9": 0.015726494757355436,
  "10": 0.028400879633736498,
  "11": 0.013781064832155021,
  "12": -0.004968930767981661,
  "13": 0.0519691323693956,
  "14": 0.06588044188802522,
  "15": 0.087544322093275,
  "16": 0.11647575462285387,
  "17": 0.12963804334580775,
  "18": 0.16460817341483658,
  "19": 0.11231556453361735,
  "20": 0.07841500896044673,
  "21": 0.08535313971593794,
  "22": 0.11476155450390157,
  "23": 0.054485802964954644,
  "24": 0.09220813251510629,
  "25": 0.04276024612246321,
  "26": 0.04512667997450448,
  "27": 0.19412657072510742,
  "28": 0.09823826707894634,
  "29": 0.24416784125117763,
  "30": 0.23584819157706516,
  "31": 1.2867366664017301
}