{
  "extreme_pruning_layers": [
    {
      "layer_idx": 30,
      "pruning_rate": 0.5751953125,
      "importance": 6.787343834127698,
      "gradient_mean": 0.09765932750370768,
      "gradient_norm": 542.3686516020033
    }
  ],
  "num_extreme_layers": 1,
  "gradient_statistics": {
    "mean_range": [
      0.06687888684165147,
      0.7041984139941633
    ],
    "mean_ratio": 10.52945774364549,
    "norm_range": [
      392.1247330771552,
      4556.646800994873
    ],
    "norm_ratio": 11.62040140961253
  },
  "diagnosis": []
}