{
  "extreme_pruning_layers": [
    {
      "layer_idx": 29,
      "pruning_rate": 0.5162527901785714,
      "importance": 0.199929769550051,
      "gradient_mean": 0.0018425294094615513,
      "gradient_norm": 13.377950880262587
    }
  ],
  "num_extreme_layers": 1,
  "gradient_statistics": {
    "mean_range": [
      0.0014333364864190419,
      0.009520574576324888
    ],
    "mean_ratio": 6.642246257112918,
    "norm_range": [
      6.634549034966363,
      65.25662231445312
    ],
    "norm_ratio": 9.835879118466774
  },
  "diagnosis": []
}