{
  "extreme_pruning_layers": [
    {
      "layer_idx": 0,
      "pruning_rate": 0.8206612723214286,
      "importance": 0.004556162249562996,
      "gradient_mean": 0.0001929269896613227,
      "gradient_norm": 2.767576429578993
    }
  ],
  "num_extreme_layers": 1,
  "gradient_statistics": {
    "mean_range": [
      0.00019052955839369033,
      0.00034042199452718097
    ],
    "mean_ratio": 1.7867139289347225,
    "norm_range": [
      1.7572612762451172,
      7.370418972439236
    ],
    "norm_ratio": 4.194264718430934
  },
  "diagnosis": [
    {
      "issue": "\u524d\u51e0\u5c42\u88ab\u8fc7\u5ea6\u526a\u679d",
      "severity": "critical",
      "description": "\u524d5\u5c42\u4e2d\u6709 1 \u5c42\u88ab\u8fc7\u5ea6\u526a\u679d",
      "recommendation": "\u524d\u51e0\u5c42\u901a\u5e38\u5f88\u91cd\u8981\uff0c\u5efa\u8bae\u4e3a\u5176\u8bbe\u7f6e\u8f83\u4f4e\u7684 max_rate"
    }
  ]
}