{
  "extreme_pruning_layers": [
    {
      "layer_idx": 29,
      "pruning_rate": 0.52880859375,
      "importance": 8.847924275057656,
      "gradient_mean": 0.09546196709076564,
      "gradient_norm": 629.6361609564888
    },
    {
      "layer_idx": 30,
      "pruning_rate": 0.6097237723214286,
      "importance": 8.052494057587214,
      "gradient_mean": 0.11063485592603683,
      "gradient_norm": 619.0575764973959
    },
    {
      "layer_idx": 31,
      "pruning_rate": 0.6100725446428571,
      "importance": 7.190363645553589,
      "gradient_mean": 0.12875369977619913,
      "gradient_norm": 546.7444763183594
    }
  ],
  "num_extreme_layers": 3,
  "gradient_statistics": {
    "mean_range": [
      0.08373317701949014,
      0.9049371706528796
    ],
    "mean_ratio": 10.807390831014366,
    "norm_range": [
      496.0588548448351,
      5525.969618055556
    ],
    "norm_ratio": 11.139745947651594
  },
  "diagnosis": []
}