{
  "extreme_pruning_layers": [
    {
      "layer_idx": 10,
      "pruning_rate": 0.5140206473214286,
      "importance": 5.689962949071612,
      "gradient_mean": 0.07576687887517942,
      "gradient_norm": 402.3994385931227
    },
    {
      "layer_idx": 25,
      "pruning_rate": 0.509765625,
      "importance": 4.4315676518848965,
      "gradient_mean": 0.05996749265533355,
      "gradient_norm": 315.2938917742835
    },
    {
      "layer_idx": 26,
      "pruning_rate": 0.5120675223214286,
      "importance": 4.463714497429984,
      "gradient_mean": 0.06818158940101664,
      "gradient_norm": 344.14726705021326
    }
  ],
  "num_extreme_layers": 3,
  "gradient_statistics": {
    "mean_range": [
      0.04377235285937786,
      0.7534054797142744
    ],
    "mean_ratio": 17.211902691487904,
    "norm_range": [
      241.88949672381082,
      2952.1397257910835
    ],
    "norm_ratio": 12.204497366665793
  },
  "diagnosis": []
}