{
  "model_path": "results/finetuned/Mistral/LLMPruner_finetuned/pruned_model.bin",
  "timestamp": "2025-12-05T15:13:26.894407",
  "metrics": {
    "model_info": {
      "total_params": 5830348800,
      "trainable_params": 0,
      "total_params_M": 5830.3488,
      "total_params_B": 5.8303488,
      "num_layers": 32,
      "module_params": {
        "embedding": 134217728,
        "lm_head": 134217728,
        "final_norm": 4096,
        "attention": 1069547520,
        "mlp": 4492099584,
        "input_layernorm": 131072,
        "post_attention_layernorm": 131072,
        "total_accounted": 5830348800,
        "unaccounted": 0,
        "match": true
      },
      "attention_params": 1069547520,
      "mlp_params": 4492099584,
      "attention_params_M": 1069.54752,
      "mlp_params_M": 4492.099584,
      "attention_ratio": 0.18344486010854102,
      "mlp_ratio": 0.7704684124558723,
      "model_size_mb": 11120.507934570312,
      "model_size_gb": 10.85987102985382
    },
    "ppl_quick_128": {
      "wikitext2 (wikitext-2-raw-v1)": 17.922649383544922,
      "ptb": 85.25064849853516
    },
    "ppl_standard_2048_512": {
      "wikitext2 (wikitext-2-raw-v1)": 8.132528305053711,
      "ptb": 50.111873626708984
    },
    "ppl": {
      "wikitext2 (wikitext-2-raw-v1)": 8.132528305053711,
      "ptb": 50.111873626708984
    },
    "zeroshot": {
      "boolq": {
        "accuracy": 0.6217125382262997,
        "full_results": {
          "acc,none": 0.6217125382262997,
          "acc_stderr,none": 0.008482001133931097,
          "alias": "boolq"
        }
      },
      "piqa": {
        "accuracy": 0.7829162132752993,
        "full_results": {
          "acc,none": 0.7752992383025027,
          "acc_stderr,none": 0.009738282586548403,
          "acc_norm,none": 0.7829162132752993,
          "acc_norm_stderr,none": 0.009618708415756861,
          "alias": "piqa"
        }
      },
      "hellaswag": {
        "accuracy": 0.7168890659231228,
        "full_results": {
          "acc,none": 0.5332603067118104,
          "acc_stderr,none": 0.0049787293000750285,
          "acc_norm,none": 0.7168890659231228,
          "acc_norm_stderr,none": 0.004495891440519365,
          "alias": "hellaswag"
        }
      },
      "winogrande": {
        "accuracy": 0.6179952644041041,
        "full_results": {
          "acc,none": 0.6179952644041041,
          "acc_stderr,none": 0.013655578215970375,
          "alias": "winogrande"
        }
      },
      "arc_easy": {
        "accuracy": 0.6864478114478114,
        "full_results": {
          "acc,none": 0.7146464646464646,
          "acc_stderr,none": 0.009266280584997674,
          "acc_norm,none": 0.6864478114478114,
          "acc_norm_stderr,none": 0.009519779157242126,
          "alias": "arc_easy"
        }
      },
      "arc_challenge": {
        "accuracy": 0.41723549488054607,
        "full_results": {
          "acc,none": 0.3967576791808874,
          "acc_stderr,none": 0.014296513020180628,
          "acc_norm,none": 0.41723549488054607,
          "acc_norm_stderr,none": 0.014409825518403108,
          "alias": "arc_challenge"
        }
      },
      "openbookqa": {
        "accuracy": 0.4,
        "full_results": {
          "acc,none": 0.268,
          "acc_stderr,none": 0.019827714859587477,
          "acc_norm,none": 0.4,
          "acc_norm_stderr,none": 0.02193084412072858,
          "alias": "openbookqa"
        }
      }
    },
    "avg_zeroshot_acc": 0.6061709125938833
  }
}