{
  "model_path": "results/search_Mistral-Instruct_layerwise_20/exp_008_taylor_seq_len64_taylor_num_samples128/pruned_model.bin",
  "timestamp": "2025-12-01T19:39:27.157511",
  "metrics": {
    "model_info": {
      "total_params": 5798420480,
      "trainable_params": 5798420480,
      "total_params_M": 5798.42048,
      "total_params_B": 5.79842048,
      "num_layers": 32,
      "module_params": {
        "embedding": 134217728,
        "lm_head": 134217728,
        "final_norm": 4096,
        "attention": 1342177280,
        "mlp": 4187541504,
        "input_layernorm": 131072,
        "post_attention_layernorm": 131072,
        "total_accounted": 5798420480,
        "unaccounted": 0,
        "match": true
      },
      "attention_params": 1342177280,
      "mlp_params": 4187541504,
      "attention_params_M": 1342.17728,
      "mlp_params_M": 4187.541504,
      "attention_ratio": 0.23147291311995366,
      "mlp_ratio": 0.7221865883034408,
      "model_size_mb": 11059.609619140625,
      "model_size_gb": 10.800400018692017
    },
    "ppl_quick_128": {
      "wikitext2 (wikitext-2-raw-v1)": 24.103742599487305,
      "ptb": 123.25569152832031
    },
    "ppl_standard_2048_512": {
      "wikitext2 (wikitext-2-raw-v1)": 10.625273704528809,
      "ptb": 51.81815719604492
    },
    "ppl": {
      "wikitext2 (wikitext-2-raw-v1)": 10.625273704528809,
      "ptb": 51.81815719604492
    },
    "zeroshot": {
      "boolq": {
        "accuracy": 0.6568807339449542,
        "full_results": {
          "acc,none": 0.6568807339449542,
          "acc_stderr,none": 0.00830344577765577,
          "alias": "boolq"
        }
      },
      "piqa": {
        "accuracy": 0.7442872687704026,
        "full_results": {
          "acc,none": 0.7366702937976061,
          "acc_stderr,none": 0.010276185322196763,
          "acc_norm,none": 0.7442872687704026,
          "acc_norm_stderr,none": 0.010178690109459992,
          "alias": "piqa"
        }
      },
      "hellaswag": {
        "accuracy": 0.5643298147779326,
        "full_results": {
          "acc,none": 0.4296952798247361,
          "acc_stderr,none": 0.004940208641371802,
          "acc_norm,none": 0.5643298147779326,
          "acc_norm_stderr,none": 0.00494831039974591,
          "alias": "hellaswag"
        }
      },
      "winogrande": {
        "accuracy": 0.5737963693764798,
        "full_results": {
          "acc,none": 0.5737963693764798,
          "acc_stderr,none": 0.013898585965412248,
          "alias": "winogrande"
        }
      },
      "arc_easy": {
        "accuracy": 0.5265151515151515,
        "full_results": {
          "acc,none": 0.5820707070707071,
          "acc_stderr,none": 0.010120628211017736,
          "acc_norm,none": 0.5265151515151515,
          "acc_norm_stderr,none": 0.010245347015573841,
          "alias": "arc_easy"
        }
      },
      "arc_challenge": {
        "accuracy": 0.3242320819112628,
        "full_results": {
          "acc,none": 0.28071672354948807,
          "acc_stderr,none": 0.013131238126975468,
          "acc_norm,none": 0.3242320819112628,
          "acc_norm_stderr,none": 0.013678810399518928,
          "alias": "arc_challenge"
        }
      },
      "openbookqa": {
        "accuracy": 0.336,
        "full_results": {
          "acc,none": 0.228,
          "acc_stderr,none": 0.018781306529363172,
          "acc_norm,none": 0.336,
          "acc_norm_stderr,none": 0.021144791425048808,
          "alias": "openbookqa"
        }
      }
    },
    "avg_zeroshot_acc": 0.5322916314708833
  }
}