{
  "model_path": "results/search_Mistral-Instruct_layerwise_20/exp_008_taylor_seq_len64_taylor_num_samples128/pruned_model.bin",
  "timestamp": "2025-12-02T13:55:17.064933",
  "metrics": {
    "model_info": {
      "total_params": 5798420480,
      "trainable_params": 5798420480,
      "total_params_M": 5798.42048,
      "total_params_B": 5.79842048,
      "num_layers": 32,
      "module_params": {
        "embedding": 134217728,
        "lm_head": 134217728,
        "final_norm": 4096,
        "attention": 1342177280,
        "mlp": 4187541504,
        "input_layernorm": 131072,
        "post_attention_layernorm": 131072,
        "total_accounted": 5798420480,
        "unaccounted": 0,
        "match": true
      },
      "attention_params": 1342177280,
      "mlp_params": 4187541504,
      "attention_params_M": 1342.17728,
      "mlp_params_M": 4187.541504,
      "attention_ratio": 0.23147291311995366,
      "mlp_ratio": 0.7221865883034408,
      "model_size_mb": 11059.609619140625,
      "model_size_gb": 10.800400018692017
    },
    "ppl_quick_128": {
      "wikitext2 (wikitext-2-raw-v1)": 19.442428588867188,
      "ptb": 94.41058349609375
    },
    "ppl_standard_2048_512": {
      "wikitext2 (wikitext-2-raw-v1)": 9.496041297912598,
      "ptb": 36.70040512084961
    },
    "ppl": {
      "wikitext2 (wikitext-2-raw-v1)": 9.496041297912598,
      "ptb": 36.70040512084961
    },
    "zeroshot": {
      "boolq": {
        "accuracy": 0.6342507645259939,
        "full_results": {
          "acc,none": 0.6342507645259939,
          "acc_stderr,none": 0.008423930068850893,
          "alias": "boolq"
        }
      },
      "piqa": {
        "accuracy": 0.7861806311207835,
        "full_results": {
          "acc,none": 0.780739934711643,
          "acc_stderr,none": 0.00965335746360523,
          "acc_norm,none": 0.7861806311207835,
          "acc_norm_stderr,none": 0.0095659942069157,
          "alias": "piqa"
        }
      },
      "hellaswag": {
        "accuracy": 0.6610237004580761,
        "full_results": {
          "acc,none": 0.49591714797849035,
          "acc_stderr,none": 0.004989615052547576,
          "acc_norm,none": 0.6610237004580761,
          "acc_norm_stderr,none": 0.004723943549006124,
          "alias": "hellaswag"
        }
      },
      "winogrande": {
        "accuracy": 0.5951065509076559,
        "full_results": {
          "acc,none": 0.5951065509076559,
          "acc_stderr,none": 0.013795927003124962,
          "alias": "winogrande"
        }
      },
      "arc_easy": {
        "accuracy": 0.6599326599326599,
        "full_results": {
          "acc,none": 0.696969696969697,
          "acc_stderr,none": 0.009430140669278777,
          "acc_norm,none": 0.6599326599326599,
          "acc_norm_stderr,none": 0.009720765494805203,
          "alias": "arc_easy"
        }
      },
      "arc_challenge": {
        "accuracy": 0.39590443686006827,
        "full_results": {
          "acc,none": 0.3839590443686007,
          "acc_stderr,none": 0.014212444980651792,
          "acc_norm,none": 0.39590443686006827,
          "acc_norm_stderr,none": 0.01429122839353657,
          "alias": "arc_challenge"
        }
      },
      "openbookqa": {
        "accuracy": 0.396,
        "full_results": {
          "acc,none": 0.266,
          "acc_stderr,none": 0.019780559675655396,
          "acc_norm,none": 0.396,
          "acc_norm_stderr,none": 0.021893529941665716,
          "alias": "openbookqa"
        }
      }
    },
    "avg_zeroshot_acc": 0.589771249115034
  }
}