{
  "attention": {
    "0": 5.172108652102237,
    "1": 2.7083837907045885,
    "2": 2.8165238828848524,
    "3": 2.1397151953337206,
    "4": 1.844990274606161,
    "5": 1.6431534956622595,
    "6": 1.5276866101271267,
    "7": 1.5270673881303392,
    "8": 1.5457468749671577,
    "9": 1.4880320296382274,
    "10": 1.4727090162946688,
    "11": 1.4596159672895013,
    "12": 1.413500188675937,
    "13": 1.4693254957135942,
    "14": 1.3925447056625062,
    "15": 1.1384105985527797,
    "16": 1.0014477442431922,
    "17": 0.8301366866029651,
    "18": 0.7520826346037404,
    "19": 0.6487972591096991,
    "20": 0.6104734130253062,
    "21": 0.5688634957698797,
    "22": 0.5588781303127868,
    "23": 0.48199013321604944,
    "24": 0.4822793848467186,
    "25": 0.44085049629211426,
    "26": 0.38958395111639765,
    "27": 0.3439610234948973,
    "28": 0.3137879166382036,
    "29": 0.29405278764813136,
    "30": 0.22809893753354915,
    "31": 0.14935469422119318
  },
  "mlp": {
    "0": 4.255402565002441,
    "1": 3.5359808643922106,
    "2": 1.5162987194313908,
    "3": 1.1794205570852516,
    "4": 1.0277283093787184,
    "5": 0.9087498443805617,
    "6": 0.8463406594383796,
    "7": 0.7830762894737799,
    "8": 0.765708020822891,
    "9": 0.8035694131788036,
    "10": 0.8192117334201634,
    "11": 0.7820528254603705,
    "12": 0.7807263134331102,
    "13": 0.7474803539301385,
    "14": 0.741511941429795,
    "15": 0.6737297285471531,
    "16": 0.6616005085951442,
    "17": 0.6047187975700328,
    "18": 0.5491487941994571,
    "19": 0.5326827731353556,
    "20": 0.4990274495636391,
    "21": 0.480598762651153,
    "22": 0.4896928443024491,
    "23": 0.4458619461943769,
    "24": 0.46554590818897745,
    "25": 0.4071732416847684,
    "26": 0.3951643318529947,
    "27": 0.39274798529037547,
    "28": 0.35919186326841634,
    "29": 0.34290168222212625,
    "30": 0.5420970774644256,
    "31": 1.1208646761660543
  }
}