{
  "model_path": "results/search_Mistral-Instruct_blockwise_20/exp_002_taylor_seq_len32_taylor_num_samples64/pruned_model.bin",
  "timestamp": "2025-12-01T23:45:13.606260",
  "metrics": {
    "model_info": {
      "total_params": 5798428672,
      "trainable_params": 5798428672,
      "total_params_M": 5798.428672,
      "total_params_B": 5.798428672,
      "num_layers": 32,
      "module_params": {
        "embedding": 134217728,
        "lm_head": 134217728,
        "final_norm": 4096,
        "attention": 969932800,
        "mlp": 4559794176,
        "input_layernorm": 131072,
        "post_attention_layernorm": 131072,
        "total_accounted": 5798428672,
        "unaccounted": 0,
        "match": true
      },
      "attention_params": 969932800,
      "mlp_params": 4559794176,
      "attention_params_M": 969.9328,
      "mlp_params_M": 4559.794176,
      "attention_ratio": 0.16727511104580853,
      "mlp_ratio": 0.7863844558472823,
      "model_size_mb": 11059.625244140625,
      "model_size_gb": 10.800415277481079
    },
    "ppl_quick_128": {
      "wikitext2 (wikitext-2-raw-v1)": 42.4187126159668,
      "ptb": 226.33616638183594
    },
    "ppl_standard_2048_512": {
      "wikitext2 (wikitext-2-raw-v1)": 25.8533992767334,
      "ptb": 137.83001708984375
    },
    "ppl": {
      "wikitext2 (wikitext-2-raw-v1)": 25.8533992767334,
      "ptb": 137.83001708984375
    },
    "zeroshot": {
      "boolq": {
        "accuracy": 0.7048929663608563,
        "full_results": {
          "acc,none": 0.7048929663608563,
          "acc_stderr,none": 0.00797707928526963,
          "alias": "boolq"
        }
      },
      "piqa": {
        "accuracy": 0.7845484221980413,
        "full_results": {
          "acc,none": 0.7568008705114254,
          "acc_stderr,none": 0.010009611953858851,
          "acc_norm,none": 0.7845484221980413,
          "acc_norm_stderr,none": 0.009592463115658116,
          "alias": "piqa"
        }
      },
      "hellaswag": {
        "accuracy": 0.6928898625771759,
        "full_results": {
          "acc,none": 0.5155347540330611,
          "acc_stderr,none": 0.004987372476206874,
          "acc_norm,none": 0.6928898625771759,
          "acc_norm_stderr,none": 0.004603527017558399,
          "alias": "hellaswag"
        }
      },
      "winogrande": {
        "accuracy": 0.6029992107340174,
        "full_results": {
          "acc,none": 0.6029992107340174,
          "acc_stderr,none": 0.013751092519806765,
          "alias": "winogrande"
        }
      },
      "arc_easy": {
        "accuracy": 0.7331649831649831,
        "full_results": {
          "acc,none": 0.7369528619528619,
          "acc_stderr,none": 0.009034514898865942,
          "acc_norm,none": 0.7331649831649831,
          "acc_norm_stderr,none": 0.009075915859266983,
          "alias": "arc_easy"
        }
      },
      "arc_challenge": {
        "accuracy": 0.492320819112628,
        "full_results": {
          "acc,none": 0.4778156996587031,
          "acc_stderr,none": 0.014597001927076213,
          "acc_norm,none": 0.492320819112628,
          "acc_norm_stderr,none": 0.014609667440892515,
          "alias": "arc_challenge"
        }
      },
      "openbookqa": {
        "accuracy": 0.422,
        "full_results": {
          "acc,none": 0.298,
          "acc_stderr,none": 0.020475118092988954,
          "acc_norm,none": 0.422,
          "acc_norm_stderr,none": 0.022109039310618563,
          "alias": "openbookqa"
        }
      }
    },
    "avg_zeroshot_acc": 0.6332594663068145
  }
}