{
  "model_path": "results/search_mistral_20/exp_003_taylor_seq_len16_taylor_num_samples512/pruned_model.bin",
  "timestamp": "2025-11-30T18:12:33.117662",
  "metrics": {
    "model_info": {
      "total_params": 5798420480,
      "trainable_params": 5798420480,
      "total_params_M": 5798.42048,
      "total_params_B": 5.79842048,
      "num_layers": 32,
      "module_params": {
        "embedding": 134217728,
        "lm_head": 134217728,
        "final_norm": 4096,
        "attention": 854589440,
        "mlp": 4675129344,
        "input_layernorm": 131072,
        "post_attention_layernorm": 131072,
        "total_accounted": 5798420480,
        "unaccounted": 0,
        "match": true
      },
      "attention_params": 854589440,
      "mlp_params": 4675129344,
      "attention_params_M": 854.58944,
      "mlp_params_M": 4675.129344,
      "attention_ratio": 0.14738314390059548,
      "mlp_ratio": 0.806276357522799,
      "model_size_mb": 11059.609619140625,
      "model_size_gb": 10.800400018692017
    },
    "ppl_quick_128": {
      "wikitext2 (wikitext-2-raw-v1)": 110.43001556396484,
      "ptb": 279.228515625
    },
    "ppl_standard_2048_512": {
      "wikitext2 (wikitext-2-raw-v1)": 47.70001983642578,
      "ptb": 294.6685485839844
    },
    "ppl": {
      "wikitext2 (wikitext-2-raw-v1)": 47.70001983642578,
      "ptb": 294.6685485839844
    },
    "zeroshot": {
      "boolq": {
        "accuracy": 0.46972477064220186,
        "full_results": {
          "acc,none": 0.46972477064220186,
          "acc_stderr,none": 0.00872900900396441,
          "alias": "boolq"
        }
      },
      "piqa": {
        "accuracy": 0.7181719260065288,
        "full_results": {
          "acc,none": 0.7159956474428727,
          "acc_stderr,none": 0.01052114754245417,
          "acc_norm,none": 0.7181719260065288,
          "acc_norm_stderr,none": 0.010496675231258095,
          "alias": "piqa"
        }
      },
      "hellaswag": {
        "accuracy": 0.45807608046205933,
        "full_results": {
          "acc,none": 0.35600477992431784,
          "acc_stderr,none": 0.004778380758851442,
          "acc_norm,none": 0.45807608046205933,
          "acc_norm_stderr,none": 0.004972210244020618,
          "alias": "hellaswag"
        }
      },
      "winogrande": {
        "accuracy": 0.5193370165745856,
        "full_results": {
          "acc,none": 0.5193370165745856,
          "acc_stderr,none": 0.014041972733713017,
          "alias": "winogrande"
        }
      },
      "arc_easy": {
        "accuracy": 0.4444444444444444,
        "full_results": {
          "acc,none": 0.5067340067340067,
          "acc_stderr,none": 0.010258852980991717,
          "acc_norm,none": 0.4444444444444444,
          "acc_norm_stderr,none": 0.010196254838691634,
          "alias": "arc_easy"
        }
      },
      "arc_challenge": {
        "accuracy": 0.28754266211604096,
        "full_results": {
          "acc,none": 0.24146757679180889,
          "acc_stderr,none": 0.012506564839739446,
          "acc_norm,none": 0.28754266211604096,
          "acc_norm_stderr,none": 0.013226719056266044,
          "alias": "arc_challenge"
        }
      },
      "openbookqa": {
        "accuracy": 0.266,
        "full_results": {
          "acc,none": 0.166,
          "acc_stderr,none": 0.016656616876531173,
          "acc_norm,none": 0.266,
          "acc_norm_stderr,none": 0.019780559675655396,
          "alias": "openbookqa"
        }
      }
    },
    "avg_zeroshot_acc": 0.45189955717798014
  }
}