{
  "attention": {
    "0": 6.624773810307186,
    "1": 1.9828549921512608,
    "2": 0.2607335547606153,
    "3": 0.19531148672103882,
    "4": 0.1402875284353895,
    "5": 0.10561973849932382,
    "6": 0.07006003459294652,
    "7": 0.06824196378390024,
    "8": 0.06097865104675293,
    "9": 0.0689098437627158,
    "10": 0.011727939049403169,
    "11": 0.01873716711997986,
    "12": 0.038473943869273164,
    "13": 0.020015547672907807,
    "14": 0.009248733520507812,
    "15": 0.008297373851140488,
    "16": 0.03360739350318909,
    "17": 0.053095728158950806,
    "18": 0.05459493398666382,
    "19": 0.0589487751324973,
    "20": 0.03972551226615906,
    "21": 0.038170576095581055,
    "22": 0.04376902182896947,
    "23": 0.049832820892333984,
    "24": 0.02134535710016916,
    "25": 0.026060144106547334,
    "26": 0.029995242754618623,
    "27": 0.783475905656815
  },
  "mlp": {
    "0": 1.1974588930606846,
    "1": 8.399411509434383,
    "2": 4.144639243682226,
    "3": 3.0569293399651847,
    "4": 3.3519898553689322,
    "5": 1.730948736270269,
    "6": 0.4523210028807325,
    "7": 0.2634994089603424,
    "8": 0.19845731059710214,
    "9": 0.49743587772051523,
    "10": 0.16501491268475865,
    "11": 0.29814291993776987,
    "12": 0.2549491226673126,
    "13": 0.12096096078554819,
    "14": 0.046990255514780976,
    "15": 0.05125699440638254,
    "16": 0.02221793929735849,
    "17": 0.04711851477622986,
    "18": 0.03707255919774388,
    "19": 0.06303903460502625,
    "20": 0.0779597659905753,
    "21": 0.06996399164199829,
    "22": 0.16717612743377686,
    "23": 0.14956818024317453,
    "24": 0.22305774688720703,
    "25": 0.2239865760008497,
    "26": 0.422594596942266,
    "27": 1.3545480271180472
  }
}