{
  "0": 8.148188581069311,
  "1": 0.22973284125328064,
  "2": 0.37522529562314366,
  "3": 0.7794180015722914,
  "4": 1.5354677140712742,
  "5": 0.27958221236864755,
  "6": 0.33358000715573644,
  "7": 0.1803264617919922,
  "8": 0.1164603730042777,
  "9": 0.46453453103701303,
  "10": 0.11561038096745824,
  "11": 0.27549633383750916,
  "12": 0.19539430737495422,
  "13": 0.06974199414253235,
  "14": 0.03308915098508214,
  "15": 0.022443423668543794,
  "16": -0.015665113925933838,
  "17": 0.02759760618209839,
  "18": 0.013423224290212143,
  "19": 0.05367666482925415,
  "20": 0.07872203985850046,
  "21": 0.07241344451904297,
  "22": 0.1611903806527457,
  "23": 0.15384248892466257,
  "24": 0.22621436913808202,
  "25": 0.2695498367150626,
  "26": 0.44291769464810704,
  "27": 1.8227520088354745
}