{
  "model_path": "results/search_Qwen_20/exp_010_taylor_seq_len128_taylor_num_samples128/pruned_model.bin",
  "timestamp": "2025-11-30T20:10:53.941880",
  "metrics": {
    "model_info": {
      "total_params": 6092498944,
      "trainable_params": 6092498944,
      "total_params_M": 6092.498944,
      "total_params_B": 6.092498944,
      "num_layers": 28,
      "module_params": {
        "embedding": 544997376,
        "lm_head": 544997376,
        "final_norm": 3584,
        "attention": 822212608,
        "mlp": 4180087296,
        "input_layernorm": 100352,
        "post_attention_layernorm": 100352,
        "total_accounted": 6092498944,
        "unaccounted": 0,
        "match": true
      },
      "attention_params": 822212608,
      "mlp_params": 4180087296,
      "attention_params_M": 822.212608,
      "mlp_params_M": 4180.087296,
      "attention_ratio": 0.1349549036540629,
      "mlp_ratio": 0.6861039016045499,
      "model_size_mb": 11620.519775390625,
      "model_size_gb": 11.348163843154907
    },
    "ppl_quick_128": {
      "wikitext2 (wikitext-2-raw-v1)": 40.715728759765625,
      "ptb": 60.294864654541016
    },
    "ppl_standard_2048_512": {
      "wikitext2 (wikitext-2-raw-v1)": 15.88274097442627,
      "ptb": 21.715620040893555
    },
    "ppl": {
      "wikitext2 (wikitext-2-raw-v1)": 15.88274097442627,
      "ptb": 21.715620040893555
    },
    "zeroshot": {
      "boolq": {
        "accuracy": 0.7941896024464832,
        "full_results": {
          "acc,none": 0.7941896024464832,
          "acc_stderr,none": 0.00707112140841783,
          "alias": "boolq"
        }
      },
      "piqa": {
        "accuracy": 0.7257889009793254,
        "full_results": {
          "acc,none": 0.7067464635473341,
          "acc_stderr,none": 0.010621818421101943,
          "acc_norm,none": 0.7257889009793254,
          "acc_norm_stderr,none": 0.010408618664933516,
          "alias": "piqa"
        }
      },
      "hellaswag": {
        "accuracy": 0.6357299342760406,
        "full_results": {
          "acc,none": 0.4690300736904999,
          "acc_stderr,none": 0.004980200451851498,
          "acc_norm,none": 0.6357299342760406,
          "acc_norm_stderr,none": 0.00480241391993265,
          "alias": "hellaswag"
        }
      },
      "winogrande": {
        "accuracy": 0.6471981057616417,
        "full_results": {
          "acc,none": 0.6471981057616417,
          "acc_stderr,none": 0.013429728101789013,
          "alias": "winogrande"
        }
      },
      "arc_easy": {
        "accuracy": 0.6405723905723906,
        "full_results": {
          "acc,none": 0.6683501683501684,
          "acc_stderr,none": 0.00966073378092379,
          "acc_norm,none": 0.6405723905723906,
          "acc_norm_stderr,none": 0.009845958893373748,
          "alias": "arc_easy"
        }
      },
      "arc_challenge": {
        "accuracy": 0.41552901023890787,
        "full_results": {
          "acc,none": 0.38139931740614336,
          "acc_stderr,none": 0.014194389086685315,
          "acc_norm,none": 0.41552901023890787,
          "acc_norm_stderr,none": 0.014401366641216409,
          "alias": "arc_challenge"
        }
      },
      "openbookqa": {
        "accuracy": 0.344,
        "full_results": {
          "acc,none": 0.238,
          "acc_stderr,none": 0.019064072958198387,
          "acc_norm,none": 0.344,
          "acc_norm_stderr,none": 0.021265758037978793,
          "alias": "openbookqa"
        }
      }
    },
    "avg_zeroshot_acc": 0.60042970632497
  }
}