{
  "0": 6.435275017960359,
  "1": 4.0188883465642,
  "2": 0.28160793911933535,
  "3": 0.23169636568854468,
  "4": 0.21480457633560013,
  "5": 0.2018611143870528,
  "6": 0.16962372557087457,
  "7": 0.15617025570326426,
  "8": 0.11266749960598776,
  "9": 0.10961693175516363,
  "10": 0.09433991817292009,
  "11": 0.11002746269575958,
  "12": 0.12215526540410027,
  "13": 0.14013545484427947,
  "14": 0.1595739234156337,
  "15": 0.1803812316267397,
  "16": 0.20069253254715136,
  "17": 0.22455165843022185,
  "18": 0.2580424998921269,
  "19": 0.17840539320313065,
  "20": 0.17209003465536066,
  "21": 0.1977692244352185,
  "22": 0.16733781827177197,
  "23": 0.16438165194692678,
  "24": 0.17098363308511821,
  "25": 0.1265795361518487,
  "26": 0.13584484370172678,
  "27": 0.16856796686815168,
  "28": 0.15445709497234583,
  "29": 0.27102444165419204,
  "30": 0.40328320593302047,
  "31": 1.5203291462684394
}