{
  "model_path": "results/search_Mistral_layerwise_20/exp_001_taylor_seq_len32_taylor_num_samples4/pruned_model.bin",
  "timestamp": "2025-12-02T12:22:42.905593",
  "metrics": {
    "model_info": {
      "total_params": 5798420480,
      "trainable_params": 5798420480,
      "total_params_M": 5798.42048,
      "total_params_B": 5.79842048,
      "num_layers": 32,
      "module_params": {
        "embedding": 134217728,
        "lm_head": 134217728,
        "final_norm": 4096,
        "attention": 933232640,
        "mlp": 4596486144,
        "input_layernorm": 131072,
        "post_attention_layernorm": 131072,
        "total_accounted": 5798420480,
        "unaccounted": 0,
        "match": true
      },
      "attention_params": 933232640,
      "mlp_params": 4596486144,
      "attention_params_M": 933.23264,
      "mlp_params_M": 4596.486144,
      "attention_ratio": 0.16094600990371777,
      "mlp_ratio": 0.7927134915196767,
      "model_size_mb": 11059.609619140625,
      "model_size_gb": 10.800400018692017
    },
    "ppl_quick_128": {
      "wikitext2 (wikitext-2-raw-v1)": 37.93238067626953,
      "ptb": 151.71498107910156
    },
    "ppl_standard_2048_512": {
      "wikitext2 (wikitext-2-raw-v1)": 19.817108154296875,
      "ptb": 189.6657257080078
    },
    "ppl": {
      "wikitext2 (wikitext-2-raw-v1)": 19.817108154296875,
      "ptb": 189.6657257080078
    },
    "zeroshot": {
      "boolq": {
        "accuracy": 0.5892966360856269,
        "full_results": {
          "acc,none": 0.5892966360856269,
          "acc_stderr,none": 0.008604460608471526,
          "alias": "boolq"
        }
      },
      "piqa": {
        "accuracy": 0.733949945593036,
        "full_results": {
          "acc,none": 0.7306855277475517,
          "acc_stderr,none": 0.010350004070588812,
          "acc_norm,none": 0.733949945593036,
          "acc_norm_stderr,none": 0.010310039263352765,
          "alias": "piqa"
        }
      },
      "hellaswag": {
        "accuracy": 0.49990041824337783,
        "full_results": {
          "acc,none": 0.37880900219079866,
          "acc_stderr,none": 0.004840990593494598,
          "acc_norm,none": 0.49990041824337783,
          "acc_norm_stderr,none": 0.004989781312483255,
          "alias": "hellaswag"
        }
      },
      "winogrande": {
        "accuracy": 0.5619573796369376,
        "full_results": {
          "acc,none": 0.5619573796369376,
          "acc_stderr,none": 0.013944181296470948,
          "alias": "winogrande"
        }
      },
      "arc_easy": {
        "accuracy": 0.48274410774410775,
        "full_results": {
          "acc,none": 0.5500841750841751,
          "acc_stderr,none": 0.010208181969301573,
          "acc_norm,none": 0.48274410774410775,
          "acc_norm_stderr,none": 0.010253671674754583,
          "alias": "arc_easy"
        }
      },
      "arc_challenge": {
        "accuracy": 0.32764505119453924,
        "full_results": {
          "acc,none": 0.2986348122866894,
          "acc_stderr,none": 0.013374078615068598,
          "acc_norm,none": 0.32764505119453924,
          "acc_norm_stderr,none": 0.013715847940719344,
          "alias": "arc_challenge"
        }
      },
      "openbookqa": {
        "accuracy": 0.322,
        "full_results": {
          "acc,none": 0.22,
          "acc_stderr,none": 0.01854421137582028,
          "acc_norm,none": 0.322,
          "acc_norm_stderr,none": 0.020916668330019865,
          "alias": "openbookqa"
        }
      }
    },
    "avg_zeroshot_acc": 0.5024990769282321
  }
}