{
  "model_path": "results/search_Qwen-Instruct_layerwise_20/exp_005_taylor_seq_len32_taylor_num_samples512/pruned_model.bin",
  "timestamp": "2025-12-02T01:15:07.323652",
  "metrics": {
    "model_info": {
      "total_params": 6092498944,
      "trainable_params": 6092498944,
      "total_params_M": 6092.498944,
      "total_params_B": 6.092498944,
      "num_layers": 28,
      "module_params": {
        "embedding": 544997376,
        "lm_head": 544997376,
        "final_norm": 3584,
        "attention": 822212608,
        "mlp": 4180087296,
        "input_layernorm": 100352,
        "post_attention_layernorm": 100352,
        "total_accounted": 6092498944,
        "unaccounted": 0,
        "match": true
      },
      "attention_params": 822212608,
      "mlp_params": 4180087296,
      "attention_params_M": 822.212608,
      "mlp_params_M": 4180.087296,
      "attention_ratio": 0.1349549036540629,
      "mlp_ratio": 0.6861039016045499,
      "model_size_mb": 11620.519775390625,
      "model_size_gb": 11.348163843154907
    },
    "ppl_quick_128": {
      "wikitext2 (wikitext-2-raw-v1)": 23.662805557250977,
      "ptb": 49.00032043457031
    },
    "ppl_standard_2048_512": {
      "wikitext2 (wikitext-2-raw-v1)": 11.023911476135254,
      "ptb": 19.627532958984375
    },
    "ppl": {
      "wikitext2 (wikitext-2-raw-v1)": 11.023911476135254,
      "ptb": 19.627532958984375
    },
    "zeroshot": {
      "boolq": {
        "accuracy": 0.6305810397553517,
        "full_results": {
          "acc,none": 0.6305810397553517,
          "acc_stderr,none": 0.008441557531799636,
          "alias": "boolq"
        }
      },
      "piqa": {
        "accuracy": 0.7595212187159956,
        "full_results": {
          "acc,none": 0.7529923830250272,
          "acc_stderr,none": 0.010062268140772681,
          "acc_norm,none": 0.7595212187159956,
          "acc_norm_stderr,none": 0.009971345364650927,
          "alias": "piqa"
        }
      },
      "hellaswag": {
        "accuracy": 0.6361282613025294,
        "full_results": {
          "acc,none": 0.4759012148974308,
          "acc_stderr,none": 0.004983982396187155,
          "acc_norm,none": 0.6361282613025294,
          "acc_norm_stderr,none": 0.004801290954386898,
          "alias": "hellaswag"
        }
      },
      "winogrande": {
        "accuracy": 0.5627466456195738,
        "full_results": {
          "acc,none": 0.5627466456195738,
          "acc_stderr,none": 0.013941393310695898,
          "alias": "winogrande"
        }
      },
      "arc_easy": {
        "accuracy": 0.6346801346801347,
        "full_results": {
          "acc,none": 0.6784511784511784,
          "acc_stderr,none": 0.009584091575640732,
          "acc_norm,none": 0.6346801346801347,
          "acc_norm_stderr,none": 0.009880576614806942,
          "alias": "arc_easy"
        }
      },
      "arc_challenge": {
        "accuracy": 0.38139931740614336,
        "full_results": {
          "acc,none": 0.36860068259385664,
          "acc_stderr,none": 0.014097810678042156,
          "acc_norm,none": 0.38139931740614336,
          "acc_norm_stderr,none": 0.014194389086685315,
          "alias": "arc_challenge"
        }
      },
      "openbookqa": {
        "accuracy": 0.4,
        "full_results": {
          "acc,none": 0.3,
          "acc_stderr,none": 0.020514426225627987,
          "acc_norm,none": 0.4,
          "acc_norm_stderr,none": 0.02193084412072858,
          "alias": "openbookqa"
        }
      }
    },
    "avg_zeroshot_acc": 0.5721509453542469
  }
}