{
  "model_path": "results/search_Llama_layerwise_20/exp_013_taylor_seq_len256_taylor_num_samples128/pruned_model.bin",
  "timestamp": "2025-12-01T02:38:21.770311",
  "metrics": {
    "model_info": {
      "total_params": 6424219648,
      "trainable_params": 6424219648,
      "total_params_M": 6424.219648,
      "total_params_B": 6.424219648,
      "num_layers": 32,
      "module_params": {
        "embedding": 525336576,
        "lm_head": 525336576,
        "final_norm": 4096,
        "attention": 1232076800,
        "mlp": 4141203456,
        "input_layernorm": 131072,
        "post_attention_layernorm": 131072,
        "total_accounted": 6424219648,
        "unaccounted": 0,
        "match": true
      },
      "attention_params": 1232076800,
      "mlp_params": 4141203456,
      "attention_params_M": 1232.0768,
      "mlp_params_M": 4141.203456,
      "attention_ratio": 0.19178621957354344,
      "mlp_ratio": 0.6446235781009211,
      "model_size_mb": 12253.226806640625,
      "model_size_gb": 11.966041803359985
    },
    "ppl_quick_128": {
      "wikitext2 (wikitext-2-raw-v1)": 28.9174861907959,
      "ptb": 45.25758743286133
    },
    "ppl_standard_2048_512": {
      "wikitext2 (wikitext-2-raw-v1)": 12.672109603881836,
      "ptb": 17.230566024780273
    },
    "ppl": {
      "wikitext2 (wikitext-2-raw-v1)": 12.672109603881836,
      "ptb": 17.230566024780273
    },
    "zeroshot": {
      "boolq": {
        "accuracy": 0.5813455657492355,
        "full_results": {
          "acc,none": 0.5813455657492355,
          "acc_stderr,none": 0.008628545022868351,
          "alias": "boolq"
        }
      },
      "piqa": {
        "accuracy": 0.733949945593036,
        "full_results": {
          "acc,none": 0.7241566920565833,
          "acc_stderr,none": 0.010427805502729186,
          "acc_norm,none": 0.733949945593036,
          "acc_norm_stderr,none": 0.010310039263352765,
          "alias": "piqa"
        }
      },
      "hellaswag": {
        "accuracy": 0.5855407289384584,
        "full_results": {
          "acc,none": 0.43009360685122483,
          "acc_stderr,none": 0.004940771559475393,
          "acc_norm,none": 0.5855407289384584,
          "acc_norm_stderr,none": 0.004916216503770834,
          "alias": "hellaswag"
        }
      },
      "winogrande": {
        "accuracy": 0.67008681925809,
        "full_results": {
          "acc,none": 0.67008681925809,
          "acc_stderr,none": 0.01321443254251756,
          "alias": "winogrande"
        }
      },
      "arc_easy": {
        "accuracy": 0.6266835016835017,
        "full_results": {
          "acc,none": 0.6523569023569024,
          "acc_stderr,none": 0.009771868846831044,
          "acc_norm,none": 0.6266835016835017,
          "acc_norm_stderr,none": 0.009925009142802761,
          "alias": "arc_easy"
        }
      },
      "arc_challenge": {
        "accuracy": 0.378839590443686,
        "full_results": {
          "acc,none": 0.34044368600682595,
          "acc_stderr,none": 0.013847460518892936,
          "acc_norm,none": 0.378839590443686,
          "acc_norm_stderr,none": 0.01417591549000027,
          "alias": "arc_challenge"
        }
      },
      "openbookqa": {
        "accuracy": 0.388,
        "full_results": {
          "acc,none": 0.272,
          "acc_stderr,none": 0.019920483209566107,
          "acc_norm,none": 0.388,
          "acc_norm_stderr,none": 0.021814300984787705,
          "alias": "openbookqa"
        }
      }
    },
    "avg_zeroshot_acc": 0.5663494502380011
  }
}