{
  "model_path": "results/search_Llama_20/exp_018_taylor_seq_len256_taylor_num_samples128/pruned_model.bin",
  "timestamp": "2025-12-01T22:05:36.608451",
  "metrics": {
    "model_info": {
      "total_params": 6424219648,
      "trainable_params": 6424219648,
      "total_params_M": 6424.219648,
      "total_params_B": 6.424219648,
      "num_layers": 32,
      "module_params": {
        "embedding": 525336576,
        "lm_head": 525336576,
        "final_norm": 4096,
        "attention": 1232076800,
        "mlp": 4141203456,
        "input_layernorm": 131072,
        "post_attention_layernorm": 131072,
        "total_accounted": 6424219648,
        "unaccounted": 0,
        "match": true
      },
      "attention_params": 1232076800,
      "mlp_params": 4141203456,
      "attention_params_M": 1232.0768,
      "mlp_params_M": 4141.203456,
      "attention_ratio": 0.19178621957354344,
      "mlp_ratio": 0.6446235781009211,
      "model_size_mb": 12253.226806640625,
      "model_size_gb": 11.966041803359985
    },
    "ppl_quick_128": {
      "wikitext2 (wikitext-2-raw-v1)": 32.89250946044922,
      "ptb": 49.30089569091797
    },
    "ppl_standard_2048_512": {
      "wikitext2 (wikitext-2-raw-v1)": 13.563199043273926,
      "ptb": 18.198780059814453
    },
    "ppl": {
      "wikitext2 (wikitext-2-raw-v1)": 13.563199043273926,
      "ptb": 18.198780059814453
    },
    "zeroshot": {
      "boolq": {
        "accuracy": 0.6654434250764526,
        "full_results": {
          "acc,none": 0.6654434250764526,
          "acc_stderr,none": 0.008252449845273378,
          "alias": "boolq"
        }
      },
      "piqa": {
        "accuracy": 0.7279651795429815,
        "full_results": {
          "acc,none": 0.7274211099020674,
          "acc_stderr,none": 0.010389256803295867,
          "acc_norm,none": 0.7279651795429815,
          "acc_norm_stderr,none": 0.0103827637862474,
          "alias": "piqa"
        }
      },
      "hellaswag": {
        "accuracy": 0.6208922525393348,
        "full_results": {
          "acc,none": 0.45598486357299345,
          "acc_stderr,none": 0.004970410081009439,
          "acc_norm,none": 0.6208922525393348,
          "acc_norm_stderr,none": 0.004841734453506477,
          "alias": "hellaswag"
        }
      },
      "winogrande": {
        "accuracy": 0.6692975532754538,
        "full_results": {
          "acc,none": 0.6692975532754538,
          "acc_stderr,none": 0.013222435887002683,
          "alias": "winogrande"
        }
      },
      "arc_easy": {
        "accuracy": 0.6195286195286195,
        "full_results": {
          "acc,none": 0.6628787878787878,
          "acc_stderr,none": 0.009700146509129846,
          "acc_norm,none": 0.6195286195286195,
          "acc_norm_stderr,none": 0.009962305992058423,
          "alias": "arc_easy"
        }
      },
      "arc_challenge": {
        "accuracy": 0.3677474402730375,
        "full_results": {
          "acc,none": 0.33276450511945393,
          "acc_stderr,none": 0.013769863046192425,
          "acc_norm,none": 0.3677474402730375,
          "acc_norm_stderr,none": 0.01409099561816849,
          "alias": "arc_challenge"
        }
      },
      "openbookqa": {
        "accuracy": 0.394,
        "full_results": {
          "acc,none": 0.276,
          "acc_stderr,none": 0.02001121929807355,
          "acc_norm,none": 0.394,
          "acc_norm_stderr,none": 0.02187429930168918,
          "alias": "openbookqa"
        }
      }
    },
    "avg_zeroshot_acc": 0.58069635289084
  }
}