{
  "0": 6.154612203439076,
  "1": 5.098512828350067,
  "2": 0.09274662534395839,
  "3": 0.07835262020428946,
  "4": 0.0878306130568185,
  "5": 0.08983888228734305,
  "6": 0.031016618013381958,
  "7": 0.04397947589556361,
  "8": 0.046019037564595244,
  "9": 0.01842682560284903,
  "10": 0.017188111941019546,
  "11": 0.009614954392115127,
  "12": 0.009657641251881621,
  "13": 0.015859772761662505,
  "14": 0.020890891551971436,
  "15": 0.03850944836934378,
  "16": 0.013533900181452285,
  "17": 0.05456731716791774,
  "18": 0.07965618371963501,
  "19": 0.09406139453252127,
  "20": 0.08971943457921316,
  "21": 0.0632825493812561,
  "22": 0.06572609146436026,
  "23": 0.05735022823015834,
  "24": 0.06882426142692566,
  "25": 0.06879605849583914,
  "26": 0.06285522381464625,
  "27": 0.047904441754023086,
  "28": 0.10339405139287283,
  "29": 0.17963000138600638,
  "30": 0.131023863951365,
  "31": 0.3398535350958505
}