{
  "params": {},
  "metrics": {
    "acc_mean": 0.6423798031578364,
    "ppl": 21.172771453857422,
    "grad_norm_ratio": 35.13965610516978
  },
  "output_dir": "results/search_Mistral-Instruct_blockwise_20/exp_005_taylor_seq_len32_taylor_num_samples512"
}