{
  "model_path": "results/search_Qwen-Instruct_layerwise_20/exp_018_taylor_seq_len256_taylor_num_samples128/pruned_model.bin",
  "timestamp": "2025-12-02T05:05:42.819733",
  "metrics": {
    "model_info": {
      "total_params": 6092498944,
      "trainable_params": 6092498944,
      "total_params_M": 6092.498944,
      "total_params_B": 6.092498944,
      "num_layers": 28,
      "module_params": {
        "embedding": 544997376,
        "lm_head": 544997376,
        "final_norm": 3584,
        "attention": 822212608,
        "mlp": 4180087296,
        "input_layernorm": 100352,
        "post_attention_layernorm": 100352,
        "total_accounted": 6092498944,
        "unaccounted": 0,
        "match": true
      },
      "attention_params": 822212608,
      "mlp_params": 4180087296,
      "attention_params_M": 822.212608,
      "mlp_params_M": 4180.087296,
      "attention_ratio": 0.1349549036540629,
      "mlp_ratio": 0.6861039016045499,
      "model_size_mb": 11620.519775390625,
      "model_size_gb": 11.348163843154907
    },
    "ppl_quick_128": {
      "wikitext2 (wikitext-2-raw-v1)": 28.309017181396484,
      "ptb": 48.4089241027832
    },
    "ppl_standard_2048_512": {
      "wikitext2 (wikitext-2-raw-v1)": 11.868973731994629,
      "ptb": 18.99907112121582
    },
    "ppl": {
      "wikitext2 (wikitext-2-raw-v1)": 11.868973731994629,
      "ptb": 18.99907112121582
    },
    "zeroshot": {
      "boolq": {
        "accuracy": 0.672782874617737,
        "full_results": {
          "acc,none": 0.672782874617737,
          "acc_stderr,none": 0.008206311843033139,
          "alias": "boolq"
        }
      },
      "piqa": {
        "accuracy": 0.7410228509249184,
        "full_results": {
          "acc,none": 0.7464635473340587,
          "acc_stderr,none": 0.010150090834551817,
          "acc_norm,none": 0.7410228509249184,
          "acc_norm_stderr,none": 0.01022096603140558,
          "alias": "piqa"
        }
      },
      "hellaswag": {
        "accuracy": 0.6733718382792272,
        "full_results": {
          "acc,none": 0.4933280223063135,
          "acc_stderr,none": 0.004989337148571823,
          "acc_norm,none": 0.6733718382792272,
          "acc_norm_stderr,none": 0.004680215003395497,
          "alias": "hellaswag"
        }
      },
      "winogrande": {
        "accuracy": 0.6243093922651933,
        "full_results": {
          "acc,none": 0.6243093922651933,
          "acc_stderr,none": 0.013611257508380546,
          "alias": "winogrande"
        }
      },
      "arc_easy": {
        "accuracy": 0.6687710437710438,
        "full_results": {
          "acc,none": 0.7007575757575758,
          "acc_stderr,none": 0.009396447162309833,
          "acc_norm,none": 0.6687710437710438,
          "acc_norm_stderr,none": 0.009657641311350737,
          "alias": "arc_easy"
        }
      },
      "arc_challenge": {
        "accuracy": 0.4300341296928328,
        "full_results": {
          "acc,none": 0.4087030716723549,
          "acc_stderr,none": 0.014365750345427017,
          "acc_norm,none": 0.4300341296928328,
          "acc_norm_stderr,none": 0.014467631559137991,
          "alias": "arc_challenge"
        }
      },
      "openbookqa": {
        "accuracy": 0.376,
        "full_results": {
          "acc,none": 0.264,
          "acc_stderr,none": 0.01973288558592215,
          "acc_norm,none": 0.376,
          "acc_norm_stderr,none": 0.02168382753928621,
          "alias": "openbookqa"
        }
      }
    },
    "avg_zeroshot_acc": 0.5980417327929931
  }
}