{
  "model_path": "results/search_Llama_20/exp_001_taylor_seq_len16_taylor_num_samples128/pruned_model.bin",
  "timestamp": "2025-11-30T17:42:00.746494",
  "metrics": {
    "model_info": {
      "total_params": 6424211456,
      "trainable_params": 6424211456,
      "total_params_M": 6424.211456,
      "total_params_B": 6.424211456,
      "num_layers": 32,
      "module_params": {
        "embedding": 525336576,
        "lm_head": 525336576,
        "final_norm": 4096,
        "attention": 817889280,
        "mlp": 4555382784,
        "input_layernorm": 131072,
        "post_attention_layernorm": 131072,
        "total_accounted": 6424211456,
        "unaccounted": 0,
        "match": true
      },
      "attention_params": 817889280,
      "mlp_params": 4555382784,
      "attention_params_M": 817.88928,
      "mlp_params_M": 4555.382784,
      "attention_ratio": 0.12731356768092036,
      "mlp_ratio": 0.7090960213872511,
      "model_size_mb": 12253.211181640625,
      "model_size_gb": 11.966026544570923
    },
    "ppl_quick_128": {
      "wikitext2 (wikitext-2-raw-v1)": 53.53553771972656,
      "ptb": 114.12389373779297
    },
    "ppl_standard_2048_512": {
      "wikitext2 (wikitext-2-raw-v1)": 32.902137756347656,
      "ptb": 70.01080322265625
    },
    "ppl": {
      "wikitext2 (wikitext-2-raw-v1)": 32.902137756347656,
      "ptb": 70.01080322265625
    },
    "zeroshot": {
      "boolq": {
        "accuracy": 0.4917431192660551,
        "full_results": {
          "acc,none": 0.4917431192660551,
          "acc_stderr,none": 0.008743862487967628,
          "alias": "boolq"
        }
      },
      "piqa": {
        "accuracy": 0.6566920565832427,
        "full_results": {
          "acc,none": 0.6588683351468988,
          "acc_stderr,none": 0.011061289443962698,
          "acc_norm,none": 0.6566920565832427,
          "acc_norm_stderr,none": 0.011078175207348986,
          "alias": "piqa"
        }
      },
      "hellaswag": {
        "accuracy": 0.39454291973710415,
        "full_results": {
          "acc,none": 0.32443736307508464,
          "acc_stderr,none": 0.004672074496749171,
          "acc_norm,none": 0.39454291973710415,
          "acc_norm_stderr,none": 0.004877534215987336,
          "alias": "hellaswag"
        }
      },
      "winogrande": {
        "accuracy": 0.5193370165745856,
        "full_results": {
          "acc,none": 0.5193370165745856,
          "acc_stderr,none": 0.014041972733713017,
          "alias": "winogrande"
        }
      },
      "arc_easy": {
        "accuracy": 0.41119528619528617,
        "full_results": {
          "acc,none": 0.44991582491582494,
          "acc_stderr,none": 0.010208181969301573,
          "acc_norm,none": 0.41119528619528617,
          "acc_norm_stderr,none": 0.010096663811817673,
          "alias": "arc_easy"
        }
      },
      "arc_challenge": {
        "accuracy": 0.257679180887372,
        "full_results": {
          "acc,none": 0.21928327645051193,
          "acc_stderr,none": 0.012091245787615647,
          "acc_norm,none": 0.257679180887372,
          "acc_norm_stderr,none": 0.012780770562768334,
          "alias": "arc_challenge"
        }
      },
      "openbookqa": {
        "accuracy": 0.308,
        "full_results": {
          "acc,none": 0.192,
          "acc_stderr,none": 0.017632180454361008,
          "acc_norm,none": 0.308,
          "acc_norm_stderr,none": 0.020667032987466052,
          "alias": "openbookqa"
        }
      }
    },
    "avg_zeroshot_acc": 0.4341699398919494
  }
}