{
  "model_path": "results/search_Qwen-Instruct_blockwise_20/exp_007_taylor_seq_len64_taylor_num_samples64/pruned_model.bin",
  "timestamp": "2025-12-02T21:59:39.365961",
  "metrics": {
    "model_info": {
      "total_params": 6092486144,
      "trainable_params": 6092486144,
      "total_params_M": 6092.486144,
      "total_params_B": 6.092486144,
      "num_layers": 28,
      "module_params": {
        "embedding": 544997376,
        "lm_head": 544997376,
        "final_norm": 3584,
        "attention": 763483136,
        "mlp": 4238803968,
        "input_layernorm": 100352,
        "post_attention_layernorm": 100352,
        "total_accounted": 6092486144,
        "unaccounted": 0,
        "match": true
      },
      "attention_params": 763483136,
      "mlp_params": 4238803968,
      "attention_params_M": 763.483136,
      "mlp_params_M": 4238.803968,
      "attention_ratio": 0.12531553095970405,
      "mlp_ratio": 0.695742898352663,
      "model_size_mb": 11620.495361328125,
      "model_size_gb": 11.348140001296997
    },
    "ppl_quick_128": {
      "wikitext2 (wikitext-2-raw-v1)": 40.1585807800293,
      "ptb": 60.48766326904297
    },
    "ppl_standard_2048_512": {
      "wikitext2 (wikitext-2-raw-v1)": 17.482295989990234,
      "ptb": 24.288352966308594
    },
    "ppl": {
      "wikitext2 (wikitext-2-raw-v1)": 17.482295989990234,
      "ptb": 24.288352966308594
    },
    "zeroshot": {
      "boolq": {
        "accuracy": 0.8143730886850153,
        "full_results": {
          "acc,none": 0.8143730886850153,
          "acc_stderr,none": 0.006800247442788975,
          "alias": "boolq"
        }
      },
      "piqa": {
        "accuracy": 0.7257889009793254,
        "full_results": {
          "acc,none": 0.7165397170837867,
          "acc_stderr,none": 0.010515057791151928,
          "acc_norm,none": 0.7257889009793254,
          "acc_norm_stderr,none": 0.010408618664933516,
          "alias": "piqa"
        }
      },
      "hellaswag": {
        "accuracy": 0.6277633937462657,
        "full_results": {
          "acc,none": 0.454690300736905,
          "acc_stderr,none": 0.004969251445595966,
          "acc_norm,none": 0.6277633937462657,
          "acc_norm_stderr,none": 0.004824130528590665,
          "alias": "hellaswag"
        }
      },
      "winogrande": {
        "accuracy": 0.6566692975532754,
        "full_results": {
          "acc,none": 0.6566692975532754,
          "acc_stderr,none": 0.013344823185358066,
          "alias": "winogrande"
        }
      },
      "arc_easy": {
        "accuracy": 0.6123737373737373,
        "full_results": {
          "acc,none": 0.6430976430976431,
          "acc_stderr,none": 0.009830630210347111,
          "acc_norm,none": 0.6123737373737373,
          "acc_norm_stderr,none": 0.009997307914447627,
          "alias": "arc_easy"
        }
      },
      "arc_challenge": {
        "accuracy": 0.3873720136518771,
        "full_results": {
          "acc,none": 0.34215017064846415,
          "acc_stderr,none": 0.013864152159177238,
          "acc_norm,none": 0.3873720136518771,
          "acc_norm_stderr,none": 0.014235872487909897,
          "alias": "arc_challenge"
        }
      },
      "openbookqa": {
        "accuracy": 0.36,
        "full_results": {
          "acc,none": 0.236,
          "acc_stderr,none": 0.01900869962208476,
          "acc_norm,none": 0.36,
          "acc_norm_stderr,none": 0.02148775108972057,
          "alias": "openbookqa"
        }
      }
    },
    "avg_zeroshot_acc": 0.5977629188556424
  }
}