{
  "model_path": "results/search_Llama_blockwise_20/exp_007_taylor_seq_len64_taylor_num_samples64/pruned_model.bin",
  "timestamp": "2025-12-01T18:21:40.382816",
  "metrics": {
    "model_info": {
      "total_params": 6424215552,
      "trainable_params": 6424215552,
      "total_params_M": 6424.215552,
      "total_params_B": 6.424215552,
      "num_layers": 32,
      "module_params": {
        "embedding": 525336576,
        "lm_head": 525336576,
        "final_norm": 4096,
        "attention": 1300234240,
        "mlp": 4073041920,
        "input_layernorm": 131072,
        "post_attention_layernorm": 131072,
        "total_accounted": 6424215552,
        "unaccounted": 0,
        "match": true
      },
      "attention_params": 1300234240,
      "mlp_params": 4073041920,
      "attention_params_M": 1300.23424,
      "mlp_params_M": 4073.04192,
      "attention_ratio": 0.2023957990630013,
      "mlp_ratio": 0.6340138943083833,
      "model_size_mb": 12253.218994140625,
      "model_size_gb": 11.966034173965454
    },
    "ppl_quick_128": {
      "wikitext2 (wikitext-2-raw-v1)": 32.12724304199219,
      "ptb": 49.83974838256836
    },
    "ppl_standard_2048_512": {
      "wikitext2 (wikitext-2-raw-v1)": 13.074103355407715,
      "ptb": 17.989168167114258
    },
    "ppl": {
      "wikitext2 (wikitext-2-raw-v1)": 13.074103355407715,
      "ptb": 17.989168167114258
    },
    "zeroshot": {
      "boolq": {
        "accuracy": 0.7400611620795107,
        "full_results": {
          "acc,none": 0.7400611620795107,
          "acc_stderr,none": 0.007671175752824559,
          "alias": "boolq"
        }
      },
      "piqa": {
        "accuracy": 0.7328618063112078,
        "full_results": {
          "acc,none": 0.7263329706202394,
          "acc_stderr,none": 0.010402184206229258,
          "acc_norm,none": 0.7328618063112078,
          "acc_norm_stderr,none": 0.010323440492612343,
          "alias": "piqa"
        }
      },
      "hellaswag": {
        "accuracy": 0.6376219876518622,
        "full_results": {
          "acc,none": 0.4658434574785899,
          "acc_stderr,none": 0.004978124945760036,
          "acc_norm,none": 0.6376219876518622,
          "acc_norm_stderr,none": 0.004797048154894168,
          "alias": "hellaswag"
        }
      },
      "winogrande": {
        "accuracy": 0.6827150749802684,
        "full_results": {
          "acc,none": 0.6827150749802684,
          "acc_stderr,none": 0.013080598411332052,
          "alias": "winogrande"
        }
      },
      "arc_easy": {
        "accuracy": 0.5854377104377104,
        "full_results": {
          "acc,none": 0.6161616161616161,
          "acc_stderr,none": 0.009979061846649267,
          "acc_norm,none": 0.5854377104377104,
          "acc_norm_stderr,none": 0.010108889212447719,
          "alias": "arc_easy"
        }
      },
      "arc_challenge": {
        "accuracy": 0.38310580204778155,
        "full_results": {
          "acc,none": 0.34044368600682595,
          "acc_stderr,none": 0.013847460518892936,
          "acc_norm,none": 0.38310580204778155,
          "acc_norm_stderr,none": 0.01420647266167275,
          "alias": "arc_challenge"
        }
      },
      "openbookqa": {
        "accuracy": 0.378,
        "full_results": {
          "acc,none": 0.276,
          "acc_stderr,none": 0.02001121929807355,
          "acc_norm,none": 0.378,
          "acc_norm_stderr,none": 0.02170655082451827,
          "alias": "openbookqa"
        }
      }
    },
    "avg_zeroshot_acc": 0.5914005062154774
  }
}