{
  "model_path": "results/search_Mistral-Instruct_layerwise_20/exp_003_taylor_seq_len32_taylor_num_samples128/pruned_model.bin",
  "timestamp": "2025-12-01T17:12:05.111699",
  "metrics": {
    "model_info": {
      "total_params": 5798420480,
      "trainable_params": 5798420480,
      "total_params_M": 5798.42048,
      "total_params_B": 5.79842048,
      "num_layers": 32,
      "module_params": {
        "embedding": 134217728,
        "lm_head": 134217728,
        "final_norm": 4096,
        "attention": 1342177280,
        "mlp": 4187541504,
        "input_layernorm": 131072,
        "post_attention_layernorm": 131072,
        "total_accounted": 5798420480,
        "unaccounted": 0,
        "match": true
      },
      "attention_params": 1342177280,
      "mlp_params": 4187541504,
      "attention_params_M": 1342.17728,
      "mlp_params_M": 4187.541504,
      "attention_ratio": 0.23147291311995366,
      "mlp_ratio": 0.7221865883034408,
      "model_size_mb": 11059.609619140625,
      "model_size_gb": 10.800400018692017
    },
    "ppl_quick_128": {
      "wikitext2 (wikitext-2-raw-v1)": 24.103822708129883,
      "ptb": 123.15094757080078
    },
    "ppl_standard_2048_512": {
      "wikitext2 (wikitext-2-raw-v1)": 10.875017166137695,
      "ptb": 56.2614860534668
    },
    "ppl": {
      "wikitext2 (wikitext-2-raw-v1)": 10.875017166137695,
      "ptb": 56.2614860534668
    },
    "zeroshot": {
      "boolq": {
        "accuracy": 0.6804281345565749,
        "full_results": {
          "acc,none": 0.6804281345565749,
          "acc_stderr,none": 0.00815582577759855,
          "alias": "boolq"
        }
      },
      "piqa": {
        "accuracy": 0.7263329706202394,
        "full_results": {
          "acc,none": 0.7247007616974973,
          "acc_stderr,none": 0.010421429277369502,
          "acc_norm,none": 0.7263329706202394,
          "acc_norm_stderr,none": 0.010402184206229258,
          "alias": "piqa"
        }
      },
      "hellaswag": {
        "accuracy": 0.569308902609042,
        "full_results": {
          "acc,none": 0.43218482374029077,
          "acc_stderr,none": 0.004943673388276138,
          "acc_norm,none": 0.569308902609042,
          "acc_norm_stderr,none": 0.004941609820763705,
          "alias": "hellaswag"
        }
      },
      "winogrande": {
        "accuracy": 0.5651144435674822,
        "full_results": {
          "acc,none": 0.5651144435674822,
          "acc_stderr,none": 0.01393281411041803,
          "alias": "winogrande"
        }
      },
      "arc_easy": {
        "accuracy": 0.5361952861952862,
        "full_results": {
          "acc,none": 0.5951178451178452,
          "acc_stderr,none": 0.010072423960395665,
          "acc_norm,none": 0.5361952861952862,
          "acc_norm_stderr,none": 0.01023286555034659,
          "alias": "arc_easy"
        }
      },
      "arc_challenge": {
        "accuracy": 0.3225255972696246,
        "full_results": {
          "acc,none": 0.2883959044368601,
          "acc_stderr,none": 0.013238394422428247,
          "acc_norm,none": 0.3225255972696246,
          "acc_norm_stderr,none": 0.013659980894277302,
          "alias": "arc_challenge"
        }
      },
      "openbookqa": {
        "accuracy": 0.35,
        "full_results": {
          "acc,none": 0.242,
          "acc_stderr,none": 0.019173085678337164,
          "acc_norm,none": 0.35,
          "acc_norm_stderr,none": 0.021352091786223066,
          "alias": "openbookqa"
        }
      }
    },
    "avg_zeroshot_acc": 0.5357007621168928
  }
}