{
  "model_path": "results/search_Mistral_blockwise_20/exp_003_taylor_seq_len32_taylor_num_samples128/pruned_model.bin",
  "timestamp": "2025-12-02T00:20:04.278115",
  "metrics": {
    "model_info": {
      "total_params": 5800869888,
      "trainable_params": 5800869888,
      "total_params_M": 5800.869888,
      "total_params_B": 5.800869888,
      "num_layers": 32,
      "module_params": {
        "embedding": 134217728,
        "lm_head": 134217728,
        "final_norm": 4096,
        "attention": 975175680,
        "mlp": 4556992512,
        "input_layernorm": 131072,
        "post_attention_layernorm": 131072,
        "total_accounted": 5800869888,
        "unaccounted": 0,
        "match": true
      },
      "attention_params": 975175680,
      "mlp_params": 4556992512,
      "attention_params_M": 975.17568,
      "mlp_params_M": 4556.992512,
      "attention_ratio": 0.16810852489853328,
      "mlp_ratio": 0.7855705437260102,
      "model_size_mb": 11064.281494140625,
      "model_size_gb": 10.804962396621704
    },
    "ppl_quick_128": {
      "wikitext2 (wikitext-2-raw-v1)": 54.52320861816406,
      "ptb": 174.30184936523438
    },
    "ppl_standard_2048_512": {
      "wikitext2 (wikitext-2-raw-v1)": 26.55537223815918,
      "ptb": 160.5242462158203
    },
    "ppl": {
      "wikitext2 (wikitext-2-raw-v1)": 26.55537223815918,
      "ptb": 160.5242462158203
    },
    "zeroshot": {
      "boolq": {
        "accuracy": 0.44984709480122326,
        "full_results": {
          "acc,none": 0.44984709480122326,
          "acc_stderr,none": 0.008700950643028638,
          "alias": "boolq"
        }
      },
      "piqa": {
        "accuracy": 0.7513601741022851,
        "full_results": {
          "acc,none": 0.7388465723612623,
          "acc_stderr,none": 0.010248738649935658,
          "acc_norm,none": 0.7513601741022851,
          "acc_norm_stderr,none": 0.010084511234296841,
          "alias": "piqa"
        }
      },
      "hellaswag": {
        "accuracy": 0.5798645688109938,
        "full_results": {
          "acc,none": 0.43019318860784705,
          "acc_stderr,none": 0.00494091177927341,
          "acc_norm,none": 0.5798645688109938,
          "acc_norm_stderr,none": 0.0049257170080997835,
          "alias": "hellaswag"
        }
      },
      "winogrande": {
        "accuracy": 0.5232833464877664,
        "full_results": {
          "acc,none": 0.5232833464877664,
          "acc_stderr,none": 0.0140372413095736,
          "alias": "winogrande"
        }
      },
      "arc_easy": {
        "accuracy": 0.4793771043771044,
        "full_results": {
          "acc,none": 0.5197811447811448,
          "acc_stderr,none": 0.0102517511995427,
          "acc_norm,none": 0.4793771043771044,
          "acc_norm_stderr,none": 0.010251052755716096,
          "alias": "arc_easy"
        }
      },
      "arc_challenge": {
        "accuracy": 0.3575085324232082,
        "full_results": {
          "acc,none": 0.3319112627986348,
          "acc_stderr,none": 0.01376098820088056,
          "acc_norm,none": 0.3575085324232082,
          "acc_norm_stderr,none": 0.014005494275916665,
          "alias": "arc_challenge"
        }
      },
      "openbookqa": {
        "accuracy": 0.284,
        "full_results": {
          "acc,none": 0.176,
          "acc_stderr,none": 0.01704785202062225,
          "acc_norm,none": 0.284,
          "acc_norm_stderr,none": 0.020186703693570774,
          "alias": "openbookqa"
        }
      }
    },
    "avg_zeroshot_acc": 0.489320117286083
  }
}