{
  "model_path": "results/Mistral-7B-v0.3/blockwise_20_c4/pruned_model.bin",
  "timestamp": "2025-11-30T01:47:39.066561",
  "metrics": {
    "model_info": {
      "total_params": 5798420480,
      "trainable_params": 5798420480,
      "total_params_M": 5798.42048,
      "total_params_B": 5.79842048,
      "num_layers": 32,
      "module_params": {
        "embedding": 134217728,
        "lm_head": 134217728,
        "final_norm": 4096,
        "attention": 1342177280,
        "mlp": 4187541504,
        "input_layernorm": 131072,
        "post_attention_layernorm": 131072,
        "total_accounted": 5798420480,
        "unaccounted": 0,
        "match": true
      },
      "attention_params": 1342177280,
      "mlp_params": 4187541504,
      "attention_params_M": 1342.17728,
      "mlp_params_M": 4187.541504,
      "attention_ratio": 0.23147291311995366,
      "mlp_ratio": 0.7221865883034408,
      "model_size_mb": 11059.609619140625,
      "model_size_gb": 10.800400018692017
    },
    "ppl_quick_128": {
      "wikitext2 (wikitext-2-raw-v1)": 37.22764205932617,
      "ptb": 142.963134765625
    },
    "ppl_standard_2048_512": {
      "wikitext2 (wikitext-2-raw-v1)": 20.8048095703125,
      "ptb": 120.53260040283203
    },
    "ppl": {
      "wikitext2 (wikitext-2-raw-v1)": 20.8048095703125,
      "ptb": 120.53260040283203
    },
    "zeroshot": {
      "boolq": {
        "accuracy": 0.6204892966360857,
        "full_results": {
          "acc,none": 0.6204892966360857,
          "acc_stderr,none": 0.008487341975756712,
          "alias": "boolq"
        }
      },
      "piqa": {
        "accuracy": 0.6936887921653971,
        "full_results": {
          "acc,none": 0.6800870511425462,
          "acc_stderr,none": 0.010882873582092218,
          "acc_norm,none": 0.6936887921653971,
          "acc_norm_stderr,none": 0.010754970032367363,
          "alias": "piqa"
        }
      },
      "hellaswag": {
        "accuracy": 0.4654451304521012,
        "full_results": {
          "acc,none": 0.3586934873531169,
          "acc_stderr,none": 0.004786368011500725,
          "acc_norm,none": 0.4654451304521012,
          "acc_norm_stderr,none": 0.004977851161904448,
          "alias": "hellaswag"
        }
      },
      "winogrande": {
        "accuracy": 0.5477505919494869,
        "full_results": {
          "acc,none": 0.5477505919494869,
          "acc_stderr,none": 0.013988256216606014,
          "alias": "winogrande"
        }
      },
      "arc_easy": {
        "accuracy": 0.5046296296296297,
        "full_results": {
          "acc,none": 0.5555555555555556,
          "acc_stderr,none": 0.010196254838691634,
          "acc_norm,none": 0.5046296296296297,
          "acc_norm_stderr,none": 0.010259343705889561,
          "alias": "arc_easy"
        }
      },
      "arc_challenge": {
        "accuracy": 0.26535836177474403,
        "full_results": {
          "acc,none": 0.24829351535836178,
          "acc_stderr,none": 0.012624912868089679,
          "acc_norm,none": 0.26535836177474403,
          "acc_norm_stderr,none": 0.012902554762313832,
          "alias": "arc_challenge"
        }
      },
      "openbookqa": {
        "accuracy": 0.308,
        "full_results": {
          "acc,none": 0.182,
          "acc_stderr,none": 0.017272773297730436,
          "acc_norm,none": 0.308,
          "acc_norm_stderr,none": 0.020667032987466052,
          "alias": "openbookqa"
        }
      }
    },
    "avg_zeroshot_acc": 0.48648025751534923,
    "efficiency": {
      "model_info": {
        "total_params": 5798420480,
        "trainable_params": 5798420480,
        "total_params_M": 5798.42048,
        "total_params_B": 5.79842048,
        "num_layers": 32,
        "module_params": {
          "embedding": 134217728,
          "lm_head": 134217728,
          "final_norm": 4096,
          "attention": 1342177280,
          "mlp": 4187541504,
          "input_layernorm": 131072,
          "post_attention_layernorm": 131072,
          "total_accounted": 5798420480,
          "unaccounted": 0,
          "match": true
        },
        "attention_params": 1342177280,
        "mlp_params": 4187541504,
        "attention_params_M": 1342.17728,
        "mlp_params_M": 4187.541504,
        "attention_ratio": 0.23147291311995366,
        "mlp_ratio": 0.7221865883034408,
        "model_size_mb": 11059.609619140625,
        "model_size_gb": 10.800400018692017
      },
      "speed": {
        "batch_size_1": {
          "throughput_tokens_per_sec": 29.58285453376982,
          "latency_ms_per_token": 33.803364001214504,
          "total_time_sec": 216.34152960777283,
          "total_tokens": 6400
        },
        "batch_size_4": {
          "throughput_tokens_per_sec": 111.04635535480914,
          "latency_ms_per_token": 9.005248274964591,
          "total_time_sec": 55.328245401382446,
          "total_tokens": 6144
        }
      },
      "memory": {
        "model_memory_mb": 35975.94677734375,
        "inference_peak_mb": 36097.44677734375
      }
    }
  }
}