{
  "model_path": "results/search_Qwen-Instruct_20/exp_016_taylor_seq_len256_taylor_num_samples4/pruned_model.bin",
  "timestamp": "2025-12-02T03:39:27.483922",
  "metrics": {
    "model_info": {
      "total_params": 6092497920,
      "trainable_params": 6092497920,
      "total_params_M": 6092.49792,
      "total_params_B": 6.09249792,
      "num_layers": 28,
      "module_params": {
        "embedding": 544997376,
        "lm_head": 544997376,
        "final_norm": 3584,
        "attention": 792847872,
        "mlp": 4209451008,
        "input_layernorm": 100352,
        "post_attention_layernorm": 100352,
        "total_accounted": 6092497920,
        "unaccounted": 0,
        "match": true
      },
      "attention_params": 792847872,
      "mlp_params": 4209451008,
      "attention_params_M": 792.847872,
      "mlp_params_M": 4209.451008,
      "attention_ratio": 0.13013510753894522,
      "mlp_ratio": 0.690923667644026,
      "model_size_mb": 11620.517822265625,
      "model_size_gb": 11.348161935806274
    },
    "ppl_quick_128": {
      "wikitext2 (wikitext-2-raw-v1)": 44.18851852416992,
      "ptb": 73.07453918457031
    },
    "ppl_standard_2048_512": {
      "wikitext2 (wikitext-2-raw-v1)": 16.778738021850586,
      "ptb": 27.0826358795166
    },
    "ppl": {
      "wikitext2 (wikitext-2-raw-v1)": 16.778738021850586,
      "ptb": 27.0826358795166
    },
    "zeroshot": {
      "boolq": {
        "accuracy": 0.6418960244648318,
        "full_results": {
          "acc,none": 0.6418960244648318,
          "acc_stderr,none": 0.008385509472671695,
          "alias": "boolq"
        }
      },
      "piqa": {
        "accuracy": 0.6893362350380848,
        "full_results": {
          "acc,none": 0.6784548422198041,
          "acc_stderr,none": 0.010897500107575744,
          "acc_norm,none": 0.6893362350380848,
          "acc_norm_stderr,none": 0.010797078933727623,
          "alias": "piqa"
        }
      },
      "hellaswag": {
        "accuracy": 0.6208922525393348,
        "full_results": {
          "acc,none": 0.4615614419438359,
          "acc_stderr,none": 0.004975014529648974,
          "acc_norm,none": 0.6208922525393348,
          "acc_norm_stderr,none": 0.004841734453506477,
          "alias": "hellaswag"
        }
      },
      "winogrande": {
        "accuracy": 0.6479873717442778,
        "full_results": {
          "acc,none": 0.6479873717442778,
          "acc_stderr,none": 0.013422874824929841,
          "alias": "winogrande"
        }
      },
      "arc_easy": {
        "accuracy": 0.5791245791245792,
        "full_results": {
          "acc,none": 0.6300505050505051,
          "acc_stderr,none": 0.00990665626602126,
          "acc_norm,none": 0.5791245791245792,
          "acc_norm_stderr,none": 0.010130502164066243,
          "alias": "arc_easy"
        }
      },
      "arc_challenge": {
        "accuracy": 0.3839590443686007,
        "full_results": {
          "acc,none": 0.38139931740614336,
          "acc_stderr,none": 0.014194389086685315,
          "acc_norm,none": 0.3839590443686007,
          "acc_norm_stderr,none": 0.014212444980651792,
          "alias": "arc_challenge"
        }
      },
      "openbookqa": {
        "accuracy": 0.354,
        "full_results": {
          "acc,none": 0.26,
          "acc_stderr,none": 0.019635965529725526,
          "acc_norm,none": 0.354,
          "acc_norm_stderr,none": 0.02140758204791649,
          "alias": "openbookqa"
        }
      }
    },
    "avg_zeroshot_acc": 0.5595993581828156
  }
}