{
  "model_path": "results/search_Qwen-Instruct_blockwise_20/exp_006_taylor_seq_len64_taylor_num_samples4/pruned_model.bin",
  "timestamp": "2025-12-02T01:29:50.104222",
  "metrics": {
    "model_info": {
      "total_params": 6092498944,
      "trainable_params": 6092498944,
      "total_params_M": 6092.498944,
      "total_params_B": 6.092498944,
      "num_layers": 28,
      "module_params": {
        "embedding": 544997376,
        "lm_head": 544997376,
        "final_norm": 3584,
        "attention": 822212608,
        "mlp": 4180087296,
        "input_layernorm": 100352,
        "post_attention_layernorm": 100352,
        "total_accounted": 6092498944,
        "unaccounted": 0,
        "match": true
      },
      "attention_params": 822212608,
      "mlp_params": 4180087296,
      "attention_params_M": 822.212608,
      "mlp_params_M": 4180.087296,
      "attention_ratio": 0.1349549036540629,
      "mlp_ratio": 0.6861039016045499,
      "model_size_mb": 11620.519775390625,
      "model_size_gb": 11.348163843154907
    },
    "ppl_quick_128": {
      "wikitext2 (wikitext-2-raw-v1)": 25.82770347595215,
      "ptb": 51.20330810546875
    },
    "ppl_standard_2048_512": {
      "wikitext2 (wikitext-2-raw-v1)": 11.75379753112793,
      "ptb": 20.43360137939453
    },
    "ppl": {
      "wikitext2 (wikitext-2-raw-v1)": 11.75379753112793,
      "ptb": 20.43360137939453
    },
    "zeroshot": {
      "boolq": {
        "accuracy": 0.7556574923547401,
        "full_results": {
          "acc,none": 0.7556574923547401,
          "acc_stderr,none": 0.0075154423789953574,
          "alias": "boolq"
        }
      },
      "piqa": {
        "accuracy": 0.7426550598476604,
        "full_results": {
          "acc,none": 0.7372143634385201,
          "acc_stderr,none": 0.01026935406814087,
          "acc_norm,none": 0.7426550598476604,
          "acc_norm_stderr,none": 0.010199921064792403,
          "alias": "piqa"
        }
      },
      "hellaswag": {
        "accuracy": 0.6507667795259908,
        "full_results": {
          "acc,none": 0.47699661422027484,
          "acc_stderr,none": 0.004984497871025652,
          "acc_norm,none": 0.6507667795259908,
          "acc_norm_stderr,none": 0.00475753485052238,
          "alias": "hellaswag"
        }
      },
      "winogrande": {
        "accuracy": 0.6124704025256511,
        "full_results": {
          "acc,none": 0.6124704025256511,
          "acc_stderr,none": 0.013692354636016781,
          "alias": "winogrande"
        }
      },
      "arc_easy": {
        "accuracy": 0.6346801346801347,
        "full_results": {
          "acc,none": 0.6767676767676768,
          "acc_stderr,none": 0.009597218642045437,
          "acc_norm,none": 0.6346801346801347,
          "acc_norm_stderr,none": 0.009880576614806942,
          "alias": "arc_easy"
        }
      },
      "arc_challenge": {
        "accuracy": 0.39505119453924914,
        "full_results": {
          "acc,none": 0.363481228668942,
          "acc_stderr,none": 0.014056207319068465,
          "acc_norm,none": 0.39505119453924914,
          "acc_norm_stderr,none": 0.01428589829293823,
          "alias": "arc_challenge"
        }
      },
      "openbookqa": {
        "accuracy": 0.43,
        "full_results": {
          "acc,none": 0.3,
          "acc_stderr,none": 0.020514426225627987,
          "acc_norm,none": 0.43,
          "acc_norm_stderr,none": 0.02216263442665287,
          "alias": "openbookqa"
        }
      }
    },
    "avg_zeroshot_acc": 0.6030401519247752
  }
}