{
  "extreme_pruning_layers": [
    {
      "layer_idx": 1,
      "pruning_rate": 0.5980785472972973,
      "importance": 0.43204774940386415,
      "gradient_mean": 0.08587733920042713,
      "gradient_norm": 153.89063079158464
    },
    {
      "layer_idx": 26,
      "pruning_rate": 0.7517947635135135,
      "importance": 0.6205823469806362,
      "gradient_mean": 0.01429220320036014,
      "gradient_norm": 66.7651975651582
    },
    {
      "layer_idx": 27,
      "pruning_rate": 0.6527132601351351,
      "importance": 0.773525796226553,
      "gradient_mean": 0.010099657656004032,
      "gradient_norm": 77.3509668558836
    }
  ],
  "num_extreme_layers": 3,
  "gradient_statistics": {
    "mean_range": [
      0.010099657656004032,
      0.13088767929002643
    ],
    "mean_ratio": 12.959615310946203,
    "norm_range": [
      45.90556389093399,
      153.89063079158464
    ],
    "norm_ratio": 3.3523306925686556
  },
  "diagnosis": [
    {
      "issue": "\u524d\u51e0\u5c42\u88ab\u8fc7\u5ea6\u526a\u679d",
      "severity": "critical",
      "description": "\u524d5\u5c42\u4e2d\u6709 1 \u5c42\u88ab\u8fc7\u5ea6\u526a\u679d",
      "recommendation": "\u524d\u51e0\u5c42\u901a\u5e38\u5f88\u91cd\u8981\uff0c\u5efa\u8bae\u4e3a\u5176\u8bbe\u7f6e\u8f83\u4f4e\u7684 max_rate"
    }
  ]
}