{
  "model_path": "results/search_Mistral_layerwise_20/exp_017_taylor_seq_len256_taylor_num_samples64/pruned_model.bin",
  "timestamp": "2025-12-02T17:22:10.201345",
  "metrics": {
    "model_info": {
      "total_params": 5798420480,
      "trainable_params": 5798420480,
      "total_params_M": 5798.42048,
      "total_params_B": 5.79842048,
      "num_layers": 32,
      "module_params": {
        "embedding": 134217728,
        "lm_head": 134217728,
        "final_norm": 4096,
        "attention": 1342177280,
        "mlp": 4187541504,
        "input_layernorm": 131072,
        "post_attention_layernorm": 131072,
        "total_accounted": 5798420480,
        "unaccounted": 0,
        "match": true
      },
      "attention_params": 1342177280,
      "mlp_params": 4187541504,
      "attention_params_M": 1342.17728,
      "mlp_params_M": 4187.541504,
      "attention_ratio": 0.23147291311995366,
      "mlp_ratio": 0.7221865883034408,
      "model_size_mb": 11059.609619140625,
      "model_size_gb": 10.800400018692017
    },
    "ppl_quick_128": {
      "wikitext2 (wikitext-2-raw-v1)": 57.93818664550781,
      "ptb": 208.21119689941406
    },
    "ppl_standard_2048_512": {
      "wikitext2 (wikitext-2-raw-v1)": 35.034339904785156,
      "ptb": 186.97166442871094
    },
    "ppl": {
      "wikitext2 (wikitext-2-raw-v1)": 35.034339904785156,
      "ptb": 186.97166442871094
    },
    "zeroshot": {
      "boolq": {
        "accuracy": 0.5620795107033639,
        "full_results": {
          "acc,none": 0.5620795107033639,
          "acc_stderr,none": 0.008677388652709499,
          "alias": "boolq"
        }
      },
      "piqa": {
        "accuracy": 0.6082698585418934,
        "full_results": {
          "acc,none": 0.6153427638737758,
          "acc_stderr,none": 0.011351177743205479,
          "acc_norm,none": 0.6082698585418934,
          "acc_norm_stderr,none": 0.011389038597720108,
          "alias": "piqa"
        }
      },
      "hellaswag": {
        "accuracy": 0.3769169488149771,
        "full_results": {
          "acc,none": 0.31975702051384186,
          "acc_stderr,none": 0.004654291661255909,
          "acc_norm,none": 0.3769169488149771,
          "acc_norm_stderr,none": 0.004836234143655603,
          "alias": "hellaswag"
        }
      },
      "winogrande": {
        "accuracy": 0.5335438042620363,
        "full_results": {
          "acc,none": 0.5335438042620363,
          "acc_stderr,none": 0.014020826677598101,
          "alias": "winogrande"
        }
      },
      "arc_easy": {
        "accuracy": 0.4019360269360269,
        "full_results": {
          "acc,none": 0.44234006734006737,
          "acc_stderr,none": 0.010191334444220676,
          "acc_norm,none": 0.4019360269360269,
          "acc_norm_stderr,none": 0.010060521220920564,
          "alias": "arc_easy"
        }
      },
      "arc_challenge": {
        "accuracy": 0.2431740614334471,
        "full_results": {
          "acc,none": 0.20392491467576793,
          "acc_stderr,none": 0.011774262478702316,
          "acc_norm,none": 0.2431740614334471,
          "acc_norm_stderr,none": 0.012536554144587002,
          "alias": "arc_challenge"
        }
      },
      "openbookqa": {
        "accuracy": 0.3,
        "full_results": {
          "acc,none": 0.168,
          "acc_stderr,none": 0.01673655354154187,
          "acc_norm,none": 0.3,
          "acc_norm_stderr,none": 0.020514426225627987,
          "alias": "openbookqa"
        }
      }
    },
    "avg_zeroshot_acc": 0.4322743158131064
  }
}