{
  "model_path": "results/finetuned/Llama/ShortGPT_remove_7_finetuned/pruned_model.bin",
  "timestamp": "2025-12-06T18:43:46.157834",
  "metrics": {
    "model_info": {
      "total_params": 6503477248,
      "trainable_params": 0,
      "total_params_M": 6503.477248,
      "total_params_B": 6.503477248,
      "num_layers": 25,
      "module_params": {
        "embedding": 525336576,
        "lm_head": 525336576,
        "final_norm": 4096,
        "attention": 1048576000,
        "mlp": 4404019200,
        "input_layernorm": 102400,
        "post_attention_layernorm": 102400,
        "total_accounted": 6503477248,
        "unaccounted": 0,
        "match": true
      },
      "attention_params": 1048576000,
      "mlp_params": 4404019200,
      "attention_params_M": 1048.576,
      "mlp_params_M": 4404.0192,
      "attention_ratio": 0.1612331311411086,
      "mlp_ratio": 0.6771791507926561,
      "model_size_mb": 12404.398559570312,
      "model_size_gb": 12.113670468330383
    },
    "ppl_quick_128": {
      "wikitext2 (wikitext-2-raw-v1)": 29.000019073486328,
      "ptb": 40.82929992675781
    },
    "ppl_standard_2048_512": {
      "wikitext2 (wikitext-2-raw-v1)": 11.39436149597168,
      "ptb": 15.331308364868164
    },
    "ppl": {
      "wikitext2 (wikitext-2-raw-v1)": 11.39436149597168,
      "ptb": 15.331308364868164
    },
    "zeroshot": {
      "boolq": {
        "accuracy": 0.8027522935779816,
        "full_results": {
          "acc,none": 0.8027522935779816,
          "acc_stderr,none": 0.006959680427057267,
          "alias": "boolq"
        }
      },
      "piqa": {
        "accuracy": 0.766050054406964,
        "full_results": {
          "acc,none": 0.750816104461371,
          "acc_stderr,none": 0.010091882770120146,
          "acc_norm,none": 0.766050054406964,
          "acc_norm_stderr,none": 0.009877236895137361,
          "alias": "piqa"
        }
      },
      "hellaswag": {
        "accuracy": 0.7203744274048994,
        "full_results": {
          "acc,none": 0.5430193188607847,
          "acc_stderr,none": 0.0049712783092040235,
          "acc_norm,none": 0.7203744274048994,
          "acc_norm_stderr,none": 0.0044789797955071394,
          "alias": "hellaswag"
        }
      },
      "winogrande": {
        "accuracy": 0.7103393843725335,
        "full_results": {
          "acc,none": 0.7103393843725335,
          "acc_stderr,none": 0.012748550807638167,
          "alias": "winogrande"
        }
      },
      "arc_easy": {
        "accuracy": 0.7264309764309764,
        "full_results": {
          "acc,none": 0.7436868686868687,
          "acc_stderr,none": 0.008958775997918438,
          "acc_norm,none": 0.7264309764309764,
          "acc_norm_stderr,none": 0.009147424438490918,
          "alias": "arc_easy"
        }
      },
      "arc_challenge": {
        "accuracy": 0.48378839590443684,
        "full_results": {
          "acc,none": 0.454778156996587,
          "acc_stderr,none": 0.014551507060836234,
          "acc_norm,none": 0.48378839590443684,
          "acc_norm_stderr,none": 0.014603708567414945,
          "alias": "arc_challenge"
        }
      },
      "openbookqa": {
        "accuracy": 0.41,
        "full_results": {
          "acc,none": 0.304,
          "acc_stderr,none": 0.02059164957122494,
          "acc_norm,none": 0.41,
          "acc_norm_stderr,none": 0.02201748257812769,
          "alias": "openbookqa"
        }
      }
    },
    "avg_zeroshot_acc": 0.6599622188711132
  }
}