{
  "attention": {
    "0": 6.837397440549559,
    "1": 1.6870948881791503,
    "2": 0.41425122930139624,
    "3": 0.16884567805248674,
    "4": 0.159217498489709,
    "5": 0.07894676089472208,
    "6": 0.07984168292204297,
    "7": 0.06485102739341508,
    "8": 0.057852085094614925,
    "9": 0.06984327772913224,
    "10": 0.03423613838237349,
    "11": 0.038644387738700825,
    "12": 0.041045275159052874,
    "13": 0.04882088470421886,
    "14": 0.03911811080913319,
    "15": 0.04483985400311141,
    "16": 0.05422291363564824,
    "17": 0.05195403664516274,
    "18": 0.06167704265558882,
    "19": 0.05775717304060679,
    "20": 0.033416069962930006,
    "21": 0.041162542801807867,
    "22": 0.03720833011214886,
    "23": 0.03880553816562493,
    "24": 0.02361157026669103,
    "25": 0.025723645188389543,
    "26": 0.03164458437062345,
    "27": 0.8009301838848861
  },
  "mlp": {
    "0": 0.5100631700889506,
    "1": 7.3371166592901265,
    "2": 3.977208548302228,
    "3": 3.062438451808126,
    "4": 2.572742182164689,
    "5": 1.8684574883332705,
    "6": 0.2589144487959416,
    "7": 0.09468458507146282,
    "8": 0.07133349405477052,
    "9": 0.19689826043916536,
    "10": 0.08271768068080743,
    "11": 0.08246714970557534,
    "12": 0.07443352690195404,
    "13": 0.05346499877065014,
    "14": 0.04587047759148044,
    "15": 0.045047075297932615,
    "16": 0.03550994484272563,
    "17": 0.04099573252916722,
    "18": 0.0504775349960358,
    "19": 0.04987010466366515,
    "20": 0.06954464487858925,
    "21": 0.07507270454062631,
    "22": 0.10833379074722593,
    "23": 0.11750069038122657,
    "24": 0.10716252040529328,
    "25": 0.12900058134903603,
    "26": 0.19079075765276032,
    "27": 0.7997211827367869
  }
}