{
  "model_path": "results/search_Mistral-Instruct_blockwise_20/exp_014_taylor_seq_len128_taylor_num_samples256/pruned_model.bin",
  "timestamp": "2025-12-02T16:12:58.477004",
  "metrics": {
    "model_info": {
      "total_params": 5798420480,
      "trainable_params": 5798420480,
      "total_params_M": 5798.42048,
      "total_params_B": 5.79842048,
      "num_layers": 32,
      "module_params": {
        "embedding": 134217728,
        "lm_head": 134217728,
        "final_norm": 4096,
        "attention": 1342177280,
        "mlp": 4187541504,
        "input_layernorm": 131072,
        "post_attention_layernorm": 131072,
        "total_accounted": 5798420480,
        "unaccounted": 0,
        "match": true
      },
      "attention_params": 1342177280,
      "mlp_params": 4187541504,
      "attention_params_M": 1342.17728,
      "mlp_params_M": 4187.541504,
      "attention_ratio": 0.23147291311995366,
      "mlp_ratio": 0.7221865883034408,
      "model_size_mb": 11059.609619140625,
      "model_size_gb": 10.800400018692017
    },
    "ppl_quick_128": {
      "wikitext2 (wikitext-2-raw-v1)": 38.15516662597656,
      "ptb": 152.0727081298828
    },
    "ppl_standard_2048_512": {
      "wikitext2 (wikitext-2-raw-v1)": 21.749231338500977,
      "ptb": 91.86726379394531
    },
    "ppl": {
      "wikitext2 (wikitext-2-raw-v1)": 21.749231338500977,
      "ptb": 91.86726379394531
    },
    "zeroshot": {
      "boolq": {
        "accuracy": 0.6602446483180429,
        "full_results": {
          "acc,none": 0.6602446483180429,
          "acc_stderr,none": 0.008283772013147641,
          "alias": "boolq"
        }
      },
      "piqa": {
        "accuracy": 0.6926006528835691,
        "full_results": {
          "acc,none": 0.6806311207834603,
          "acc_stderr,none": 0.010877964076613867,
          "acc_norm,none": 0.6926006528835691,
          "acc_norm_stderr,none": 0.010765602506938959,
          "alias": "piqa"
        }
      },
      "hellaswag": {
        "accuracy": 0.5235012945628361,
        "full_results": {
          "acc,none": 0.4116709818761203,
          "acc_stderr,none": 0.004911303569769839,
          "acc_norm,none": 0.5235012945628361,
          "acc_norm_stderr,none": 0.004984266543053356,
          "alias": "hellaswag"
        }
      },
      "winogrande": {
        "accuracy": 0.5374901341752171,
        "full_results": {
          "acc,none": 0.5374901341752171,
          "acc_stderr,none": 0.014012928183336493,
          "alias": "winogrande"
        }
      },
      "arc_easy": {
        "accuracy": 0.5997474747474747,
        "full_results": {
          "acc,none": 0.6414141414141414,
          "acc_stderr,none": 0.009840882301225278,
          "acc_norm,none": 0.5997474747474747,
          "acc_norm_stderr,none": 0.010053550119896153,
          "alias": "arc_easy"
        }
      },
      "arc_challenge": {
        "accuracy": 0.35238907849829354,
        "full_results": {
          "acc,none": 0.32081911262798635,
          "acc_stderr,none": 0.013640943091946632,
          "acc_norm,none": 0.35238907849829354,
          "acc_norm_stderr,none": 0.013960142600598661,
          "alias": "arc_challenge"
        }
      },
      "openbookqa": {
        "accuracy": 0.316,
        "full_results": {
          "acc,none": 0.196,
          "acc_stderr,none": 0.017770751227744897,
          "acc_norm,none": 0.316,
          "acc_norm_stderr,none": 0.020812359515855822,
          "alias": "openbookqa"
        }
      }
    },
    "avg_zeroshot_acc": 0.5259961833122048
  }
}