{
  "model_path": "results/search_Qwen_blockwise_20/exp_018_taylor_seq_len256_taylor_num_samples128/pruned_model.bin",
  "timestamp": "2025-12-03T01:20:50.684585",
  "metrics": {
    "model_info": {
      "total_params": 6092498944,
      "trainable_params": 6092498944,
      "total_params_M": 6092.498944,
      "total_params_B": 6.092498944,
      "num_layers": 28,
      "module_params": {
        "embedding": 544997376,
        "lm_head": 544997376,
        "final_norm": 3584,
        "attention": 822212608,
        "mlp": 4180087296,
        "input_layernorm": 100352,
        "post_attention_layernorm": 100352,
        "total_accounted": 6092498944,
        "unaccounted": 0,
        "match": true
      },
      "attention_params": 822212608,
      "mlp_params": 4180087296,
      "attention_params_M": 822.212608,
      "mlp_params_M": 4180.087296,
      "attention_ratio": 0.1349549036540629,
      "mlp_ratio": 0.6861039016045499,
      "model_size_mb": 11620.519775390625,
      "model_size_gb": 11.348163843154907
    },
    "ppl_quick_128": {
      "wikitext2 (wikitext-2-raw-v1)": 39.53010177612305,
      "ptb": 58.172664642333984
    },
    "ppl_standard_2048_512": {
      "wikitext2 (wikitext-2-raw-v1)": 15.4484224319458,
      "ptb": 20.890365600585938
    },
    "ppl": {
      "wikitext2 (wikitext-2-raw-v1)": 15.4484224319458,
      "ptb": 20.890365600585938
    },
    "zeroshot": {
      "boolq": {
        "accuracy": 0.7972477064220184,
        "full_results": {
          "acc,none": 0.7972477064220184,
          "acc_stderr,none": 0.007031889974008517,
          "alias": "boolq"
        }
      },
      "piqa": {
        "accuracy": 0.7110990206746464,
        "full_results": {
          "acc,none": 0.7072905331882481,
          "acc_stderr,none": 0.010616044462393127,
          "acc_norm,none": 0.7110990206746464,
          "acc_norm_stderr,none": 0.010575111841365037,
          "alias": "piqa"
        }
      },
      "hellaswag": {
        "accuracy": 0.6248755228042223,
        "full_results": {
          "acc,none": 0.46325433180641307,
          "acc_stderr,none": 0.004976288321682394,
          "acc_norm,none": 0.6248755228042223,
          "acc_norm_stderr,none": 0.004831655648489897,
          "alias": "hellaswag"
        }
      },
      "winogrande": {
        "accuracy": 0.6614048934490924,
        "full_results": {
          "acc,none": 0.6614048934490924,
          "acc_stderr,none": 0.013300169865842256,
          "alias": "winogrande"
        }
      },
      "arc_easy": {
        "accuracy": 0.625,
        "full_results": {
          "acc,none": 0.6607744107744108,
          "acc_stderr,none": 0.009714917207765775,
          "acc_norm,none": 0.625,
          "acc_norm_stderr,none": 0.009933992677987828,
          "alias": "arc_easy"
        }
      },
      "arc_challenge": {
        "accuracy": 0.3839590443686007,
        "full_results": {
          "acc,none": 0.36177474402730375,
          "acc_stderr,none": 0.014041957945037995,
          "acc_norm,none": 0.3839590443686007,
          "acc_norm_stderr,none": 0.014212444980651792,
          "alias": "arc_challenge"
        }
      },
      "openbookqa": {
        "accuracy": 0.344,
        "full_results": {
          "acc,none": 0.238,
          "acc_stderr,none": 0.019064072958198387,
          "acc_norm,none": 0.344,
          "acc_norm_stderr,none": 0.021265758037978793,
          "alias": "openbookqa"
        }
      }
    },
    "avg_zeroshot_acc": 0.5925123125312257
  }
}