{
  "attention": {
    "0": 6.7166113900232,
    "1": 1.931240264511342,
    "2": 0.31135348437535537,
    "3": 0.2473900739142385,
    "4": 0.13820282087086344,
    "5": 0.08588291003907278,
    "6": 0.07251129626935437,
    "7": 0.059459348312555615,
    "8": 0.04432004978874593,
    "9": 0.06194285407963873,
    "10": 0.02541636689757354,
    "11": 0.01602861590359117,
    "12": 0.02785198342061923,
    "13": 0.03787257406771527,
    "14": 0.028179451704463787,
    "15": 0.03354310580077602,
    "16": 0.046198797401367564,
    "17": 0.06004016067556339,
    "18": 0.06060345066171147,
    "19": 0.06400822452940425,
    "20": 0.035668853891911656,
    "21": 0.030995948412607,
    "22": 0.03949376617305367,
    "23": 0.04737778297602091,
    "24": 0.023278026475561653,
    "25": 0.02142581334514615,
    "26": 0.03413724782348471,
    "27": 0.7500178480645325
  },
  "mlp": {
    "0": 1.1922107456214293,
    "1": 7.0690637622999315,
    "2": 3.754053115552368,
    "3": 2.9045826130158914,
    "4": 3.1752144511238627,
    "5": 1.677581876278801,
    "6": 0.43091697593469114,
    "7": 0.19916310550097993,
    "8": 0.12720897664035657,
    "9": 0.40717758831255724,
    "10": 0.12910411797879595,
    "11": 0.2518223736784635,
    "12": 0.20181955171464638,
    "13": 0.08532360446445786,
    "14": 0.056519469185741134,
    "15": 0.05501971940625916,
    "16": 0.043798226947656005,
    "17": 0.04246392299762025,
    "18": 0.05147897970596027,
    "19": 0.05208411851154393,
    "20": 0.06659948073012334,
    "21": 0.08072025230660307,
    "22": 0.13900694519665135,
    "23": 0.1368752171991794,
    "24": 0.148430998233255,
    "25": 0.191665170968931,
    "26": 0.33874044807172154,
    "27": 1.066467955681095
  }
}