{
  "model_path": "results/search_Mistral_layerwise_20/exp_017_taylor_seq_len256_taylor_num_samples64/pruned_model.bin",
  "timestamp": "2025-12-02T04:37:51.097742",
  "metrics": {
    "model_info": {
      "total_params": 5798420480,
      "trainable_params": 5798420480,
      "total_params_M": 5798.42048,
      "total_params_B": 5.79842048,
      "num_layers": 32,
      "module_params": {
        "embedding": 134217728,
        "lm_head": 134217728,
        "final_norm": 4096,
        "attention": 1342177280,
        "mlp": 4187541504,
        "input_layernorm": 131072,
        "post_attention_layernorm": 131072,
        "total_accounted": 5798420480,
        "unaccounted": 0,
        "match": true
      },
      "attention_params": 1342177280,
      "mlp_params": 4187541504,
      "attention_params_M": 1342.17728,
      "mlp_params_M": 4187.541504,
      "attention_ratio": 0.23147291311995366,
      "mlp_ratio": 0.7221865883034408,
      "model_size_mb": 11059.609619140625,
      "model_size_gb": 10.800400018692017
    },
    "ppl_quick_128": {
      "wikitext2 (wikitext-2-raw-v1)": 31.85053825378418,
      "ptb": 133.9475860595703
    },
    "ppl_standard_2048_512": {
      "wikitext2 (wikitext-2-raw-v1)": 17.368568420410156,
      "ptb": 116.06290435791016
    },
    "ppl": {
      "wikitext2 (wikitext-2-raw-v1)": 17.368568420410156,
      "ptb": 116.06290435791016
    },
    "zeroshot": {
      "boolq": {
        "accuracy": 0.6266055045871559,
        "full_results": {
          "acc,none": 0.6266055045871559,
          "acc_stderr,none": 0.00846006302118924,
          "alias": "boolq"
        }
      },
      "piqa": {
        "accuracy": 0.6789989118607181,
        "full_results": {
          "acc,none": 0.6817192600652884,
          "acc_stderr,none": 0.010868093932082195,
          "acc_norm,none": 0.6789989118607181,
          "acc_norm_stderr,none": 0.01089264157470797,
          "alias": "piqa"
        }
      },
      "hellaswag": {
        "accuracy": 0.49641505676160125,
        "full_results": {
          "acc,none": 0.37880900219079866,
          "acc_stderr,none": 0.004840990593494598,
          "acc_norm,none": 0.49641505676160125,
          "acc_norm_stderr,none": 0.004989653154272149,
          "alias": "hellaswag"
        }
      },
      "winogrande": {
        "accuracy": 0.5485398579321231,
        "full_results": {
          "acc,none": 0.5485398579321231,
          "acc_stderr,none": 0.013986110301017752,
          "alias": "winogrande"
        }
      },
      "arc_easy": {
        "accuracy": 0.5256734006734006,
        "full_results": {
          "acc,none": 0.5871212121212122,
          "acc_stderr,none": 0.010102837421104831,
          "acc_norm,none": 0.5256734006734006,
          "acc_norm_stderr,none": 0.010246249665591138,
          "alias": "arc_easy"
        }
      },
      "arc_challenge": {
        "accuracy": 0.28924914675767915,
        "full_results": {
          "acc,none": 0.2687713310580205,
          "acc_stderr,none": 0.012955065963710852,
          "acc_norm,none": 0.28924914675767915,
          "acc_norm_stderr,none": 0.01325001257939347,
          "alias": "arc_challenge"
        }
      },
      "openbookqa": {
        "accuracy": 0.334,
        "full_results": {
          "acc,none": 0.204,
          "acc_stderr,none": 0.01803936910413861,
          "acc_norm,none": 0.334,
          "acc_norm_stderr,none": 0.02111349234774381,
          "alias": "openbookqa"
        }
      }
    },
    "avg_zeroshot_acc": 0.49992598265323973
  }
}