{
  "model_path": "results/search_Llama_blockwise_20/exp_007_taylor_seq_len64_taylor_num_samples128/pruned_model.bin",
  "timestamp": "2025-12-01T00:53:20.127016",
  "metrics": {
    "model_info": {
      "total_params": 6424211456,
      "trainable_params": 6424211456,
      "total_params_M": 6424.211456,
      "total_params_B": 6.424211456,
      "num_layers": 32,
      "module_params": {
        "embedding": 525336576,
        "lm_head": 525336576,
        "final_norm": 4096,
        "attention": 1179648000,
        "mlp": 4193624064,
        "input_layernorm": 131072,
        "post_attention_layernorm": 131072,
        "total_accounted": 6424211456,
        "unaccounted": 0,
        "match": true
      },
      "attention_params": 1179648000,
      "mlp_params": 4193624064,
      "attention_params_M": 1179.648,
      "mlp_params_M": 4193.624064,
      "attention_ratio": 0.18362533800132746,
      "mlp_ratio": 0.6527842510668441,
      "model_size_mb": 12253.211181640625,
      "model_size_gb": 11.966026544570923
    },
    "ppl_quick_128": {
      "wikitext2 (wikitext-2-raw-v1)": 32.48517608642578,
      "ptb": 48.62515640258789
    },
    "ppl_standard_2048_512": {
      "wikitext2 (wikitext-2-raw-v1)": 13.171745300292969,
      "ptb": 17.73934555053711
    },
    "ppl": {
      "wikitext2 (wikitext-2-raw-v1)": 13.171745300292969,
      "ptb": 17.73934555053711
    },
    "zeroshot": {
      "boolq": {
        "accuracy": 0.7324159021406728,
        "full_results": {
          "acc,none": 0.7324159021406728,
          "acc_stderr,none": 0.007742862953407183,
          "alias": "boolq"
        }
      },
      "piqa": {
        "accuracy": 0.7301414581066377,
        "full_results": {
          "acc,none": 0.7230685527747551,
          "acc_stderr,none": 0.010440499969334648,
          "acc_norm,none": 0.7301414581066377,
          "acc_norm_stderr,none": 0.010356595421852079,
          "alias": "piqa"
        }
      },
      "hellaswag": {
        "accuracy": 0.6475801633140809,
        "full_results": {
          "acc,none": 0.4731129257120096,
          "acc_stderr,none": 0.004982561815214062,
          "acc_norm,none": 0.6475801633140809,
          "acc_norm_stderr,none": 0.004767475366689769,
          "alias": "hellaswag"
        }
      },
      "winogrande": {
        "accuracy": 0.6953433307024467,
        "full_results": {
          "acc,none": 0.6953433307024467,
          "acc_stderr,none": 0.012935646499325387,
          "alias": "winogrande"
        }
      },
      "arc_easy": {
        "accuracy": 0.5980639730639731,
        "full_results": {
          "acc,none": 0.6401515151515151,
          "acc_stderr,none": 0.009848484848484848,
          "acc_norm,none": 0.5980639730639731,
          "acc_norm_stderr,none": 0.010060521220920564,
          "alias": "arc_easy"
        }
      },
      "arc_challenge": {
        "accuracy": 0.3967576791808874,
        "full_results": {
          "acc,none": 0.3677474402730375,
          "acc_stderr,none": 0.01409099561816849,
          "acc_norm,none": 0.3967576791808874,
          "acc_norm_stderr,none": 0.014296513020180628,
          "alias": "arc_challenge"
        }
      },
      "openbookqa": {
        "accuracy": 0.386,
        "full_results": {
          "acc,none": 0.274,
          "acc_stderr,none": 0.019966103540279518,
          "acc_norm,none": 0.386,
          "acc_norm_stderr,none": 0.021793529219281196,
          "alias": "openbookqa"
        }
      }
    },
    "avg_zeroshot_acc": 0.5980432152155284
  }
}