{
  "model_path": "results/search_Llama_20/exp_010_taylor_seq_len128_taylor_num_samples128/pruned_model.bin",
  "timestamp": "2025-11-30T20:16:16.704541",
  "metrics": {
    "model_info": {
      "total_params": 6429442048,
      "trainable_params": 6429442048,
      "total_params_M": 6429.442048,
      "total_params_B": 6.429442048,
      "num_layers": 32,
      "module_params": {
        "embedding": 525336576,
        "lm_head": 525336576,
        "final_norm": 4096,
        "attention": 1232076800,
        "mlp": 4146425856,
        "input_layernorm": 131072,
        "post_attention_layernorm": 131072,
        "total_accounted": 6429442048,
        "unaccounted": 0,
        "match": true
      },
      "attention_params": 1232076800,
      "mlp_params": 4146425856,
      "attention_params_M": 1232.0768,
      "mlp_params_M": 4146.425856,
      "attention_ratio": 0.19163043866042168,
      "mlp_ratio": 0.644912237336337,
      "model_size_mb": 12263.187744140625,
      "model_size_gb": 11.975769281387329
    },
    "ppl_quick_128": {
      "wikitext2 (wikitext-2-raw-v1)": 32.801475524902344,
      "ptb": 50.713069915771484
    },
    "ppl_standard_2048_512": {
      "wikitext2 (wikitext-2-raw-v1)": 13.513177871704102,
      "ptb": 18.44847297668457
    },
    "ppl": {
      "wikitext2 (wikitext-2-raw-v1)": 13.513177871704102,
      "ptb": 18.44847297668457
    },
    "zeroshot": {
      "boolq": {
        "accuracy": 0.6571865443425077,
        "full_results": {
          "acc,none": 0.6571865443425077,
          "acc_stderr,none": 0.008301676410578726,
          "alias": "boolq"
        }
      },
      "piqa": {
        "accuracy": 0.7317736670293797,
        "full_results": {
          "acc,none": 0.7263329706202394,
          "acc_stderr,none": 0.010402184206229258,
          "acc_norm,none": 0.7317736670293797,
          "acc_norm_stderr,none": 0.010336761992404487,
          "alias": "piqa"
        }
      },
      "hellaswag": {
        "accuracy": 0.6218880701055567,
        "full_results": {
          "acc,none": 0.4565823541127266,
          "acc_stderr,none": 0.004970933420232098,
          "acc_norm,none": 0.6218880701055567,
          "acc_norm_stderr,none": 0.004839247332606088,
          "alias": "hellaswag"
        }
      },
      "winogrande": {
        "accuracy": 0.6685082872928176,
        "full_results": {
          "acc,none": 0.6685082872928176,
          "acc_stderr,none": 0.013230397198964612,
          "alias": "winogrande"
        }
      },
      "arc_easy": {
        "accuracy": 0.6073232323232324,
        "full_results": {
          "acc,none": 0.6574074074074074,
          "acc_stderr,none": 0.009738105469984307,
          "acc_norm,none": 0.6073232323232324,
          "acc_norm_stderr,none": 0.010020646555538661,
          "alias": "arc_easy"
        }
      },
      "arc_challenge": {
        "accuracy": 0.3651877133105802,
        "full_results": {
          "acc,none": 0.3412969283276451,
          "acc_stderr,none": 0.013855831287497686,
          "acc_norm,none": 0.3651877133105802,
          "acc_norm_stderr,none": 0.014070265519268777,
          "alias": "arc_challenge"
        }
      },
      "openbookqa": {
        "accuracy": 0.366,
        "full_results": {
          "acc,none": 0.272,
          "acc_stderr,none": 0.019920483209566107,
          "acc_norm,none": 0.366,
          "acc_norm_stderr,none": 0.021564276850201684,
          "alias": "openbookqa"
        }
      }
    },
    "avg_zeroshot_acc": 0.5739810734862962
  }
}