{
  "model_path": "results/search_Qwen_blockwise_20/exp_017_taylor_seq_len256_taylor_num_samples64/pruned_model.bin",
  "timestamp": "2025-12-03T01:03:17.321292",
  "metrics": {
    "model_info": {
      "total_params": 6092498944,
      "trainable_params": 6092498944,
      "total_params_M": 6092.498944,
      "total_params_B": 6.092498944,
      "num_layers": 28,
      "module_params": {
        "embedding": 544997376,
        "lm_head": 544997376,
        "final_norm": 3584,
        "attention": 822212608,
        "mlp": 4180087296,
        "input_layernorm": 100352,
        "post_attention_layernorm": 100352,
        "total_accounted": 6092498944,
        "unaccounted": 0,
        "match": true
      },
      "attention_params": 822212608,
      "mlp_params": 4180087296,
      "attention_params_M": 822.212608,
      "mlp_params_M": 4180.087296,
      "attention_ratio": 0.1349549036540629,
      "mlp_ratio": 0.6861039016045499,
      "model_size_mb": 11620.519775390625,
      "model_size_gb": 11.348163843154907
    },
    "ppl_quick_128": {
      "wikitext2 (wikitext-2-raw-v1)": 39.4085807800293,
      "ptb": 58.47407531738281
    },
    "ppl_standard_2048_512": {
      "wikitext2 (wikitext-2-raw-v1)": 15.484822273254395,
      "ptb": 20.938594818115234
    },
    "ppl": {
      "wikitext2 (wikitext-2-raw-v1)": 15.484822273254395,
      "ptb": 20.938594818115234
    },
    "zeroshot": {
      "boolq": {
        "accuracy": 0.8061162079510703,
        "full_results": {
          "acc,none": 0.8061162079510703,
          "acc_stderr,none": 0.006914521302473119,
          "alias": "boolq"
        }
      },
      "piqa": {
        "accuracy": 0.7127312295973884,
        "full_results": {
          "acc,none": 0.705658324265506,
          "acc_stderr,none": 0.010633311470347516,
          "acc_norm,none": 0.7127312295973884,
          "acc_norm_stderr,none": 0.010557291761528712,
          "alias": "piqa"
        }
      },
      "hellaswag": {
        "accuracy": 0.6258713403704441,
        "full_results": {
          "acc,none": 0.4613622784305915,
          "acc_stderr,none": 0.004974860878464459,
          "acc_norm,none": 0.6258713403704441,
          "acc_norm_stderr,none": 0.0048290815328266064,
          "alias": "hellaswag"
        }
      },
      "winogrande": {
        "accuracy": 0.67008681925809,
        "full_results": {
          "acc,none": 0.67008681925809,
          "acc_stderr,none": 0.01321443254251756,
          "alias": "winogrande"
        }
      },
      "arc_easy": {
        "accuracy": 0.6199494949494949,
        "full_results": {
          "acc,none": 0.6632996632996633,
          "acc_stderr,none": 0.009697166595752359,
          "acc_norm,none": 0.6199494949494949,
          "acc_norm_stderr,none": 0.009960175831493001,
          "alias": "arc_easy"
        }
      },
      "arc_challenge": {
        "accuracy": 0.38054607508532423,
        "full_results": {
          "acc,none": 0.3412969283276451,
          "acc_stderr,none": 0.013855831287497686,
          "acc_norm,none": 0.38054607508532423,
          "acc_norm_stderr,none": 0.014188277712349937,
          "alias": "arc_challenge"
        }
      },
      "openbookqa": {
        "accuracy": 0.338,
        "full_results": {
          "acc,none": 0.238,
          "acc_stderr,none": 0.019064072958198387,
          "acc_norm,none": 0.338,
          "acc_norm_stderr,none": 0.021175665695209452,
          "alias": "openbookqa"
        }
      }
    },
    "avg_zeroshot_acc": 0.593328738173116
  }
}