{
  "model_path": "results/search_Mistral_layerwise_20/exp_005_taylor_seq_len32_taylor_num_samples512/pruned_model.bin",
  "timestamp": "2025-12-02T13:41:42.112233",
  "metrics": {
    "model_info": {
      "total_params": 5798420480,
      "trainable_params": 5798420480,
      "total_params_M": 5798.42048,
      "total_params_B": 5.79842048,
      "num_layers": 32,
      "module_params": {
        "embedding": 134217728,
        "lm_head": 134217728,
        "final_norm": 4096,
        "attention": 1027604480,
        "mlp": 4502114304,
        "input_layernorm": 131072,
        "post_attention_layernorm": 131072,
        "total_accounted": 5798420480,
        "unaccounted": 0,
        "match": true
      },
      "attention_params": 1027604480,
      "mlp_params": 4502114304,
      "attention_params_M": 1027.60448,
      "mlp_params_M": 4502.114304,
      "attention_ratio": 0.1772214491074645,
      "mlp_ratio": 0.77643805231593,
      "model_size_mb": 11059.609619140625,
      "model_size_gb": 10.800400018692017
    },
    "ppl_quick_128": {
      "wikitext2 (wikitext-2-raw-v1)": 36.23067855834961,
      "ptb": 150.40274047851562
    },
    "ppl_standard_2048_512": {
      "wikitext2 (wikitext-2-raw-v1)": 15.46851921081543,
      "ptb": 153.15109252929688
    },
    "ppl": {
      "wikitext2 (wikitext-2-raw-v1)": 15.46851921081543,
      "ptb": 153.15109252929688
    },
    "zeroshot": {
      "boolq": {
        "accuracy": 0.5764525993883792,
        "full_results": {
          "acc,none": 0.5764525993883792,
          "acc_stderr,none": 0.008642220663071498,
          "alias": "boolq"
        }
      },
      "piqa": {
        "accuracy": 0.7393906420021763,
        "full_results": {
          "acc,none": 0.7459194776931447,
          "acc_stderr,none": 0.010157271999135166,
          "acc_norm,none": 0.7393906420021763,
          "acc_norm_stderr,none": 0.010241826155811836,
          "alias": "piqa"
        }
      },
      "hellaswag": {
        "accuracy": 0.49213304122684726,
        "full_results": {
          "acc,none": 0.37442740489942244,
          "acc_stderr,none": 0.00482985605860347,
          "acc_norm,none": 0.49213304122684726,
          "acc_norm_stderr,none": 0.00498916374765076,
          "alias": "hellaswag"
        }
      },
      "winogrande": {
        "accuracy": 0.5343330702446725,
        "full_results": {
          "acc,none": 0.5343330702446725,
          "acc_stderr,none": 0.014019317531542567,
          "alias": "winogrande"
        }
      },
      "arc_easy": {
        "accuracy": 0.4823232323232323,
        "full_results": {
          "acc,none": 0.5387205387205387,
          "acc_stderr,none": 0.010228972678389478,
          "acc_norm,none": 0.4823232323232323,
          "acc_norm_stderr,none": 0.010253369805699087,
          "alias": "arc_easy"
        }
      },
      "arc_challenge": {
        "accuracy": 0.3148464163822526,
        "full_results": {
          "acc,none": 0.2790102389078498,
          "acc_stderr,none": 0.013106784883601296,
          "acc_norm,none": 0.3148464163822526,
          "acc_norm_stderr,none": 0.013572657703084967,
          "alias": "arc_challenge"
        }
      },
      "openbookqa": {
        "accuracy": 0.318,
        "full_results": {
          "acc,none": 0.218,
          "acc_stderr,none": 0.01848337822317885,
          "acc_norm,none": 0.318,
          "acc_norm_stderr,none": 0.020847571620814014,
          "alias": "openbookqa"
        }
      }
    },
    "avg_zeroshot_acc": 0.49392557165250855
  }
}