{
  "model_path": "results/search_Qwen_blockwise_20/exp_013_taylor_seq_len128_taylor_num_samples128/pruned_model.bin",
  "timestamp": "2025-12-02T23:50:20.580657",
  "metrics": {
    "model_info": {
      "total_params": 6092498944,
      "trainable_params": 6092498944,
      "total_params_M": 6092.498944,
      "total_params_B": 6.092498944,
      "num_layers": 28,
      "module_params": {
        "embedding": 544997376,
        "lm_head": 544997376,
        "final_norm": 3584,
        "attention": 822212608,
        "mlp": 4180087296,
        "input_layernorm": 100352,
        "post_attention_layernorm": 100352,
        "total_accounted": 6092498944,
        "unaccounted": 0,
        "match": true
      },
      "attention_params": 822212608,
      "mlp_params": 4180087296,
      "attention_params_M": 822.212608,
      "mlp_params_M": 4180.087296,
      "attention_ratio": 0.1349549036540629,
      "mlp_ratio": 0.6861039016045499,
      "model_size_mb": 11620.519775390625,
      "model_size_gb": 11.348163843154907
    },
    "ppl_quick_128": {
      "wikitext2 (wikitext-2-raw-v1)": 37.72627639770508,
      "ptb": 54.790306091308594
    },
    "ppl_standard_2048_512": {
      "wikitext2 (wikitext-2-raw-v1)": 14.727227210998535,
      "ptb": 20.103124618530273
    },
    "ppl": {
      "wikitext2 (wikitext-2-raw-v1)": 14.727227210998535,
      "ptb": 20.103124618530273
    },
    "zeroshot": {
      "boolq": {
        "accuracy": 0.7975535168195719,
        "full_results": {
          "acc,none": 0.7975535168195719,
          "acc_stderr,none": 0.007027932397259822,
          "alias": "boolq"
        }
      },
      "piqa": {
        "accuracy": 0.7257889009793254,
        "full_results": {
          "acc,none": 0.7252448313384113,
          "acc_stderr,none": 0.010415033676676165,
          "acc_norm,none": 0.7257889009793254,
          "acc_norm_stderr,none": 0.010408618664933516,
          "alias": "piqa"
        }
      },
      "hellaswag": {
        "accuracy": 0.6316470822545309,
        "full_results": {
          "acc,none": 0.46345349531965746,
          "acc_stderr,none": 0.00497643438746986,
          "acc_norm,none": 0.6316470822545309,
          "acc_norm_stderr,none": 0.004813719952829762,
          "alias": "hellaswag"
        }
      },
      "winogrande": {
        "accuracy": 0.6708760852407262,
        "full_results": {
          "acc,none": 0.6708760852407262,
          "acc_stderr,none": 0.013206387089091502,
          "alias": "winogrande"
        }
      },
      "arc_easy": {
        "accuracy": 0.6321548821548821,
        "full_results": {
          "acc,none": 0.6582491582491582,
          "acc_stderr,none": 0.009732359564894466,
          "acc_norm,none": 0.6321548821548821,
          "acc_norm_stderr,none": 0.009894923464455033,
          "alias": "arc_easy"
        }
      },
      "arc_challenge": {
        "accuracy": 0.38054607508532423,
        "full_results": {
          "acc,none": 0.3651877133105802,
          "acc_stderr,none": 0.014070265519268777,
          "acc_norm,none": 0.38054607508532423,
          "acc_norm_stderr,none": 0.014188277712349937,
          "alias": "arc_challenge"
        }
      },
      "openbookqa": {
        "accuracy": 0.346,
        "full_results": {
          "acc,none": 0.236,
          "acc_stderr,none": 0.01900869962208476,
          "acc_norm,none": 0.346,
          "acc_norm_stderr,none": 0.021294951277234696,
          "alias": "openbookqa"
        }
      }
    },
    "avg_zeroshot_acc": 0.5977952203620516
  }
}