{
  "model_path": "results/search_Mistral-Instruct_blockwise_20/exp_005_taylor_seq_len32_taylor_num_samples512/pruned_model.bin",
  "timestamp": "2025-12-02T13:20:19.847075",
  "metrics": {
    "model_info": {
      "total_params": 5798428672,
      "trainable_params": 5798428672,
      "total_params_M": 5798.428672,
      "total_params_B": 5.798428672,
      "num_layers": 32,
      "module_params": {
        "embedding": 134217728,
        "lm_head": 134217728,
        "final_norm": 4096,
        "attention": 954204160,
        "mlp": 4575522816,
        "input_layernorm": 131072,
        "post_attention_layernorm": 131072,
        "total_accounted": 5798428672,
        "unaccounted": 0,
        "match": true
      },
      "attention_params": 954204160,
      "mlp_params": 4575522816,
      "attention_params_M": 954.20416,
      "mlp_params_M": 4575.522816,
      "attention_ratio": 0.16456254167749812,
      "mlp_ratio": 0.7890970252155928,
      "model_size_mb": 11059.625244140625,
      "model_size_gb": 10.800415277481079
    },
    "ppl_quick_128": {
      "wikitext2 (wikitext-2-raw-v1)": 29.84391975402832,
      "ptb": 224.70335388183594
    },
    "ppl_standard_2048_512": {
      "wikitext2 (wikitext-2-raw-v1)": 18.591442108154297,
      "ptb": 158.23800659179688
    },
    "ppl": {
      "wikitext2 (wikitext-2-raw-v1)": 18.591442108154297,
      "ptb": 158.23800659179688
    },
    "zeroshot": {
      "boolq": {
        "accuracy": 0.7648318042813456,
        "full_results": {
          "acc,none": 0.7648318042813456,
          "acc_stderr,none": 0.007417623789743531,
          "alias": "boolq"
        }
      },
      "piqa": {
        "accuracy": 0.8025027203482046,
        "full_results": {
          "acc,none": 0.7780195865070729,
          "acc_stderr,none": 0.009696120744662062,
          "acc_norm,none": 0.8025027203482046,
          "acc_norm_stderr,none": 0.009288578108523179,
          "alias": "piqa"
        }
      },
      "hellaswag": {
        "accuracy": 0.7318263294164509,
        "full_results": {
          "acc,none": 0.5379406492730532,
          "acc_stderr,none": 0.004975395163145653,
          "acc_norm,none": 0.7318263294164509,
          "acc_norm_stderr,none": 0.004421031403685433,
          "alias": "hellaswag"
        }
      },
      "winogrande": {
        "accuracy": 0.6045777426992897,
        "full_results": {
          "acc,none": 0.6045777426992897,
          "acc_stderr,none": 0.013741678387545343,
          "alias": "winogrande"
        }
      },
      "arc_easy": {
        "accuracy": 0.7504208754208754,
        "full_results": {
          "acc,none": 0.7584175084175084,
          "acc_stderr,none": 0.008783247004042158,
          "acc_norm,none": 0.7504208754208754,
          "acc_norm_stderr,none": 0.008880241465504186,
          "alias": "arc_easy"
        }
      },
      "arc_challenge": {
        "accuracy": 0.4931740614334471,
        "full_results": {
          "acc,none": 0.4872013651877133,
          "acc_stderr,none": 0.014606603181012609,
          "acc_norm,none": 0.4931740614334471,
          "acc_norm_stderr,none": 0.014610029151379957,
          "alias": "arc_challenge"
        }
      },
      "openbookqa": {
        "accuracy": 0.434,
        "full_results": {
          "acc,none": 0.32,
          "acc_stderr,none": 0.02088234048876172,
          "acc_norm,none": 0.434,
          "acc_norm_stderr,none": 0.02218721580302901,
          "alias": "openbookqa"
        }
      }
    },
    "avg_zeroshot_acc": 0.654476219085659
  }
}