{
  "model_path": "results/search_Qwen-Instruct_20/exp_020_taylor_seq_len256_taylor_num_samples512/pruned_model.bin",
  "timestamp": "2025-12-02T04:45:54.650277",
  "metrics": {
    "model_info": {
      "total_params": 6092498944,
      "trainable_params": 6092498944,
      "total_params_M": 6092.498944,
      "total_params_B": 6.092498944,
      "num_layers": 28,
      "module_params": {
        "embedding": 544997376,
        "lm_head": 544997376,
        "final_norm": 3584,
        "attention": 822212608,
        "mlp": 4180087296,
        "input_layernorm": 100352,
        "post_attention_layernorm": 100352,
        "total_accounted": 6092498944,
        "unaccounted": 0,
        "match": true
      },
      "attention_params": 822212608,
      "mlp_params": 4180087296,
      "attention_params_M": 822.212608,
      "mlp_params_M": 4180.087296,
      "attention_ratio": 0.1349549036540629,
      "mlp_ratio": 0.6861039016045499,
      "model_size_mb": 11620.519775390625,
      "model_size_gb": 11.348163843154907
    },
    "ppl_quick_128": {
      "wikitext2 (wikitext-2-raw-v1)": 72.7842025756836,
      "ptb": 108.61173248291016
    },
    "ppl_standard_2048_512": {
      "wikitext2 (wikitext-2-raw-v1)": 26.102149963378906,
      "ptb": 43.24271774291992
    },
    "ppl": {
      "wikitext2 (wikitext-2-raw-v1)": 26.102149963378906,
      "ptb": 43.24271774291992
    },
    "zeroshot": {
      "boolq": {
        "accuracy": 0.7042813455657493,
        "full_results": {
          "acc,none": 0.7042813455657493,
          "acc_stderr,none": 0.00798187630182263,
          "alias": "boolq"
        }
      },
      "piqa": {
        "accuracy": 0.6893362350380848,
        "full_results": {
          "acc,none": 0.6936887921653971,
          "acc_stderr,none": 0.010754970032367363,
          "acc_norm,none": 0.6893362350380848,
          "acc_norm_stderr,none": 0.010797078933727623,
          "alias": "piqa"
        }
      },
      "hellaswag": {
        "accuracy": 0.6134236207926708,
        "full_results": {
          "acc,none": 0.4695279824736108,
          "acc_stderr,none": 0.004980506329407518,
          "acc_norm,none": 0.6134236207926708,
          "acc_norm_stderr,none": 0.004859699562451894,
          "alias": "hellaswag"
        }
      },
      "winogrande": {
        "accuracy": 0.6377269139700079,
        "full_results": {
          "acc,none": 0.6377269139700079,
          "acc_stderr,none": 0.013508855476252477,
          "alias": "winogrande"
        }
      },
      "arc_easy": {
        "accuracy": 0.5989057239057239,
        "full_results": {
          "acc,none": 0.6296296296296297,
          "acc_stderr,none": 0.009908978578665758,
          "acc_norm,none": 0.5989057239057239,
          "acc_norm_stderr,none": 0.010057051106534468,
          "alias": "arc_easy"
        }
      },
      "arc_challenge": {
        "accuracy": 0.4069965870307167,
        "full_results": {
          "acc,none": 0.3873720136518771,
          "acc_stderr,none": 0.014235872487909897,
          "acc_norm,none": 0.4069965870307167,
          "acc_norm_stderr,none": 0.014356399418009202,
          "alias": "arc_challenge"
        }
      },
      "openbookqa": {
        "accuracy": 0.35,
        "full_results": {
          "acc,none": 0.22,
          "acc_stderr,none": 0.01854421137582028,
          "acc_norm,none": 0.35,
          "acc_norm_stderr,none": 0.021352091786223066,
          "alias": "openbookqa"
        }
      }
    },
    "avg_zeroshot_acc": 0.5715243466147076
  }
}