{
  "model_path": "results/Llama-3-8B-Instruct/Taylor_grandient_dignose/pruned_model.bin",
  "timestamp": "2025-11-30T14:00:22.687101",
  "metrics": {
    "model_info": {
      "total_params": 6424219648,
      "trainable_params": 6424219648,
      "total_params_M": 6424.219648,
      "total_params_B": 6.424219648,
      "num_layers": 32,
      "module_params": {
        "embedding": 525336576,
        "lm_head": 525336576,
        "final_norm": 4096,
        "attention": 1184890880,
        "mlp": 4188389376,
        "input_layernorm": 131072,
        "post_attention_layernorm": 131072,
        "total_accounted": 6424219648,
        "unaccounted": 0,
        "match": true
      },
      "attention_params": 1184890880,
      "mlp_params": 4188389376,
      "attention_params_M": 1184.89088,
      "mlp_params_M": 4188.389376,
      "attention_ratio": 0.18444121541966307,
      "mlp_ratio": 0.6519685822548015,
      "model_size_mb": 12253.226806640625,
      "model_size_gb": 11.966041803359985
    },
    "ppl_quick_128": {
      "wikitext2 (wikitext-2-raw-v1)": 47.09086990356445,
      "ptb": 84.46031188964844
    },
    "ppl_standard_2048_512": {
      "wikitext2 (wikitext-2-raw-v1)": 18.759136199951172,
      "ptb": 30.2337589263916
    },
    "ppl": {
      "wikitext2 (wikitext-2-raw-v1)": 18.759136199951172,
      "ptb": 30.2337589263916
    },
    "zeroshot": {
      "boolq": {
        "accuracy": 0.689908256880734,
        "full_results": {
          "acc,none": 0.689908256880734,
          "acc_stderr,none": 0.008089716685417832,
          "alias": "boolq"
        }
      },
      "piqa": {
        "accuracy": 0.7334058759521219,
        "full_results": {
          "acc,none": 0.7225244831338411,
          "acc_stderr,none": 0.010446818281039905,
          "acc_norm,none": 0.7334058759521219,
          "acc_norm_stderr,none": 0.010316749863541436,
          "alias": "piqa"
        }
      },
      "hellaswag": {
        "accuracy": 0.6490738896634136,
        "full_results": {
          "acc,none": 0.4642501493726349,
          "acc_stderr,none": 0.00497701067043624,
          "acc_norm,none": 0.6490738896634136,
          "acc_norm_stderr,none": 0.0047628447709098945,
          "alias": "hellaswag"
        }
      },
      "winogrande": {
        "accuracy": 0.6764009471191792,
        "full_results": {
          "acc,none": 0.6764009471191792,
          "acc_stderr,none": 0.013148883320923054,
          "alias": "winogrande"
        }
      },
      "arc_easy": {
        "accuracy": 0.7053872053872053,
        "full_results": {
          "acc,none": 0.7268518518518519,
          "acc_stderr,none": 0.009143032718360162,
          "acc_norm,none": 0.7053872053872053,
          "acc_norm_stderr,none": 0.009354224395837284,
          "alias": "arc_easy"
        }
      },
      "arc_challenge": {
        "accuracy": 0.44283276450511944,
        "full_results": {
          "acc,none": 0.4129692832764505,
          "acc_stderr,none": 0.014388344935398392,
          "acc_norm,none": 0.44283276450511944,
          "acc_norm_stderr,none": 0.01451557387334892,
          "alias": "arc_challenge"
        }
      },
      "openbookqa": {
        "accuracy": 0.362,
        "full_results": {
          "acc,none": 0.258,
          "acc_stderr,none": 0.019586711785215868,
          "acc_norm,none": 0.362,
          "acc_norm_stderr,none": 0.02151366252758236,
          "alias": "openbookqa"
        }
      }
    },
    "avg_zeroshot_acc": 0.6084298485011105,
    "efficiency": {
      "model_info": {
        "total_params": 6424219648,
        "trainable_params": 6424219648,
        "total_params_M": 6424.219648,
        "total_params_B": 6.424219648,
        "num_layers": 32,
        "module_params": {
          "embedding": 525336576,
          "lm_head": 525336576,
          "final_norm": 4096,
          "attention": 1184890880,
          "mlp": 4188389376,
          "input_layernorm": 131072,
          "post_attention_layernorm": 131072,
          "total_accounted": 6424219648,
          "unaccounted": 0,
          "match": true
        },
        "attention_params": 1184890880,
        "mlp_params": 4188389376,
        "attention_params_M": 1184.89088,
        "mlp_params_M": 4188.389376,
        "attention_ratio": 0.18444121541966307,
        "mlp_ratio": 0.6519685822548015,
        "model_size_mb": 12253.226806640625,
        "model_size_gb": 11.966041803359985
      },
      "speed": {
        "batch_size_1": {
          "throughput_tokens_per_sec": 29.236317321634758,
          "latency_ms_per_token": 34.20403428375721,
          "total_time_sec": 218.90581941604614,
          "total_tokens": 6400
        },
        "batch_size_4": {
          "throughput_tokens_per_sec": 110.57086014130377,
          "latency_ms_per_token": 9.043974142211178,
          "total_time_sec": 55.56617712974548,
          "total_tokens": 6144
        }
      },
      "memory": {
        "model_memory_mb": 39987.82177734375,
        "inference_peak_mb": 40081.26611328125
      }
    }
  }
}