{
  "model_path": "results/search_Mistral-Instruct_blockwise_20/exp_006_taylor_seq_len64_taylor_num_samples4/pruned_model.bin",
  "timestamp": "2025-12-02T13:37:44.344318",
  "metrics": {
    "model_info": {
      "total_params": 5798428672,
      "trainable_params": 5798428672,
      "total_params_M": 5798.428672,
      "total_params_B": 5.798428672,
      "num_layers": 32,
      "module_params": {
        "embedding": 134217728,
        "lm_head": 134217728,
        "final_norm": 4096,
        "attention": 875560960,
        "mlp": 4654166016,
        "input_layernorm": 131072,
        "post_attention_layernorm": 131072,
        "total_accounted": 5798428672,
        "unaccounted": 0,
        "match": true
      },
      "attention_params": 875560960,
      "mlp_params": 4654166016,
      "attention_params_M": 875.56096,
      "mlp_params_M": 4654.166016,
      "attention_ratio": 0.15099969483594605,
      "mlp_ratio": 0.8026598720571448,
      "model_size_mb": 11059.625244140625,
      "model_size_gb": 10.800415277481079
    },
    "ppl_quick_128": {
      "wikitext2 (wikitext-2-raw-v1)": 278.24896240234375,
      "ptb": 405.17523193359375
    },
    "ppl_standard_2048_512": {
      "wikitext2 (wikitext-2-raw-v1)": 58.76637268066406,
      "ptb": 298.41778564453125
    },
    "ppl": {
      "wikitext2 (wikitext-2-raw-v1)": 58.76637268066406,
      "ptb": 298.41778564453125
    },
    "zeroshot": {
      "boolq": {
        "accuracy": 0.6446483180428134,
        "full_results": {
          "acc,none": 0.6446483180428134,
          "acc_stderr,none": 0.00837111203475957,
          "alias": "boolq"
        }
      },
      "piqa": {
        "accuracy": 0.6866158868335147,
        "full_results": {
          "acc,none": 0.6833514689880305,
          "acc_stderr,none": 0.01085316053197854,
          "acc_norm,none": 0.6866158868335147,
          "acc_norm_stderr,none": 0.010822829929195407,
          "alias": "piqa"
        }
      },
      "hellaswag": {
        "accuracy": 0.5868352917745469,
        "full_results": {
          "acc,none": 0.445628360884286,
          "acc_stderr,none": 0.004960191341430118,
          "acc_norm,none": 0.5868352917745469,
          "acc_norm_stderr,none": 0.004913955705080158,
          "alias": "hellaswag"
        }
      },
      "winogrande": {
        "accuracy": 0.5177584846093133,
        "full_results": {
          "acc,none": 0.5177584846093133,
          "acc_stderr,none": 0.014043619596174988,
          "alias": "winogrande"
        }
      },
      "arc_easy": {
        "accuracy": 0.4255050505050505,
        "full_results": {
          "acc,none": 0.4431818181818182,
          "acc_stderr,none": 0.010193324837773436,
          "acc_norm,none": 0.4255050505050505,
          "acc_norm_stderr,none": 0.01014527118259111,
          "alias": "arc_easy"
        }
      },
      "arc_challenge": {
        "accuracy": 0.3122866894197952,
        "full_results": {
          "acc,none": 0.28754266211604096,
          "acc_stderr,none": 0.013226719056266044,
          "acc_norm,none": 0.3122866894197952,
          "acc_norm_stderr,none": 0.013542598541688069,
          "alias": "arc_challenge"
        }
      },
      "openbookqa": {
        "accuracy": 0.264,
        "full_results": {
          "acc,none": 0.14,
          "acc_stderr,none": 0.015533272840269705,
          "acc_norm,none": 0.264,
          "acc_norm_stderr,none": 0.01973288558592215,
          "alias": "openbookqa"
        }
      }
    },
    "avg_zeroshot_acc": 0.4910928173121477
  }
}