{
  "params": {},
  "metrics": {
    "acc_mean": 0.5444460281922503,
    "ppl": 9.725076675415039,
    "grad_norm_ratio": 10.71940002699822
  },
  "output_dir": "results/search_Mistral_20/exp_007_taylor_seq_len64_taylor_num_samples128"
}