{
  "extreme_pruning_layers": [
    {
      "layer_idx": 28,
      "pruning_rate": 0.7008231026785714,
      "importance": 0.15683635643550328,
      "gradient_mean": 0.002365524156226052,
      "gradient_norm": 20.36326730913586
    },
    {
      "layer_idx": 29,
      "pruning_rate": 0.9079241071428571,
      "importance": 0.15357208677700587,
      "gradient_mean": 0.002812515426841047,
      "gradient_norm": 27.022324045499165
    },
    {
      "layer_idx": 30,
      "pruning_rate": 0.962890625,
      "importance": 0.17201350842203414,
      "gradient_mean": 0.0026479770118991532,
      "gradient_norm": 36.24238724841012
    },
    {
      "layer_idx": 31,
      "pruning_rate": 0.9756556919642857,
      "importance": 0.17227583272116526,
      "gradient_mean": 0.003490754092733065,
      "gradient_norm": 49.174941539764404
    }
  ],
  "num_extreme_layers": 4,
  "gradient_statistics": {
    "mean_range": [
      0.0023203834684358705,
      0.01259578847222858
    ],
    "mean_ratio": 5.428321698002359,
    "norm_range": [
      19.03744305504693,
      443.3076074388292
    ],
    "norm_ratio": 23.286089741919277
  },
  "diagnosis": []
}