{
  "0": 4.592861175537109,
  "1": 4.165739297866821,
  "2": 0.08735650777816772,
  "3": 0.07649829983711243,
  "4": 0.09227460622787476,
  "5": 0.10503202676773071,
  "6": 0.02093014121055603,
  "7": 0.026843637228012085,
  "8": 0.06406748294830322,
  "9": 0.03164708614349365,
  "10": 0.05069625377655029,
  "11": -0.006196498870849609,
  "12": 0.024468332529067993,
  "13": 0.025192290544509888,
  "14": 0.022512108087539673,
  "15": 0.04391035437583923,
  "16": 0.05011552572250366,
  "17": 0.047282516956329346,
  "18": 0.12154644727706909,
  "19": 0.25827425718307495,
  "20": 0.1530894637107849,
  "21": 0.022919684648513794,
  "22": 0.05075925588607788,
  "23": 0.04244384169578552,
  "24": 0.05826801061630249,
  "25": 0.09875500202178955,
  "26": 0.03710126876831055,
  "27": 0.08544188737869263,
  "28": 0.13023343682289124,
  "29": 0.13012290000915527,
  "30": 0.03581497073173523,
  "31": 0.34078484773635864
}