{
  "0": 6.4198820707211235,
  "1": 4.012678697584574,
  "2": 0.254843923087432,
  "3": 0.21780084468122585,
  "4": 0.18338064484507122,
  "5": 0.16226666549284507,
  "6": 0.14059036606197406,
  "7": 0.134459901728734,
  "8": 0.09558805511376578,
  "9": 0.09480648087192556,
  "10": 0.08339388442930762,
  "11": 0.09418770178827529,
  "12": 0.09388833846258615,
  "13": 0.11243507353316229,
  "14": 0.12163291250433872,
  "15": 0.1457250054008865,
  "16": 0.1775791304505132,
  "17": 0.1852975427175978,
  "18": 0.19004154125478046,
  "19": 0.13042106890232752,
  "20": 0.15048955268577613,
  "21": 0.156841616114352,
  "22": 0.13556399206134762,
  "23": 0.12655666134439159,
  "24": 0.13277348629039398,
  "25": 0.09868041232367553,
  "26": 0.10317922024712001,
  "27": 0.13235269131318805,
  "28": 0.1388676677351799,
  "29": 0.22655826346525165,
  "30": 0.4218448480713035,
  "31": 1.5129138826952548
}