{
  "extreme_pruning_layers": [
    {
      "layer_idx": 18,
      "pruning_rate": 0.5247571790540541,
      "importance": 12.567220120816618,
      "gradient_mean": 0.23599784503070018,
      "gradient_norm": 501.9676105727752
    },
    {
      "layer_idx": 26,
      "pruning_rate": 0.6521326013513513,
      "importance": 3.25704854887885,
      "gradient_mean": 0.08269275356239329,
      "gradient_norm": 364.5219224020839
    }
  ],
  "num_extreme_layers": 2,
  "gradient_statistics": {
    "mean_range": [
      0.052565057490331434,
      0.6575081047291557
    ],
    "mean_ratio": 12.508463509228505,
    "norm_range": [
      331.5378271304071,
      692.7044850091139
    ],
    "norm_ratio": 2.089367873960387
  },
  "diagnosis": []
}