{
  "extreme_pruning_layers": [
    {
      "layer_idx": 11,
      "pruning_rate": 0.5079520089285714,
      "importance": 0.01858955275799547,
      "gradient_mean": 0.0003585418065388997,
      "gradient_norm": 1.5022922092013888
    },
    {
      "layer_idx": 12,
      "pruning_rate": 0.5179966517857143,
      "importance": 0.018632322815912112,
      "gradient_mean": 0.0003786815537346734,
      "gradient_norm": 1.4568888346354167
    }
  ],
  "num_extreme_layers": 2,
  "gradient_statistics": {
    "mean_range": [
      0.00030940108829074435,
      0.0011066264576382106
    ],
    "mean_ratio": 3.576671646775686,
    "norm_range": [
      1.3781195746527777,
      7.148328993055555
    ],
    "norm_ratio": 5.187016514396366
  },
  "diagnosis": []
}