{
  "model_path": "results/search_Mistral-Instruct_layerwise_20/exp_005_taylor_seq_len32_taylor_num_samples512/pruned_model.bin",
  "timestamp": "2025-12-02T13:02:02.429731",
  "metrics": {
    "model_info": {
      "total_params": 5798424576,
      "trainable_params": 5798424576,
      "total_params_M": 5798.424576,
      "total_params_B": 5.798424576,
      "num_layers": 32,
      "module_params": {
        "embedding": 134217728,
        "lm_head": 134217728,
        "final_norm": 4096,
        "attention": 1038090240,
        "mlp": 4491632640,
        "input_layernorm": 131072,
        "post_attention_layernorm": 131072,
        "total_accounted": 5798424576,
        "unaccounted": 0,
        "match": true
      },
      "attention_params": 1038090240,
      "mlp_params": 4491632640,
      "attention_params_M": 1038.09024,
      "mlp_params_M": 4491.63264,
      "attention_ratio": 0.1790297047747612,
      "mlp_ratio": 0.7746298293835046,
      "model_size_mb": 11059.617431640625,
      "model_size_gb": 10.800407648086548
    },
    "ppl_quick_128": {
      "wikitext2 (wikitext-2-raw-v1)": 22.412410736083984,
      "ptb": 150.34307861328125
    },
    "ppl_standard_2048_512": {
      "wikitext2 (wikitext-2-raw-v1)": 12.741257667541504,
      "ptb": 92.14989471435547
    },
    "ppl": {
      "wikitext2 (wikitext-2-raw-v1)": 12.741257667541504,
      "ptb": 92.14989471435547
    },
    "zeroshot": {
      "boolq": {
        "accuracy": 0.6987767584097859,
        "full_results": {
          "acc,none": 0.6987767584097859,
          "acc_stderr,none": 0.008024278704994172,
          "alias": "boolq"
        }
      },
      "piqa": {
        "accuracy": 0.7916213275299239,
        "full_results": {
          "acc,none": 0.7845484221980413,
          "acc_stderr,none": 0.009592463115658116,
          "acc_norm,none": 0.7916213275299239,
          "acc_norm_stderr,none": 0.009476125383049634,
          "alias": "piqa"
        }
      },
      "hellaswag": {
        "accuracy": 0.6761601274646485,
        "full_results": {
          "acc,none": 0.4958175662218682,
          "acc_stderr,none": 0.0049896068383714276,
          "acc_norm,none": 0.6761601274646485,
          "acc_norm_stderr,none": 0.004669834130977185,
          "alias": "hellaswag"
        }
      },
      "winogrande": {
        "accuracy": 0.5943172849250198,
        "full_results": {
          "acc,none": 0.5943172849250198,
          "acc_stderr,none": 0.013800206336014186,
          "alias": "winogrande"
        }
      },
      "arc_easy": {
        "accuracy": 0.7011784511784511,
        "full_results": {
          "acc,none": 0.7218013468013468,
          "acc_stderr,none": 0.00919505960158374,
          "acc_norm,none": 0.7011784511784511,
          "acc_norm_stderr,none": 0.009392656275408705,
          "alias": "arc_easy"
        }
      },
      "arc_challenge": {
        "accuracy": 0.4308873720136519,
        "full_results": {
          "acc,none": 0.4069965870307167,
          "acc_stderr,none": 0.014356399418009202,
          "acc_norm,none": 0.4308873720136519,
          "acc_norm_stderr,none": 0.014471133392642476,
          "alias": "arc_challenge"
        }
      },
      "openbookqa": {
        "accuracy": 0.43,
        "full_results": {
          "acc,none": 0.28,
          "acc_stderr,none": 0.020099950647503192,
          "acc_norm,none": 0.43,
          "acc_norm_stderr,none": 0.02216263442665287,
          "alias": "openbookqa"
        }
      }
    },
    "avg_zeroshot_acc": 0.6175630459316401
  }
}