{
  "model_path": "results/search_Qwen-Instruct_blockwise_20/exp_011_taylor_seq_len128_taylor_num_samples4/pruned_model.bin",
  "timestamp": "2025-12-02T23:12:59.535022",
  "metrics": {
    "model_info": {
      "total_params": 6092487552,
      "trainable_params": 6092487552,
      "total_params_M": 6092.487552,
      "total_params_B": 6.092487552,
      "num_layers": 28,
      "module_params": {
        "embedding": 544997376,
        "lm_head": 544997376,
        "final_norm": 3584,
        "attention": 726777216,
        "mlp": 4275511296,
        "input_layernorm": 100352,
        "post_attention_layernorm": 100352,
        "total_accounted": 6092487552,
        "unaccounted": 0,
        "match": true
      },
      "attention_params": 726777216,
      "mlp_params": 4275511296,
      "attention_params_M": 726.777216,
      "mlp_params_M": 4275.511296,
      "attention_ratio": 0.11929071824880767,
      "mlp_ratio": 0.7017677524177238,
      "model_size_mb": 11620.498046875,
      "model_size_gb": 11.348142623901367
    },
    "ppl_quick_128": {
      "wikitext2 (wikitext-2-raw-v1)": 34.28895950317383,
      "ptb": 65.54993438720703
    },
    "ppl_standard_2048_512": {
      "wikitext2 (wikitext-2-raw-v1)": 15.893791198730469,
      "ptb": 24.93187713623047
    },
    "ppl": {
      "wikitext2 (wikitext-2-raw-v1)": 15.893791198730469,
      "ptb": 24.93187713623047
    },
    "zeroshot": {
      "boolq": {
        "accuracy": 0.7397553516819572,
        "full_results": {
          "acc,none": 0.7397553516819572,
          "acc_stderr,none": 0.00767410083315224,
          "alias": "boolq"
        }
      },
      "piqa": {
        "accuracy": 0.7110990206746464,
        "full_results": {
          "acc,none": 0.7143634385201306,
          "acc_stderr,none": 0.010539303948661828,
          "acc_norm,none": 0.7110990206746464,
          "acc_norm_stderr,none": 0.010575111841365037,
          "alias": "piqa"
        }
      },
      "hellaswag": {
        "accuracy": 0.6564429396534555,
        "full_results": {
          "acc,none": 0.4738099980083649,
          "acc_stderr,none": 0.004982931565946406,
          "acc_norm,none": 0.6564429396534555,
          "acc_norm_stderr,none": 0.004739248118118071,
          "alias": "hellaswag"
        }
      },
      "winogrande": {
        "accuracy": 0.5880031570639306,
        "full_results": {
          "acc,none": 0.5880031570639306,
          "acc_stderr,none": 0.013833112857645984,
          "alias": "winogrande"
        }
      },
      "arc_easy": {
        "accuracy": 0.6456228956228957,
        "full_results": {
          "acc,none": 0.6830808080808081,
          "acc_stderr,none": 0.009547254611446178,
          "acc_norm,none": 0.6456228956228957,
          "acc_norm_stderr,none": 0.009815004030251541,
          "alias": "arc_easy"
        }
      },
      "arc_challenge": {
        "accuracy": 0.40273037542662116,
        "full_results": {
          "acc,none": 0.3796928327645051,
          "acc_stderr,none": 0.014182119866974712,
          "acc_norm,none": 0.40273037542662116,
          "acc_norm_stderr,none": 0.01433223630679021,
          "alias": "arc_challenge"
        }
      },
      "openbookqa": {
        "accuracy": 0.404,
        "full_results": {
          "acc,none": 0.296,
          "acc_stderr,none": 0.020435342091896222,
          "acc_norm,none": 0.404,
          "acc_norm_stderr,none": 0.021966635293832883,
          "alias": "openbookqa"
        }
      }
    },
    "avg_zeroshot_acc": 0.5925219628747866
  }
}