{
  "model_path": "results/search_Qwen_blockwise_20/exp_020_taylor_seq_len256_taylor_num_samples512/pruned_model.bin",
  "timestamp": "2025-12-03T02:01:40.182725",
  "metrics": {
    "model_info": {
      "total_params": 6092498944,
      "trainable_params": 6092498944,
      "total_params_M": 6092.498944,
      "total_params_B": 6.092498944,
      "num_layers": 28,
      "module_params": {
        "embedding": 544997376,
        "lm_head": 544997376,
        "final_norm": 3584,
        "attention": 822212608,
        "mlp": 4180087296,
        "input_layernorm": 100352,
        "post_attention_layernorm": 100352,
        "total_accounted": 6092498944,
        "unaccounted": 0,
        "match": true
      },
      "attention_params": 822212608,
      "mlp_params": 4180087296,
      "attention_params_M": 822.212608,
      "mlp_params_M": 4180.087296,
      "attention_ratio": 0.1349549036540629,
      "mlp_ratio": 0.6861039016045499,
      "model_size_mb": 11620.519775390625,
      "model_size_gb": 11.348163843154907
    },
    "ppl_quick_128": {
      "wikitext2 (wikitext-2-raw-v1)": 38.94382095336914,
      "ptb": 56.69107437133789
    },
    "ppl_standard_2048_512": {
      "wikitext2 (wikitext-2-raw-v1)": 15.285987854003906,
      "ptb": 20.469772338867188
    },
    "ppl": {
      "wikitext2 (wikitext-2-raw-v1)": 15.285987854003906,
      "ptb": 20.469772338867188
    },
    "zeroshot": {
      "boolq": {
        "accuracy": 0.7474006116207951,
        "full_results": {
          "acc,none": 0.7474006116207951,
          "acc_stderr,none": 0.00759950686220406,
          "alias": "boolq"
        }
      },
      "piqa": {
        "accuracy": 0.7138193688792165,
        "full_results": {
          "acc,none": 0.7078346028291621,
          "acc_stderr,none": 0.010610252174513776,
          "acc_norm,none": 0.7138193688792165,
          "acc_norm_stderr,none": 0.010545318576106678,
          "alias": "piqa"
        }
      },
      "hellaswag": {
        "accuracy": 0.626867157936666,
        "full_results": {
          "acc,none": 0.46554471220872334,
          "acc_stderr,none": 0.004977919906875265,
          "acc_norm,none": 0.626867157936666,
          "acc_norm_stderr,none": 0.004826485582191187,
          "alias": "hellaswag"
        }
      },
      "winogrande": {
        "accuracy": 0.6535122336227308,
        "full_results": {
          "acc,none": 0.6535122336227308,
          "acc_stderr,none": 0.013373773411685615,
          "alias": "winogrande"
        }
      },
      "arc_easy": {
        "accuracy": 0.6367845117845118,
        "full_results": {
          "acc,none": 0.6725589225589226,
          "acc_stderr,none": 0.009629415859100505,
          "acc_norm,none": 0.6367845117845118,
          "acc_norm_stderr,none": 0.009868397136118761,
          "alias": "arc_easy"
        }
      },
      "arc_challenge": {
        "accuracy": 0.3873720136518771,
        "full_results": {
          "acc,none": 0.3677474402730375,
          "acc_stderr,none": 0.01409099561816849,
          "acc_norm,none": 0.3873720136518771,
          "acc_norm_stderr,none": 0.014235872487909897,
          "alias": "arc_challenge"
        }
      },
      "openbookqa": {
        "accuracy": 0.338,
        "full_results": {
          "acc,none": 0.23,
          "acc_stderr,none": 0.018839050391123182,
          "acc_norm,none": 0.338,
          "acc_norm_stderr,none": 0.021175665695209452,
          "alias": "openbookqa"
        }
      }
    },
    "avg_zeroshot_acc": 0.5862508424993996
  }
}