{
  "model_path": "results/search_Qwen_20/exp_013_taylor_seq_len128_taylor_num_samples128/pruned_model.bin",
  "timestamp": "2025-12-02T03:21:25.900006",
  "metrics": {
    "model_info": {
      "total_params": 6092498944,
      "trainable_params": 6092498944,
      "total_params_M": 6092.498944,
      "total_params_B": 6.092498944,
      "num_layers": 28,
      "module_params": {
        "embedding": 544997376,
        "lm_head": 544997376,
        "final_norm": 3584,
        "attention": 822212608,
        "mlp": 4180087296,
        "input_layernorm": 100352,
        "post_attention_layernorm": 100352,
        "total_accounted": 6092498944,
        "unaccounted": 0,
        "match": true
      },
      "attention_params": 822212608,
      "mlp_params": 4180087296,
      "attention_params_M": 822.212608,
      "mlp_params_M": 4180.087296,
      "attention_ratio": 0.1349549036540629,
      "mlp_ratio": 0.6861039016045499,
      "model_size_mb": 11620.519775390625,
      "model_size_gb": 11.348163843154907
    },
    "ppl_quick_128": {
      "wikitext2 (wikitext-2-raw-v1)": 40.716087341308594,
      "ptb": 60.297542572021484
    },
    "ppl_standard_2048_512": {
      "wikitext2 (wikitext-2-raw-v1)": 15.88283920288086,
      "ptb": 21.715744018554688
    },
    "ppl": {
      "wikitext2 (wikitext-2-raw-v1)": 15.88283920288086,
      "ptb": 21.715744018554688
    },
    "zeroshot": {
      "boolq": {
        "accuracy": 0.7938837920489297,
        "full_results": {
          "acc,none": 0.7938837920489297,
          "acc_stderr,none": 0.007075010347673162,
          "alias": "boolq"
        }
      },
      "piqa": {
        "accuracy": 0.7252448313384113,
        "full_results": {
          "acc,none": 0.7072905331882481,
          "acc_stderr,none": 0.010616044462393127,
          "acc_norm,none": 0.7252448313384113,
          "acc_norm_stderr,none": 0.010415033676676165,
          "alias": "piqa"
        }
      },
      "hellaswag": {
        "accuracy": 0.6352320254929297,
        "full_results": {
          "acc,none": 0.46873132842063336,
          "acc_stderr,none": 0.004980014536540145,
          "acc_norm,none": 0.6352320254929297,
          "acc_norm_stderr,none": 0.0048038126319949635,
          "alias": "hellaswag"
        }
      },
      "winogrande": {
        "accuracy": 0.648776637726914,
        "full_results": {
          "acc,none": 0.648776637726914,
          "acc_stderr,none": 0.013415981370545133,
          "alias": "winogrande"
        }
      },
      "arc_easy": {
        "accuracy": 0.6401515151515151,
        "full_results": {
          "acc,none": 0.6683501683501684,
          "acc_stderr,none": 0.00966073378092379,
          "acc_norm,none": 0.6401515151515151,
          "acc_norm_stderr,none": 0.009848484848484848,
          "alias": "arc_easy"
        }
      },
      "arc_challenge": {
        "accuracy": 0.41467576791808874,
        "full_results": {
          "acc,none": 0.38054607508532423,
          "acc_stderr,none": 0.014188277712349937,
          "acc_norm,none": 0.41467576791808874,
          "acc_norm_stderr,none": 0.014397070564409184,
          "alias": "arc_challenge"
        }
      },
      "openbookqa": {
        "accuracy": 0.344,
        "full_results": {
          "acc,none": 0.238,
          "acc_stderr,none": 0.019064072958198387,
          "acc_norm,none": 0.344,
          "acc_norm_stderr,none": 0.021265758037978793,
          "alias": "openbookqa"
        }
      }
    },
    "avg_zeroshot_acc": 0.6002806528109698
  }
}