{
  "model_path": "results/search_Qwen_20/exp_010_taylor_seq_len64_taylor_num_samples512/pruned_model.bin",
  "timestamp": "2025-12-02T02:32:00.044258",
  "metrics": {
    "model_info": {
      "total_params": 6092498944,
      "trainable_params": 6092498944,
      "total_params_M": 6092.498944,
      "total_params_B": 6.092498944,
      "num_layers": 28,
      "module_params": {
        "embedding": 544997376,
        "lm_head": 544997376,
        "final_norm": 3584,
        "attention": 822212608,
        "mlp": 4180087296,
        "input_layernorm": 100352,
        "post_attention_layernorm": 100352,
        "total_accounted": 6092498944,
        "unaccounted": 0,
        "match": true
      },
      "attention_params": 822212608,
      "mlp_params": 4180087296,
      "attention_params_M": 822.212608,
      "mlp_params_M": 4180.087296,
      "attention_ratio": 0.1349549036540629,
      "mlp_ratio": 0.6861039016045499,
      "model_size_mb": 11620.519775390625,
      "model_size_gb": 11.348163843154907
    },
    "ppl_quick_128": {
      "wikitext2 (wikitext-2-raw-v1)": 31.870098114013672,
      "ptb": 47.575538635253906
    },
    "ppl_standard_2048_512": {
      "wikitext2 (wikitext-2-raw-v1)": 13.119001388549805,
      "ptb": 17.937458038330078
    },
    "ppl": {
      "wikitext2 (wikitext-2-raw-v1)": 13.119001388549805,
      "ptb": 17.937458038330078
    },
    "zeroshot": {
      "boolq": {
        "accuracy": 0.7587155963302752,
        "full_results": {
          "acc,none": 0.7587155963302752,
          "acc_stderr,none": 0.007483360561322202,
          "alias": "boolq"
        }
      },
      "piqa": {
        "accuracy": 0.7415669205658324,
        "full_results": {
          "acc,none": 0.7252448313384113,
          "acc_stderr,none": 0.010415033676676165,
          "acc_norm,none": 0.7415669205658324,
          "acc_norm_stderr,none": 0.010213971636773348,
          "alias": "piqa"
        }
      },
      "hellaswag": {
        "accuracy": 0.6612228639713205,
        "full_results": {
          "acc,none": 0.4843656642103167,
          "acc_stderr,none": 0.004987341485856538,
          "acc_norm,none": 0.6612228639713205,
          "acc_norm_stderr,none": 0.004723266971563369,
          "alias": "hellaswag"
        }
      },
      "winogrande": {
        "accuracy": 0.665351223362273,
        "full_results": {
          "acc,none": 0.665351223362273,
          "acc_stderr,none": 0.013261823629558507,
          "alias": "winogrande"
        }
      },
      "arc_easy": {
        "accuracy": 0.6102693602693603,
        "full_results": {
          "acc,none": 0.6540404040404041,
          "acc_stderr,none": 0.009760749624427722,
          "acc_norm,none": 0.6102693602693603,
          "acc_norm_stderr,none": 0.010007169391797084,
          "alias": "arc_easy"
        }
      },
      "arc_challenge": {
        "accuracy": 0.3779863481228669,
        "full_results": {
          "acc,none": 0.3609215017064846,
          "acc_stderr,none": 0.014034761386175525,
          "acc_norm,none": 0.3779863481228669,
          "acc_norm_stderr,none": 0.014169664520303164,
          "alias": "arc_challenge"
        }
      },
      "openbookqa": {
        "accuracy": 0.342,
        "full_results": {
          "acc,none": 0.254,
          "acc_stderr,none": 0.01948659680164342,
          "acc_norm,none": 0.342,
          "acc_norm_stderr,none": 0.021236147199899316,
          "alias": "openbookqa"
        }
      }
    },
    "avg_zeroshot_acc": 0.5938731875174182
  }
}