{
  "model_path": "results/search_Llama_layerwise_20/exp_006_taylor_seq_len32_taylor_num_samples512/pruned_model.bin",
  "timestamp": "2025-12-01T00:21:53.562171",
  "metrics": {
    "model_info": {
      "total_params": 6424219648,
      "trainable_params": 6424219648,
      "total_params_M": 6424.219648,
      "total_params_B": 6.424219648,
      "num_layers": 32,
      "module_params": {
        "embedding": 525336576,
        "lm_head": 525336576,
        "final_norm": 4096,
        "attention": 1169162240,
        "mlp": 4204118016,
        "input_layernorm": 131072,
        "post_attention_layernorm": 131072,
        "total_accounted": 6424219648,
        "unaccounted": 0,
        "match": true
      },
      "attention_params": 1169162240,
      "mlp_params": 4204118016,
      "attention_params_M": 1169.16224,
      "mlp_params_M": 4204.118016,
      "attention_ratio": 0.18199288070170294,
      "mlp_ratio": 0.6544169169727616,
      "model_size_mb": 12253.226806640625,
      "model_size_gb": 11.966041803359985
    },
    "ppl_quick_128": {
      "wikitext2 (wikitext-2-raw-v1)": 28.873193740844727,
      "ptb": 46.611183166503906
    },
    "ppl_standard_2048_512": {
      "wikitext2 (wikitext-2-raw-v1)": 14.023787498474121,
      "ptb": 18.96937370300293
    },
    "ppl": {
      "wikitext2 (wikitext-2-raw-v1)": 14.023787498474121,
      "ptb": 18.96937370300293
    },
    "zeroshot": {
      "boolq": {
        "accuracy": 0.5003058103975535,
        "full_results": {
          "acc,none": 0.5003058103975535,
          "acc_stderr,none": 0.008745053340722946,
          "alias": "boolq"
        }
      },
      "piqa": {
        "accuracy": 0.719804134929271,
        "full_results": {
          "acc,none": 0.7181719260065288,
          "acc_stderr,none": 0.010496675231258095,
          "acc_norm,none": 0.719804134929271,
          "acc_norm_stderr,none": 0.010478122015577183,
          "alias": "piqa"
        }
      },
      "hellaswag": {
        "accuracy": 0.5246962756423024,
        "full_results": {
          "acc,none": 0.38836885082652856,
          "acc_stderr,none": 0.004863831364848468,
          "acc_norm,none": 0.5246962756423024,
          "acc_norm_stderr,none": 0.004983691099110917,
          "alias": "hellaswag"
        }
      },
      "winogrande": {
        "accuracy": 0.6101026045777427,
        "full_results": {
          "acc,none": 0.6101026045777427,
          "acc_stderr,none": 0.013707547317008361,
          "alias": "winogrande"
        }
      },
      "arc_easy": {
        "accuracy": 0.5433501683501684,
        "full_results": {
          "acc,none": 0.5820707070707071,
          "acc_stderr,none": 0.010120628211017736,
          "acc_norm,none": 0.5433501683501684,
          "acc_norm_stderr,none": 0.010221149650118147,
          "alias": "arc_easy"
        }
      },
      "arc_challenge": {
        "accuracy": 0.32849829351535836,
        "full_results": {
          "acc,none": 0.2909556313993174,
          "acc_stderr,none": 0.013273077865907774,
          "acc_norm,none": 0.32849829351535836,
          "acc_norm_stderr,none": 0.013724978465537458,
          "alias": "arc_challenge"
        }
      },
      "openbookqa": {
        "accuracy": 0.358,
        "full_results": {
          "acc,none": 0.246,
          "acc_stderr,none": 0.019279819056352458,
          "acc_norm,none": 0.358,
          "acc_norm_stderr,none": 0.021461434862859133,
          "alias": "openbookqa"
        }
      }
    },
    "avg_zeroshot_acc": 0.5121081839160566
  }
}