{
  "attention": {
    "0": 6.900545969329585,
    "1": 1.6251027563129203,
    "2": 0.35516602865086844,
    "3": 0.197659431148705,
    "4": 0.1557791651249083,
    "5": 0.09113990890220469,
    "6": 0.08394056380935933,
    "7": 0.07544037590290165,
    "8": 0.05786710156517616,
    "9": 0.08335566991992138,
    "10": 0.03555511178961357,
    "11": 0.027024088513338818,
    "12": 0.03842487917224702,
    "13": 0.0490774457492833,
    "14": 0.04266998803013333,
    "15": 0.04481711640491115,
    "16": 0.04971288228281834,
    "17": 0.05711670298915994,
    "18": 0.05731038326075488,
    "19": 0.05557921166924196,
    "20": 0.031499326360012514,
    "21": 0.03794146616480587,
    "22": 0.03038562088503438,
    "23": 0.04533116825703454,
    "24": 0.021286537851477938,
    "25": 0.0234743103473809,
    "26": 0.03829879075485154,
    "27": 0.7389628817603473
  },
  "mlp": {
    "0": 0.8555134211283772,
    "1": 7.278226673023282,
    "2": 3.9245000109988246,
    "3": 3.065541789417249,
    "4": 2.984150169260045,
    "5": 1.8360650131685214,
    "6": 0.34713164144898423,
    "7": 0.1608821898371513,
    "8": 0.11050484776683911,
    "9": 0.30528683328763195,
    "10": 0.1067169994106476,
    "11": 0.1614174430632911,
    "12": 0.13474245276389762,
    "13": 0.07090138214525465,
    "14": 0.05662465073077083,
    "15": 0.05046854319900129,
    "16": 0.048589537575359554,
    "17": 0.044346349681474884,
    "18": 0.047667451887845935,
    "19": 0.054808990462356544,
    "20": 0.0652719323523634,
    "21": 0.074344418959293,
    "22": 0.1300366874918657,
    "23": 0.13160309688327532,
    "24": 0.1342545442159251,
    "25": 0.1602255083155324,
    "26": 0.25899864036086084,
    "27": 0.9433962561173765
  }
}