{
  "model_path": "results/search_Qwen_20/exp_018_taylor_seq_len256_taylor_num_samples128/pruned_model.bin",
  "timestamp": "2025-12-02T04:42:54.417417",
  "metrics": {
    "model_info": {
      "total_params": 6092498944,
      "trainable_params": 6092498944,
      "total_params_M": 6092.498944,
      "total_params_B": 6.092498944,
      "num_layers": 28,
      "module_params": {
        "embedding": 544997376,
        "lm_head": 544997376,
        "final_norm": 3584,
        "attention": 822212608,
        "mlp": 4180087296,
        "input_layernorm": 100352,
        "post_attention_layernorm": 100352,
        "total_accounted": 6092498944,
        "unaccounted": 0,
        "match": true
      },
      "attention_params": 822212608,
      "mlp_params": 4180087296,
      "attention_params_M": 822.212608,
      "mlp_params_M": 4180.087296,
      "attention_ratio": 0.1349549036540629,
      "mlp_ratio": 0.6861039016045499,
      "model_size_mb": 11620.519775390625,
      "model_size_gb": 11.348163843154907
    },
    "ppl_quick_128": {
      "wikitext2 (wikitext-2-raw-v1)": 41.82326889038086,
      "ptb": 63.64457702636719
    },
    "ppl_standard_2048_512": {
      "wikitext2 (wikitext-2-raw-v1)": 16.406824111938477,
      "ptb": 23.255741119384766
    },
    "ppl": {
      "wikitext2 (wikitext-2-raw-v1)": 16.406824111938477,
      "ptb": 23.255741119384766
    },
    "zeroshot": {
      "boolq": {
        "accuracy": 0.7963302752293578,
        "full_results": {
          "acc,none": 0.7963302752293578,
          "acc_stderr,none": 0.007043724993726095,
          "alias": "boolq"
        }
      },
      "piqa": {
        "accuracy": 0.7154515778019587,
        "full_results": {
          "acc,none": 0.7089227421109902,
          "acc_stderr,none": 0.010598612490942636,
          "acc_norm,none": 0.7154515778019587,
          "acc_norm_stderr,none": 0.010527218464130647,
          "alias": "piqa"
        }
      },
      "hellaswag": {
        "accuracy": 0.6310495917147978,
        "full_results": {
          "acc,none": 0.466938856801434,
          "acc_stderr,none": 0.004978861409119798,
          "acc_norm,none": 0.6310495917147978,
          "acc_norm_stderr,none": 0.004815343349304858,
          "alias": "hellaswag"
        }
      },
      "winogrande": {
        "accuracy": 0.6385161799526441,
        "full_results": {
          "acc,none": 0.6385161799526441,
          "acc_stderr,none": 0.013502479670791278,
          "alias": "winogrande"
        }
      },
      "arc_easy": {
        "accuracy": 0.6418350168350169,
        "full_results": {
          "acc,none": 0.6704545454545454,
          "acc_stderr,none": 0.009645184190953792,
          "acc_norm,none": 0.6418350168350169,
          "acc_norm_stderr,none": 0.009838331651452002,
          "alias": "arc_easy"
        }
      },
      "arc_challenge": {
        "accuracy": 0.4044368600682594,
        "full_results": {
          "acc,none": 0.36945392491467577,
          "acc_stderr,none": 0.014104578366491963,
          "acc_norm,none": 0.4044368600682594,
          "acc_norm_stderr,none": 0.014342036483436283,
          "alias": "arc_challenge"
        }
      },
      "openbookqa": {
        "accuracy": 0.348,
        "full_results": {
          "acc,none": 0.252,
          "acc_stderr,none": 0.019435727282249564,
          "acc_norm,none": 0.348,
          "acc_norm_stderr,none": 0.021323728632807425,
          "alias": "openbookqa"
        }
      }
    },
    "avg_zeroshot_acc": 0.5965170716574335
  }
}