{
  "model_path": "results/search_Qwen_layerwise_20/exp_018_taylor_seq_len256_taylor_num_samples128/pruned_model.bin",
  "timestamp": "2025-12-03T01:17:49.884241",
  "metrics": {
    "model_info": {
      "total_params": 6092498944,
      "trainable_params": 6092498944,
      "total_params_M": 6092.498944,
      "total_params_B": 6.092498944,
      "num_layers": 28,
      "module_params": {
        "embedding": 544997376,
        "lm_head": 544997376,
        "final_norm": 3584,
        "attention": 822212608,
        "mlp": 4180087296,
        "input_layernorm": 100352,
        "post_attention_layernorm": 100352,
        "total_accounted": 6092498944,
        "unaccounted": 0,
        "match": true
      },
      "attention_params": 822212608,
      "mlp_params": 4180087296,
      "attention_params_M": 822.212608,
      "mlp_params_M": 4180.087296,
      "attention_ratio": 0.1349549036540629,
      "mlp_ratio": 0.6861039016045499,
      "model_size_mb": 11620.519775390625,
      "model_size_gb": 11.348163843154907
    },
    "ppl_quick_128": {
      "wikitext2 (wikitext-2-raw-v1)": 37.52680587768555,
      "ptb": 56.7838134765625
    },
    "ppl_standard_2048_512": {
      "wikitext2 (wikitext-2-raw-v1)": 14.568687438964844,
      "ptb": 20.42603302001953
    },
    "ppl": {
      "wikitext2 (wikitext-2-raw-v1)": 14.568687438964844,
      "ptb": 20.42603302001953
    },
    "zeroshot": {
      "boolq": {
        "accuracy": 0.8119266055045872,
        "full_results": {
          "acc,none": 0.8119266055045872,
          "acc_stderr,none": 0.006834623690939613,
          "alias": "boolq"
        }
      },
      "piqa": {
        "accuracy": 0.7154515778019587,
        "full_results": {
          "acc,none": 0.7078346028291621,
          "acc_stderr,none": 0.010610252174513776,
          "acc_norm,none": 0.7154515778019587,
          "acc_norm_stderr,none": 0.010527218464130647,
          "alias": "piqa"
        }
      },
      "hellaswag": {
        "accuracy": 0.6366261700856403,
        "full_results": {
          "acc,none": 0.47161919936267677,
          "acc_stderr,none": 0.004981736689518956,
          "acc_norm,none": 0.6366261700856403,
          "acc_norm_stderr,none": 0.004799882248494787,
          "alias": "hellaswag"
        }
      },
      "winogrande": {
        "accuracy": 0.6724546172059984,
        "full_results": {
          "acc,none": 0.6724546172059984,
          "acc_stderr,none": 0.013190169546796906,
          "alias": "winogrande"
        }
      },
      "arc_easy": {
        "accuracy": 0.6380471380471381,
        "full_results": {
          "acc,none": 0.6679292929292929,
          "acc_stderr,none": 0.009663817543072557,
          "acc_norm,none": 0.6380471380471381,
          "acc_norm_stderr,none": 0.009860991466688474,
          "alias": "arc_easy"
        }
      },
      "arc_challenge": {
        "accuracy": 0.39334470989761094,
        "full_results": {
          "acc,none": 0.371160409556314,
          "acc_stderr,none": 0.01411797190114269,
          "acc_norm,none": 0.39334470989761094,
          "acc_norm_stderr,none": 0.014275101465692932,
          "alias": "arc_challenge"
        }
      },
      "openbookqa": {
        "accuracy": 0.362,
        "full_results": {
          "acc,none": 0.248,
          "acc_stderr,none": 0.019332342821239124,
          "acc_norm,none": 0.362,
          "acc_norm_stderr,none": 0.02151366252758236,
          "alias": "openbookqa"
        }
      }
    },
    "avg_zeroshot_acc": 0.6042644026489905
  }
}