{
  "extreme_pruning_layers": [
    {
      "layer_idx": 29,
      "pruning_rate": 0.5754045758928571,
      "importance": 0.07165117881127767,
      "gradient_mean": 0.0013191944195164575,
      "gradient_norm": 11.323999245961508
    },
    {
      "layer_idx": 30,
      "pruning_rate": 0.75830078125,
      "importance": 0.07666669679539544,
      "gradient_mean": 0.001160120384560691,
      "gradient_norm": 13.22236614757114
    },
    {
      "layer_idx": 31,
      "pruning_rate": 0.8526088169642857,
      "importance": 0.07111321442893573,
      "gradient_mean": 0.0013976751102341546,
      "gradient_norm": 16.179941601223415
    }
  ],
  "num_extreme_layers": 3,
  "gradient_statistics": {
    "mean_range": [
      0.001038989673058192,
      0.004013134373558892
    ],
    "mean_ratio": 3.8625350100863054,
    "norm_range": [
      8.634883880615234,
      127.29707336425781
    ],
    "norm_ratio": 14.742187054600402
  },
  "diagnosis": []
}