{
  "0": 7.824957511090268,
  "1": 0.16895394366186567,
  "2": 0.23238753585417848,
  "3": 0.8241811326352608,
  "4": 1.3613387795769314,
  "5": 0.2206579817357346,
  "6": 0.3015687125069757,
  "7": 0.1466695711263335,
  "8": 0.08093408000461899,
  "9": 0.4084987099517132,
  "10": 0.0831192995711092,
  "11": 0.20712300504664594,
  "12": 0.15134472791436693,
  "13": 0.05430219540341685,
  "14": 0.03494628275339773,
  "15": 0.034586022340176825,
  "16": 0.015957621545750644,
  "17": 0.0176955557249574,
  "18": 0.03706263311796576,
  "19": 0.07700592195381084,
  "20": 0.07248448843169575,
  "21": 0.08548406791570073,
  "22": 0.14028123987736985,
  "23": 0.14986006194722234,
  "24": 0.15271750262439943,
  "25": 0.20974315535722532,
  "26": 0.3668374180574494,
  "27": 1.5918335123781335
}