{
  "model_path": "results/search_Mistral_blockwise_20/exp_002_taylor_seq_len32_taylor_num_samples64/pruned_model.bin",
  "timestamp": "2025-12-02T00:01:13.075801",
  "metrics": {
    "model_info": {
      "total_params": 5798420480,
      "trainable_params": 5798420480,
      "total_params_M": 5798.42048,
      "total_params_B": 5.79842048,
      "num_layers": 32,
      "module_params": {
        "embedding": 134217728,
        "lm_head": 134217728,
        "final_norm": 4096,
        "attention": 933232640,
        "mlp": 4596486144,
        "input_layernorm": 131072,
        "post_attention_layernorm": 131072,
        "total_accounted": 5798420480,
        "unaccounted": 0,
        "match": true
      },
      "attention_params": 933232640,
      "mlp_params": 4596486144,
      "attention_params_M": 933.23264,
      "mlp_params_M": 4596.486144,
      "attention_ratio": 0.16094600990371777,
      "mlp_ratio": 0.7927134915196767,
      "model_size_mb": 11059.609619140625,
      "model_size_gb": 10.800400018692017
    },
    "ppl_quick_128": {
      "wikitext2 (wikitext-2-raw-v1)": 56.03861618041992,
      "ptb": 204.39443969726562
    },
    "ppl_standard_2048_512": {
      "wikitext2 (wikitext-2-raw-v1)": 30.44546890258789,
      "ptb": 187.4521026611328
    },
    "ppl": {
      "wikitext2 (wikitext-2-raw-v1)": 30.44546890258789,
      "ptb": 187.4521026611328
    },
    "zeroshot": {
      "boolq": {
        "accuracy": 0.491131498470948,
        "full_results": {
          "acc,none": 0.491131498470948,
          "acc_stderr,none": 0.008743679265455934,
          "alias": "boolq"
        }
      },
      "piqa": {
        "accuracy": 0.7529923830250272,
        "full_results": {
          "acc,none": 0.736126224156692,
          "acc_stderr,none": 0.010282996367695665,
          "acc_norm,none": 0.7529923830250272,
          "acc_norm_stderr,none": 0.010062268140772681,
          "alias": "piqa"
        }
      },
      "hellaswag": {
        "accuracy": 0.5686118303126867,
        "full_results": {
          "acc,none": 0.429097789285003,
          "acc_stderr,none": 0.004939358145561336,
          "acc_norm,none": 0.5686118303126867,
          "acc_norm_stderr,none": 0.004942578520987419,
          "alias": "hellaswag"
        }
      },
      "winogrande": {
        "accuracy": 0.5303867403314917,
        "full_results": {
          "acc,none": 0.5303867403314917,
          "acc_stderr,none": 0.014026510839428848,
          "alias": "winogrande"
        }
      },
      "arc_easy": {
        "accuracy": 0.4890572390572391,
        "full_results": {
          "acc,none": 0.5387205387205387,
          "acc_stderr,none": 0.010228972678389478,
          "acc_norm,none": 0.4890572390572391,
          "acc_norm_stderr,none": 0.010257326131172875,
          "alias": "arc_easy"
        }
      },
      "arc_challenge": {
        "accuracy": 0.3575085324232082,
        "full_results": {
          "acc,none": 0.3438566552901024,
          "acc_stderr,none": 0.013880644570156359,
          "acc_norm,none": 0.3575085324232082,
          "acc_norm_stderr,none": 0.014005494275916665,
          "alias": "arc_challenge"
        }
      },
      "openbookqa": {
        "accuracy": 0.286,
        "full_results": {
          "acc,none": 0.186,
          "acc_stderr,none": 0.01741880678058399,
          "acc_norm,none": 0.286,
          "acc_norm_stderr,none": 0.020229346329177604,
          "alias": "openbookqa"
        }
      }
    },
    "avg_zeroshot_acc": 0.4965268890886573
  }
}