{
  "model_path": "results/blockwise_only_200/models/pruned_model.bin",
  "timestamp": "2025-11-21T22:47:44.739173",
  "metrics": {
    "model_info": {
      "total_params": 6424215552,
      "trainable_params": 6424215552,
      "total_params_M": 6424.215552,
      "total_params_B": 6.424215552,
      "attention_params": 1142947840,
      "mlp_params": 4230328320,
      "attention_params_M": 1142.94784,
      "mlp_params_M": 4230.32832,
      "attention_ratio": 0.17791243627312212,
      "mlp_ratio": 0.6584972570982625,
      "num_layers": 32,
      "model_size_mb": 12253.218994140625,
      "model_size_gb": 11.966034173965454
    },
    "ppl": {
      "wikitext2 (wikitext-2-raw-v1)": 38.34272384643555,
      "ptb": 58.84614562988281
    },
    "zeroshot": {
      "boolq": {
        "accuracy": 0.8379204892966361,
        "full_results": {
          "alias": "boolq",
          "acc,none": 0.8379204892966361,
          "acc_stderr,none": 0.006445520637182419
        }
      },
      "piqa": {
        "accuracy": 0.7268770402611534,
        "full_results": {
          "alias": "piqa",
          "acc,none": 0.7230685527747551,
          "acc_stderr,none": 0.010440499969334648,
          "acc_norm,none": 0.7268770402611534,
          "acc_norm_stderr,none": 0.01039573026445318
        }
      },
      "hellaswag": {
        "accuracy": 0.6390161322445728,
        "full_results": {
          "alias": "hellaswag",
          "acc,none": 0.4704242182832105,
          "acc_stderr,none": 0.00498104437053086,
          "acc_norm,none": 0.6390161322445728,
          "acc_norm_stderr,none": 0.004793042992395899
        }
      },
      "winogrande": {
        "accuracy": 0.6685082872928176,
        "full_results": {
          "alias": "winogrande",
          "acc,none": 0.6685082872928176,
          "acc_stderr,none": 0.013230397198964612
        }
      },
      "arc_easy": {
        "accuracy": 0.6586700336700336,
        "full_results": {
          "alias": "arc_easy",
          "acc,none": 0.7091750841750841,
          "acc_stderr,none": 0.00931881592117676,
          "acc_norm,none": 0.6586700336700336,
          "acc_norm_stderr,none": 0.009729473841242994
        }
      },
      "arc_challenge": {
        "accuracy": 0.4325938566552901,
        "full_results": {
          "alias": "arc_challenge",
          "acc,none": 0.4257679180887372,
          "acc_stderr,none": 0.014449464278868677,
          "acc_norm,none": 0.4325938566552901,
          "acc_norm_stderr,none": 0.014478005694182441
        }
      },
      "openbookqa": {
        "accuracy": 0.37,
        "full_results": {
          "alias": "openbookqa",
          "acc,none": 0.272,
          "acc_stderr,none": 0.019920483209566107,
          "acc_norm,none": 0.37,
          "acc_norm_stderr,none": 0.021613289165165816
        }
      }
    },
    "avg_zeroshot_acc": 0.6190836913457863
  }
}