{
  "model_path": "results/all_model_blockwise_128_128_8/Llama-Instruct/pruned_model.bin",
  "timestamp": "2025-12-11T15:59:17.884382",
  "metrics": {
    "model_info": {
      "total_params": 6424211456,
      "trainable_params": 6424211456,
      "total_params_M": 6424.211456,
      "total_params_B": 6.424211456,
      "num_layers": 32,
      "module_params": {
        "embedding": 525336576,
        "lm_head": 525336576,
        "final_norm": 4096,
        "attention": 1195376640,
        "mlp": 4177895424,
        "input_layernorm": 131072,
        "post_attention_layernorm": 131072,
        "total_accounted": 6424211456,
        "unaccounted": 0,
        "match": true
      },
      "attention_params": 1195376640,
      "mlp_params": 4177895424,
      "attention_params_M": 1195.37664,
      "mlp_params_M": 4177.895424,
      "attention_ratio": 0.18607367584134515,
      "mlp_ratio": 0.6503359132268264,
      "model_size_mb": 12253.211181640625,
      "model_size_gb": 11.966026544570923
    },
    "ppl_quick_128": {
      "wikitext2 (wikitext-2-raw-v1)": 43.45473861694336,
      "ptb": 71.65213775634766
    },
    "ppl_standard_2048_512": {
      "wikitext2 (wikitext-2-raw-v1)": 18.45860481262207,
      "ptb": 26.32526397705078
    },
    "ppl": {
      "wikitext2 (wikitext-2-raw-v1)": 18.45860481262207,
      "ptb": 26.32526397705078
    },
    "zeroshot": {
      "boolq": {
        "accuracy": 0.7993883792048929,
        "full_results": {
          "acc,none": 0.7993883792048929,
          "acc_stderr,none": 0.00700405420325,
          "alias": "boolq"
        }
      },
      "piqa": {
        "accuracy": 0.7285092491838956,
        "full_results": {
          "acc,none": 0.7219804134929271,
          "acc_stderr,none": 0.010453117358332953,
          "acc_norm,none": 0.7285092491838956,
          "acc_norm_stderr,none": 0.010376251176596043,
          "alias": "piqa"
        }
      },
      "hellaswag": {
        "accuracy": 0.6573391754630552,
        "full_results": {
          "acc,none": 0.47649870543716394,
          "acc_stderr,none": 0.004984266543053356,
          "acc_norm,none": 0.6573391754630552,
          "acc_norm_stderr,none": 0.004736292355716383,
          "alias": "hellaswag"
        }
      },
      "winogrande": {
        "accuracy": 0.6866614048934491,
        "full_results": {
          "acc,none": 0.6866614048934491,
          "acc_stderr,none": 0.013036512096748127,
          "alias": "winogrande"
        }
      },
      "arc_easy": {
        "accuracy": 0.6452020202020202,
        "full_results": {
          "acc,none": 0.7066498316498316,
          "acc_stderr,none": 0.00934250833170838,
          "acc_norm,none": 0.6452020202020202,
          "acc_norm_stderr,none": 0.009817629113069527,
          "alias": "arc_easy"
        }
      },
      "arc_challenge": {
        "accuracy": 0.43856655290102387,
        "full_results": {
          "acc,none": 0.4206484641638225,
          "acc_stderr,none": 0.014426211252508337,
          "acc_norm,none": 0.43856655290102387,
          "acc_norm_stderr,none": 0.014500682618212822,
          "alias": "arc_challenge"
        }
      },
      "openbookqa": {
        "accuracy": 0.364,
        "full_results": {
          "acc,none": 0.262,
          "acc_stderr,none": 0.019684688820194637,
          "acc_norm,none": 0.364,
          "acc_norm_stderr,none": 0.021539170637317653,
          "alias": "openbookqa"
        }
      }
    },
    "avg_zeroshot_acc": 0.6170952545497624
  }
}