{
  "0": 6.5902111263587395,
  "1": 4.603279104336873,
  "2": 0.0843645217148703,
  "3": 0.07227374326646085,
  "4": 0.07098705576679398,
  "5": 0.07925144175390297,
  "6": 0.047265262916013295,
  "7": 0.045267004108038744,
  "8": 0.046692115873464335,
  "9": 0.023746918526060146,
  "10": 0.019372779057751366,
  "11": 0.00157161445279419,
  "12": 0.004665342392082383,
  "13": 0.025050289471510556,
  "14": 0.02080293322975635,
  "15": 0.04155254965752242,
  "16": 0.026885024684838665,
  "17": 0.04952610238349786,
  "18": 0.08629138700633554,
  "19": 0.07912116226362853,
  "20": 0.07796047524247962,
  "21": 0.06698118127872332,
  "22": 0.0583237674681909,
  "23": 0.057559951103075324,
  "24": 0.05973051840091337,
  "25": 0.06402066541075868,
  "26": 0.05606256321702796,
  "27": 0.043380882535104526,
  "28": 0.07631959189822224,
  "29": 0.14004212251952053,
  "30": 0.12773195701926987,
  "31": 0.29601227131254193
}