{
  "model_path": "results/finetuned/Mistral-Instruct/ShortGPT_remove_6_finetuned/pruned_model.bin",
  "timestamp": "2025-12-06T19:52:59.532803",
  "metrics": {
    "model_info": {
      "total_params": 5939351552,
      "trainable_params": 0,
      "total_params_M": 5939.351552,
      "total_params_B": 5.939351552,
      "num_layers": 26,
      "module_params": {
        "embedding": 134217728,
        "lm_head": 134217728,
        "final_norm": 4096,
        "attention": 1090519040,
        "mlp": 4580179968,
        "input_layernorm": 106496,
        "post_attention_layernorm": 106496,
        "total_accounted": 5939351552,
        "unaccounted": 0,
        "match": true
      },
      "attention_params": 1090519040,
      "mlp_params": 4580179968,
      "attention_params_M": 1090.51904,
      "mlp_params_M": 4580.179968,
      "attention_ratio": 0.1836091079055224,
      "mlp_ratio": 0.7711582532031941,
      "model_size_mb": 11328.414184570312,
      "model_size_gb": 11.062904477119446
    },
    "ppl_quick_128": {
      "wikitext2 (wikitext-2-raw-v1)": 21.00554084777832,
      "ptb": 82.846923828125
    },
    "ppl_standard_2048_512": {
      "wikitext2 (wikitext-2-raw-v1)": 8.968732833862305,
      "ptb": 28.308208465576172
    },
    "ppl": {
      "wikitext2 (wikitext-2-raw-v1)": 8.968732833862305,
      "ptb": 28.308208465576172
    },
    "zeroshot": {
      "boolq": {
        "accuracy": 0.8596330275229358,
        "full_results": {
          "acc,none": 0.8596330275229358,
          "acc_stderr,none": 0.006075493388922402,
          "alias": "boolq"
        }
      },
      "piqa": {
        "accuracy": 0.7568008705114254,
        "full_results": {
          "acc,none": 0.7459194776931447,
          "acc_stderr,none": 0.010157271999135166,
          "acc_norm,none": 0.7568008705114254,
          "acc_norm_stderr,none": 0.010009611953858851,
          "alias": "piqa"
        }
      },
      "hellaswag": {
        "accuracy": 0.744174467237602,
        "full_results": {
          "acc,none": 0.5549691296554471,
          "acc_stderr,none": 0.004959535443170338,
          "acc_norm,none": 0.744174467237602,
          "acc_norm_stderr,none": 0.0043543250171373706,
          "alias": "hellaswag"
        }
      },
      "winogrande": {
        "accuracy": 0.7087608524072613,
        "full_results": {
          "acc,none": 0.7087608524072613,
          "acc_stderr,none": 0.012769029305370742,
          "alias": "winogrande"
        }
      },
      "arc_easy": {
        "accuracy": 0.7032828282828283,
        "full_results": {
          "acc,none": 0.7495791245791246,
          "acc_stderr,none": 0.00889021367511414,
          "acc_norm,none": 0.7032828282828283,
          "acc_norm_stderr,none": 0.009373559492986735,
          "alias": "arc_easy"
        }
      },
      "arc_challenge": {
        "accuracy": 0.4709897610921502,
        "full_results": {
          "acc,none": 0.44283276450511944,
          "acc_stderr,none": 0.01451557387334892,
          "acc_norm,none": 0.4709897610921502,
          "acc_norm_stderr,none": 0.014586776355294413,
          "alias": "arc_challenge"
        }
      },
      "openbookqa": {
        "accuracy": 0.41,
        "full_results": {
          "acc,none": 0.272,
          "acc_stderr,none": 0.019920483209566107,
          "acc_norm,none": 0.41,
          "acc_norm_stderr,none": 0.02201748257812769,
          "alias": "openbookqa"
        }
      }
    },
    "avg_zeroshot_acc": 0.6648059724363148
  }
}