{
  "model_path": "results/all_model_blockwise_128_128_8/Mistral-Instruct/LLM-Pruner/pruned_model.bin",
  "timestamp": "2025-12-12T05:15:59.409061",
  "metrics": {
    "model_info": {
      "total_params": 5830348800,
      "trainable_params": 5830348800,
      "total_params_M": 5830.3488,
      "total_params_B": 5.8303488,
      "num_layers": 32,
      "module_params": {
        "embedding": 134217728,
        "lm_head": 134217728,
        "final_norm": 4096,
        "attention": 1069547520,
        "mlp": 4492099584,
        "input_layernorm": 131072,
        "post_attention_layernorm": 131072,
        "total_accounted": 5830348800,
        "unaccounted": 0,
        "match": true
      },
      "attention_params": 1069547520,
      "mlp_params": 4492099584,
      "attention_params_M": 1069.54752,
      "mlp_params_M": 4492.099584,
      "attention_ratio": 0.18344486010854102,
      "mlp_ratio": 0.7704684124558723,
      "model_size_mb": 11120.507934570312,
      "model_size_gb": 10.85987102985382
    },
    "ppl_quick_128": {
      "wikitext2 (wikitext-2-raw-v1)": 20.5770206451416,
      "ptb": 94.68916320800781
    },
    "ppl_standard_2048_512": {
      "wikitext2 (wikitext-2-raw-v1)": 9.178067207336426,
      "ptb": 39.02183532714844
    },
    "ppl": {
      "wikitext2 (wikitext-2-raw-v1)": 9.178067207336426,
      "ptb": 39.02183532714844
    },
    "zeroshot": {
      "boolq": {
        "accuracy": 0.7318042813455657,
        "full_results": {
          "acc,none": 0.7318042813455657,
          "acc_stderr,none": 0.007748469592030357,
          "alias": "boolq"
        }
      },
      "piqa": {
        "accuracy": 0.7774755168661589,
        "full_results": {
          "acc,none": 0.7736670293797606,
          "acc_stderr,none": 0.009763294246879333,
          "acc_norm,none": 0.7774755168661589,
          "acc_norm_stderr,none": 0.00970460097571809,
          "alias": "piqa"
        }
      },
      "hellaswag": {
        "accuracy": 0.6822346146186019,
        "full_results": {
          "acc,none": 0.5143397729535949,
          "acc_stderr,none": 0.004987728900897647,
          "acc_norm,none": 0.6822346146186019,
          "acc_norm_stderr,none": 0.004646561453031703,
          "alias": "hellaswag"
        }
      },
      "winogrande": {
        "accuracy": 0.6006314127861089,
        "full_results": {
          "acc,none": 0.6006314127861089,
          "acc_stderr,none": 0.0137649335467177,
          "alias": "winogrande"
        }
      },
      "arc_easy": {
        "accuracy": 0.6654040404040404,
        "full_results": {
          "acc,none": 0.6978114478114478,
          "acc_stderr,none": 0.009422719042483133,
          "acc_norm,none": 0.6654040404040404,
          "acc_norm_stderr,none": 0.009682137724327718,
          "alias": "arc_easy"
        }
      },
      "arc_challenge": {
        "accuracy": 0.41723549488054607,
        "full_results": {
          "acc,none": 0.37627986348122866,
          "acc_stderr,none": 0.01415702255540725,
          "acc_norm,none": 0.41723549488054607,
          "acc_norm_stderr,none": 0.014409825518403108,
          "alias": "arc_challenge"
        }
      },
      "openbookqa": {
        "accuracy": 0.392,
        "full_results": {
          "acc,none": 0.27,
          "acc_stderr,none": 0.019874354831287473,
          "acc_norm,none": 0.392,
          "acc_norm_stderr,none": 0.02185468495561119,
          "alias": "openbookqa"
        }
      }
    },
    "avg_zeroshot_acc": 0.6095407658430031
  }
}