{
  "model_path": "results/search_Llama_blockwise_20/exp_004_taylor_seq_len32_taylor_num_samples256/pruned_model.bin",
  "timestamp": "2025-12-01T17:20:49.089255",
  "metrics": {
    "model_info": {
      "total_params": 6424211456,
      "trainable_params": 6424211456,
      "total_params_M": 6424.211456,
      "total_params_B": 6.424211456,
      "num_layers": 32,
      "module_params": {
        "embedding": 525336576,
        "lm_head": 525336576,
        "final_norm": 4096,
        "attention": 1321205760,
        "mlp": 4052066304,
        "input_layernorm": 131072,
        "post_attention_layernorm": 131072,
        "total_accounted": 6424211456,
        "unaccounted": 0,
        "match": true
      },
      "attention_params": 1321205760,
      "mlp_params": 4052066304,
      "attention_params_M": 1321.20576,
      "mlp_params_M": 4052.066304,
      "attention_ratio": 0.20566037856148675,
      "mlp_ratio": 0.6307492105066848,
      "model_size_mb": 12253.211181640625,
      "model_size_gb": 11.966026544570923
    },
    "ppl_quick_128": {
      "wikitext2 (wikitext-2-raw-v1)": 31.597410202026367,
      "ptb": 48.2159423828125
    },
    "ppl_standard_2048_512": {
      "wikitext2 (wikitext-2-raw-v1)": 12.895246505737305,
      "ptb": 17.75060272216797
    },
    "ppl": {
      "wikitext2 (wikitext-2-raw-v1)": 12.895246505737305,
      "ptb": 17.75060272216797
    },
    "zeroshot": {
      "boolq": {
        "accuracy": 0.42201834862385323,
        "full_results": {
          "acc,none": 0.42201834862385323,
          "acc_stderr,none": 0.008638040428462886,
          "alias": "boolq"
        }
      },
      "piqa": {
        "accuracy": 0.73449401523395,
        "full_results": {
          "acc,none": 0.7247007616974973,
          "acc_stderr,none": 0.010421429277369502,
          "acc_norm,none": 0.73449401523395,
          "acc_norm_stderr,none": 0.01030330865302444,
          "alias": "piqa"
        }
      },
      "hellaswag": {
        "accuracy": 0.6346345349531965,
        "full_results": {
          "acc,none": 0.4660426209918343,
          "acc_stderr,none": 0.004978260641742193,
          "acc_norm,none": 0.6346345349531965,
          "acc_norm_stderr,none": 0.004805483767054925,
          "alias": "hellaswag"
        }
      },
      "winogrande": {
        "accuracy": 0.7071823204419889,
        "full_results": {
          "acc,none": 0.7071823204419889,
          "acc_stderr,none": 0.012789321118542666,
          "alias": "winogrande"
        }
      },
      "arc_easy": {
        "accuracy": 0.6064814814814815,
        "full_results": {
          "acc,none": 0.6422558922558923,
          "acc_stderr,none": 0.00983577275734331,
          "acc_norm,none": 0.6064814814814815,
          "acc_norm_stderr,none": 0.01002442688429269,
          "alias": "arc_easy"
        }
      },
      "arc_challenge": {
        "accuracy": 0.4061433447098976,
        "full_results": {
          "acc,none": 0.3873720136518771,
          "acc_stderr,none": 0.014235872487909897,
          "acc_norm,none": 0.4061433447098976,
          "acc_norm_stderr,none": 0.014351656690097877,
          "alias": "arc_challenge"
        }
      },
      "openbookqa": {
        "accuracy": 0.372,
        "full_results": {
          "acc,none": 0.258,
          "acc_stderr,none": 0.019586711785215868,
          "acc_norm,none": 0.372,
          "acc_norm_stderr,none": 0.021637197985722334,
          "alias": "openbookqa"
        }
      }
    },
    "avg_zeroshot_acc": 0.5547077207777668
  }
}