{
  "attention": {
    "0": 5.049240500180826,
    "1": 2.792984337908943,
    "2": 2.863421396845884,
    "3": 2.247989701583003,
    "4": 2.0018013281217453,
    "5": 1.8025939072679433,
    "6": 1.6161996907235059,
    "7": 1.62615146183402,
    "8": 1.6562371199474715,
    "9": 1.525250259270198,
    "10": 1.5276144045439084,
    "11": 1.5082438437934336,
    "12": 1.4172819130285812,
    "13": 1.487990339361403,
    "14": 1.375914489711723,
    "15": 1.118585358081508,
    "16": 0.9629860808923296,
    "17": 0.8037066173161902,
    "18": 0.7157955692197286,
    "19": 0.5923336727993331,
    "20": 0.5573604972584403,
    "21": 0.5334624195185893,
    "22": 0.5078258084554741,
    "23": 0.4249910932931589,
    "24": 0.4014011439833327,
    "25": 0.35637486036459043,
    "26": 0.307086235339189,
    "27": 0.28307205138415314,
    "28": 0.240035744098416,
    "29": 0.24667569963383862,
    "30": 0.1833527804399928,
    "31": 0.13988417590404056
  },
  "mlp": {
    "0": 3.9233636099600444,
    "1": 3.2384488156350857,
    "2": 1.5272686300377778,
    "3": 1.2204613233243462,
    "4": 1.055037737904239,
    "5": 0.9564162819381177,
    "6": 0.8687854402583013,
    "7": 0.7926427755803958,
    "8": 0.7709119544520866,
    "9": 0.7980528838551826,
    "10": 0.7830284261464202,
    "11": 0.7749867493109983,
    "12": 0.7293555630710875,
    "13": 0.6871866847585588,
    "14": 0.6607190316393425,
    "15": 0.604108436840729,
    "16": 0.5717489896682055,
    "17": 0.5161965959698613,
    "18": 0.5008501968462102,
    "19": 0.43682124349322615,
    "20": 0.42667984779733814,
    "21": 0.38595078908396463,
    "22": 0.37998511923925715,
    "23": 0.3550348307203204,
    "24": 0.3514261779558918,
    "25": 0.29740669357515603,
    "26": 0.2775033761332506,
    "27": 0.27754899658208343,
    "28": 0.2935870263915863,
    "29": 0.27670321431908285,
    "30": 0.44446906784590157,
    "31": 1.060299405248931
  }
}