{
  "model_path": "results/search_Llama_layerwise_20/exp_012_taylor_seq_len128_taylor_num_samples64/pruned_model.bin",
  "timestamp": "2025-12-01T20:38:37.823750",
  "metrics": {
    "model_info": {
      "total_params": 6424219648,
      "trainable_params": 6424219648,
      "total_params_M": 6424.219648,
      "total_params_B": 6.424219648,
      "num_layers": 32,
      "module_params": {
        "embedding": 525336576,
        "lm_head": 525336576,
        "final_norm": 4096,
        "attention": 1342177280,
        "mlp": 4031102976,
        "input_layernorm": 131072,
        "post_attention_layernorm": 131072,
        "total_accounted": 6424219648,
        "unaccounted": 0,
        "match": true
      },
      "attention_params": 1342177280,
      "mlp_params": 4031102976,
      "attention_params_M": 1342.17728,
      "mlp_params_M": 4031.102976,
      "attention_ratio": 0.20892456259926434,
      "mlp_ratio": 0.6274852350752003,
      "model_size_mb": 12253.226806640625,
      "model_size_gb": 11.966041803359985
    },
    "ppl_quick_128": {
      "wikitext2 (wikitext-2-raw-v1)": 29.279590606689453,
      "ptb": 47.07127380371094
    },
    "ppl_standard_2048_512": {
      "wikitext2 (wikitext-2-raw-v1)": 12.625652313232422,
      "ptb": 17.81229591369629
    },
    "ppl": {
      "wikitext2 (wikitext-2-raw-v1)": 12.625652313232422,
      "ptb": 17.81229591369629
    },
    "zeroshot": {
      "boolq": {
        "accuracy": 0.5128440366972477,
        "full_results": {
          "acc,none": 0.5128440366972477,
          "acc_stderr,none": 0.00874216916942716,
          "alias": "boolq"
        }
      },
      "piqa": {
        "accuracy": 0.735038084874864,
        "full_results": {
          "acc,none": 0.7257889009793254,
          "acc_stderr,none": 0.010408618664933516,
          "acc_norm,none": 0.735038084874864,
          "acc_norm_stderr,none": 0.010296557993316033,
          "alias": "piqa"
        }
      },
      "hellaswag": {
        "accuracy": 0.6053574985062736,
        "full_results": {
          "acc,none": 0.44542919737104164,
          "acc_stderr,none": 0.004959973514772777,
          "acc_norm,none": 0.6053574985062736,
          "acc_norm_stderr,none": 0.004877748536428776,
          "alias": "hellaswag"
        }
      },
      "winogrande": {
        "accuracy": 0.6511444356748224,
        "full_results": {
          "acc,none": 0.6511444356748224,
          "acc_stderr,none": 0.013395059320137391,
          "alias": "winogrande"
        }
      },
      "arc_easy": {
        "accuracy": 0.5652356902356902,
        "full_results": {
          "acc,none": 0.6115319865319865,
          "acc_stderr,none": 0.010001276044485077,
          "acc_norm,none": 0.5652356902356902,
          "acc_norm_stderr,none": 0.01017208367040268,
          "alias": "arc_easy"
        }
      },
      "arc_challenge": {
        "accuracy": 0.35238907849829354,
        "full_results": {
          "acc,none": 0.3319112627986348,
          "acc_stderr,none": 0.01376098820088056,
          "acc_norm,none": 0.35238907849829354,
          "acc_norm_stderr,none": 0.013960142600598661,
          "alias": "arc_challenge"
        }
      },
      "openbookqa": {
        "accuracy": 0.376,
        "full_results": {
          "acc,none": 0.234,
          "acc_stderr,none": 0.018952741564893755,
          "acc_norm,none": 0.376,
          "acc_norm_stderr,none": 0.02168382753928621,
          "alias": "openbookqa"
        }
      }
    },
    "avg_zeroshot_acc": 0.5425726892124559
  }
}