{
  "attention": {
    "0": 7.6680672789470155,
    "1": 1.9077490269481419,
    "2": 0.550993138192271,
    "3": 0.20707015539878437,
    "4": 0.1732776816127557,
    "5": 0.08088184014376854,
    "6": 0.08686189779012565,
    "7": 0.06456847345885253,
    "8": 0.04526992409280517,
    "9": 0.06672359900632063,
    "10": 0.03350297937108104,
    "11": 0.0328957433030439,
    "12": 0.043679889272380645,
    "13": 0.05398196158886703,
    "14": 0.049114004441687786,
    "15": 0.03726381491664554,
    "16": 0.06588131965113098,
    "17": 0.06747171700031984,
    "18": 0.10227037183764587,
    "19": 0.09198595309795099,
    "20": 0.05013958108818928,
    "21": 0.046505786301143104,
    "22": 0.05605939090970802,
    "23": 0.06660085016979744,
    "24": 0.023154277756505248,
    "25": 0.02255609703113981,
    "26": 0.03930217809682102,
    "27": 0.7311740816608423
  },
  "mlp": {
    "0": 0.9605829290275993,
    "1": 8.004531270481245,
    "2": 4.024592753224304,
    "3": 3.369080094898566,
    "4": 2.4304567431928477,
    "5": 1.7676224988233247,
    "6": 0.3128079872576426,
    "7": 0.08529716686984878,
    "8": 0.06007741569034941,
    "9": 0.20010649177749285,
    "10": 0.08188519699134655,
    "11": 0.07722855884489999,
    "12": 0.060246710509733514,
    "13": 0.05883080725527323,
    "14": 0.06412897746351653,
    "15": 0.05984885286272146,
    "16": 0.04976338101233502,
    "17": 0.04937206818661144,
    "18": 0.049597512856789816,
    "19": 0.0613228545991551,
    "20": 0.07373199484144477,
    "21": 0.08234965218632517,
    "22": 0.12655393500945644,
    "23": 0.12370194901204812,
    "24": 0.13004602718303238,
    "25": 0.16600917470848975,
    "26": 0.2115343272529726,
    "27": 0.8284206947357666
  }
}