{
  "extreme_pruning_layers": [
    {
      "layer_idx": 10,
      "pruning_rate": 0.5239955357142857,
      "importance": 0.0423293582030705,
      "gradient_mean": 0.0005677127175860935,
      "gradient_norm": 2.4188656277126737
    },
    {
      "layer_idx": 11,
      "pruning_rate": 0.5333426339285714,
      "importance": 0.04149631889803069,
      "gradient_mean": 0.0005969206492106119,
      "gradient_norm": 2.6451958550347223
    },
    {
      "layer_idx": 12,
      "pruning_rate": 0.5571986607142857,
      "importance": 0.04160034390432494,
      "gradient_mean": 0.0006222658687167697,
      "gradient_norm": 2.5148773193359375
    }
  ],
  "num_extreme_layers": 3,
  "gradient_statistics": {
    "mean_range": [
      0.0004541211658053928,
      0.0017465369568930732
    ],
    "mean_ratio": 3.8459704233307734,
    "norm_range": [
      2.010560777452257,
      12.740973578559029
    ],
    "norm_ratio": 6.337024834469533
  },
  "diagnosis": []
}