{
  "model_path": "results/search_Qwen_layerwise_20/exp_011_taylor_seq_len128_taylor_num_samples4/pruned_model.bin",
  "timestamp": "2025-12-02T23:13:48.094691",
  "metrics": {
    "model_info": {
      "total_params": 6099100032,
      "trainable_params": 6099100032,
      "total_params_M": 6099.100032,
      "total_params_B": 6.099100032,
      "num_layers": 28,
      "module_params": {
        "embedding": 544997376,
        "lm_head": 544997376,
        "final_norm": 3584,
        "attention": 726777216,
        "mlp": 4282123776,
        "input_layernorm": 100352,
        "post_attention_layernorm": 100352,
        "total_accounted": 6099100032,
        "unaccounted": 0,
        "match": true
      },
      "attention_params": 726777216,
      "mlp_params": 4282123776,
      "attention_params_M": 726.777216,
      "mlp_params_M": 4282.123776,
      "attention_ratio": 0.11916138646469736,
      "mlp_ratio": 0.7020910877888681,
      "model_size_mb": 11633.1103515625,
      "model_size_gb": 11.360459327697754
    },
    "ppl_quick_128": {
      "wikitext2 (wikitext-2-raw-v1)": 40.38621139526367,
      "ptb": 82.11593627929688
    },
    "ppl_standard_2048_512": {
      "wikitext2 (wikitext-2-raw-v1)": 18.868453979492188,
      "ptb": 31.67035675048828
    },
    "ppl": {
      "wikitext2 (wikitext-2-raw-v1)": 18.868453979492188,
      "ptb": 31.67035675048828
    },
    "zeroshot": {
      "boolq": {
        "accuracy": 0.6749235474006117,
        "full_results": {
          "acc,none": 0.6749235474006117,
          "acc_stderr,none": 0.008192427107041392,
          "alias": "boolq"
        }
      },
      "piqa": {
        "accuracy": 0.6942328618063112,
        "full_results": {
          "acc,none": 0.6980413492927094,
          "acc_stderr,none": 0.010711732891588133,
          "acc_norm,none": 0.6942328618063112,
          "acc_norm_stderr,none": 0.010749627366141762,
          "alias": "piqa"
        }
      },
      "hellaswag": {
        "accuracy": 0.6204939255128461,
        "full_results": {
          "acc,none": 0.45668193586934874,
          "acc_stderr,none": 0.004971019942726667,
          "acc_norm,none": 0.6204939255128461,
          "acc_norm_stderr,none": 0.00484272323402164,
          "alias": "hellaswag"
        }
      },
      "winogrande": {
        "accuracy": 0.5998421468034728,
        "full_results": {
          "acc,none": 0.5998421468034728,
          "acc_stderr,none": 0.013769472660465023,
          "alias": "winogrande"
        }
      },
      "arc_easy": {
        "accuracy": 0.678030303030303,
        "full_results": {
          "acc,none": 0.7007575757575758,
          "acc_stderr,none": 0.009396447162309833,
          "acc_norm,none": 0.678030303030303,
          "acc_norm_stderr,none": 0.009587386696300255,
          "alias": "arc_easy"
        }
      },
      "arc_challenge": {
        "accuracy": 0.4052901023890785,
        "full_results": {
          "acc,none": 0.3609215017064846,
          "acc_stderr,none": 0.014034761386175525,
          "acc_norm,none": 0.4052901023890785,
          "acc_norm_stderr,none": 0.01434686906022932,
          "alias": "arc_challenge"
        }
      },
      "openbookqa": {
        "accuracy": 0.372,
        "full_results": {
          "acc,none": 0.25,
          "acc_stderr,none": 0.019384310743640384,
          "acc_norm,none": 0.372,
          "acc_norm_stderr,none": 0.021637197985722334,
          "alias": "openbookqa"
        }
      }
    },
    "avg_zeroshot_acc": 0.5778304124203747
  }
}