{
  "0": 3429.08984375,
  "1": 2112.57421875,
  "2": 1360.576171875,
  "3": 1335.693359375,
  "4": 1298.91015625,
  "5": 1343.26953125,
  "6": 1266.619140625,
  "7": 1156.74609375,
  "8": 1071.783203125,
  "9": 847.923828125,
  "10": 826.05078125,
  "11": 696.564453125,
  "12": 625.7685546875,
  "13": 642.3193359375,
  "14": 685.4873046875,
  "15": 697.779296875,
  "16": 717.72265625,
  "17": 749.8349609375,
  "18": 726.0087890625,
  "19": 750.54296875,
  "20": 583.7314453125,
  "21": 489.83837890625,
  "22": 386.47021484375,
  "23": 356.5068359375,
  "24": 313.1005859375,
  "25": 314.1015625,
  "26": 294.96875,
  "27": 309.1171875,
  "28": 384.375,
  "29": 480.57177734375,
  "30": 439.02685546875,
  "31": 2381.296875
}