{
  "model_path": "results/search_Mistral-Instruct_layerwise_20/exp_010_taylor_seq_len64_taylor_num_samples512/pruned_model.bin",
  "timestamp": "2025-12-01T20:24:30.675290",
  "metrics": {
    "model_info": {
      "total_params": 5798420480,
      "trainable_params": 5798420480,
      "total_params_M": 5798.42048,
      "total_params_B": 5.79842048,
      "num_layers": 32,
      "module_params": {
        "embedding": 134217728,
        "lm_head": 134217728,
        "final_norm": 4096,
        "attention": 1342177280,
        "mlp": 4187541504,
        "input_layernorm": 131072,
        "post_attention_layernorm": 131072,
        "total_accounted": 5798420480,
        "unaccounted": 0,
        "match": true
      },
      "attention_params": 1342177280,
      "mlp_params": 4187541504,
      "attention_params_M": 1342.17728,
      "mlp_params_M": 4187.541504,
      "attention_ratio": 0.23147291311995366,
      "mlp_ratio": 0.7221865883034408,
      "model_size_mb": 11059.609619140625,
      "model_size_gb": 10.800400018692017
    },
    "ppl_quick_128": {
      "wikitext2 (wikitext-2-raw-v1)": 22.898046493530273,
      "ptb": 111.33832550048828
    },
    "ppl_standard_2048_512": {
      "wikitext2 (wikitext-2-raw-v1)": 10.451098442077637,
      "ptb": 46.660274505615234
    },
    "ppl": {
      "wikitext2 (wikitext-2-raw-v1)": 10.451098442077637,
      "ptb": 46.660274505615234
    },
    "zeroshot": {
      "boolq": {
        "accuracy": 0.6547400611620795,
        "full_results": {
          "acc,none": 0.6547400611620795,
          "acc_stderr,none": 0.008315724479705824,
          "alias": "boolq"
        }
      },
      "piqa": {
        "accuracy": 0.7459194776931447,
        "full_results": {
          "acc,none": 0.7475516866158868,
          "acc_stderr,none": 0.01013566554736223,
          "acc_norm,none": 0.7459194776931447,
          "acc_norm_stderr,none": 0.010157271999135166,
          "alias": "piqa"
        }
      },
      "hellaswag": {
        "accuracy": 0.5638319059948218,
        "full_results": {
          "acc,none": 0.4309898426608245,
          "acc_stderr,none": 0.0049420262002794774,
          "acc_norm,none": 0.5638319059948218,
          "acc_norm_stderr,none": 0.0049489525195177434,
          "alias": "hellaswag"
        }
      },
      "winogrande": {
        "accuracy": 0.574585635359116,
        "full_results": {
          "acc,none": 0.574585635359116,
          "acc_stderr,none": 0.013895257666646333,
          "alias": "winogrande"
        }
      },
      "arc_easy": {
        "accuracy": 0.5202020202020202,
        "full_results": {
          "acc,none": 0.5757575757575758,
          "acc_stderr,none": 0.01014133365495849,
          "acc_norm,none": 0.5202020202020202,
          "acc_norm_stderr,none": 0.010251405621305271,
          "alias": "arc_easy"
        }
      },
      "arc_challenge": {
        "accuracy": 0.28242320819112626,
        "full_results": {
          "acc,none": 0.24146757679180889,
          "acc_stderr,none": 0.012506564839739446,
          "acc_norm,none": 0.28242320819112626,
          "acc_norm_stderr,none": 0.013155456884097213,
          "alias": "arc_challenge"
        }
      },
      "openbookqa": {
        "accuracy": 0.348,
        "full_results": {
          "acc,none": 0.23,
          "acc_stderr,none": 0.018839050391123182,
          "acc_norm,none": 0.348,
          "acc_norm_stderr,none": 0.021323728632807425,
          "alias": "openbookqa"
        }
      }
    },
    "avg_zeroshot_acc": 0.5271003298003298
  }
}