{
  "params": {},
  "metrics": {
    "acc_mean": 0.516691955136222,
    "ppl": 12.101028442382812,
    "grad_norm_ratio": 6.026438746294882
  },
  "output_dir": "results/search_Mistral_layerwise_20/exp_003_taylor_seq_len16_taylor_num_samples512"
}