{
  "model_path": "results/search_Mistral-Instruct_blockwise_20/exp_018_taylor_seq_len256_taylor_num_samples128/pruned_model.bin",
  "timestamp": "2025-12-02T17:23:46.109775",
  "metrics": {
    "model_info": {
      "total_params": 5798420480,
      "trainable_params": 5798420480,
      "total_params_M": 5798.42048,
      "total_params_B": 5.79842048,
      "num_layers": 32,
      "module_params": {
        "embedding": 134217728,
        "lm_head": 134217728,
        "final_norm": 4096,
        "attention": 1342177280,
        "mlp": 4187541504,
        "input_layernorm": 131072,
        "post_attention_layernorm": 131072,
        "total_accounted": 5798420480,
        "unaccounted": 0,
        "match": true
      },
      "attention_params": 1342177280,
      "mlp_params": 4187541504,
      "attention_params_M": 1342.17728,
      "mlp_params_M": 4187.541504,
      "attention_ratio": 0.23147291311995366,
      "mlp_ratio": 0.7221865883034408,
      "model_size_mb": 11059.609619140625,
      "model_size_gb": 10.800400018692017
    },
    "ppl_quick_128": {
      "wikitext2 (wikitext-2-raw-v1)": 50.3745231628418,
      "ptb": 170.82330322265625
    },
    "ppl_standard_2048_512": {
      "wikitext2 (wikitext-2-raw-v1)": 24.24542808532715,
      "ptb": 103.63704681396484
    },
    "ppl": {
      "wikitext2 (wikitext-2-raw-v1)": 24.24542808532715,
      "ptb": 103.63704681396484
    },
    "zeroshot": {
      "boolq": {
        "accuracy": 0.5892966360856269,
        "full_results": {
          "acc,none": 0.5892966360856269,
          "acc_stderr,none": 0.008604460608471526,
          "alias": "boolq"
        }
      },
      "piqa": {
        "accuracy": 0.6420021762785637,
        "full_results": {
          "acc,none": 0.6463547334058759,
          "acc_stderr,none": 0.011154877708188743,
          "acc_norm,none": 0.6420021762785637,
          "acc_norm_stderr,none": 0.0111854604166172,
          "alias": "piqa"
        }
      },
      "hellaswag": {
        "accuracy": 0.4244174467237602,
        "full_results": {
          "acc,none": 0.34953196574387574,
          "acc_stderr,none": 0.004758476684323802,
          "acc_norm,none": 0.4244174467237602,
          "acc_norm_stderr,none": 0.004932441479665835,
          "alias": "hellaswag"
        }
      },
      "winogrande": {
        "accuracy": 0.5414364640883977,
        "full_results": {
          "acc,none": 0.5414364640883977,
          "acc_stderr,none": 0.01400414685379184,
          "alias": "winogrande"
        }
      },
      "arc_easy": {
        "accuracy": 0.46675084175084175,
        "full_results": {
          "acc,none": 0.523989898989899,
          "acc_stderr,none": 0.010247967392742701,
          "acc_norm,none": 0.46675084175084175,
          "acc_norm_stderr,none": 0.010237073872130749,
          "alias": "arc_easy"
        }
      },
      "arc_challenge": {
        "accuracy": 0.26621160409556316,
        "full_results": {
          "acc,none": 0.2380546075085324,
          "acc_stderr,none": 0.012445770028026118,
          "acc_norm,none": 0.26621160409556316,
          "acc_norm_stderr,none": 0.012915774781523113,
          "alias": "arc_challenge"
        }
      },
      "openbookqa": {
        "accuracy": 0.286,
        "full_results": {
          "acc,none": 0.172,
          "acc_stderr,none": 0.01689386887634749,
          "acc_norm,none": 0.286,
          "acc_norm_stderr,none": 0.020229346329177604,
          "alias": "openbookqa"
        }
      }
    },
    "avg_zeroshot_acc": 0.4594450241461076
  }
}