{
  "attention": {
    "0": 6.967551650510489,
    "1": 1.7610447222273766,
    "2": 0.37588429690982306,
    "3": 0.22024237899594246,
    "4": 0.17339525169529724,
    "5": 0.10764843148606174,
    "6": 0.09605359873632136,
    "7": 0.08598833569343345,
    "8": 0.06178265309401265,
    "9": 0.08673540429897963,
    "10": 0.03972204555014658,
    "11": 0.032679451978142815,
    "12": 0.03874734704994687,
    "13": 0.051986214798851904,
    "14": 0.04737667386432065,
    "15": 0.044429855850665945,
    "16": 0.0566198536718967,
    "17": 0.06240275611889423,
    "18": 0.07036204434071136,
    "19": 0.07385180558225324,
    "20": 0.03343572234837433,
    "21": 0.04091177885920105,
    "22": 0.04218525615042923,
    "23": 0.05094148367221463,
    "24": 0.025867602816914914,
    "25": 0.026597707704314022,
    "26": 0.04154254760934162,
    "27": 0.7317498487734726
  },
  "mlp": {
    "0": 0.914722961987966,
    "1": 7.138898927972691,
    "2": 3.8769124139588973,
    "3": 3.032963099326679,
    "4": 2.9738439072524647,
    "5": 1.8534460458863489,
    "6": 0.3674671331566435,
    "7": 0.16916212018610866,
    "8": 0.1107748300258975,
    "9": 0.3220291781552973,
    "10": 0.11760212637111422,
    "11": 0.17047304509382766,
    "12": 0.13564665357284333,
    "13": 0.07631345337462436,
    "14": 0.06197114439271578,
    "15": 0.05748696561953137,
    "16": 0.051126685559505614,
    "17": 0.04736068039504415,
    "18": 0.05556502856710255,
    "19": 0.05991347284577975,
    "20": 0.07055784797998443,
    "21": 0.09333597781261416,
    "22": 0.14426573937551934,
    "23": 0.1501036506660629,
    "24": 0.14450939435109866,
    "25": 0.17356411497260682,
    "26": 0.2602360625805513,
    "27": 0.9829603691602058
  }
}