{
  "attention": {
    "0": 5.8883792638778685,
    "1": 4.167273840904236,
    "2": 4.996230959892274,
    "3": 4.278011622428894,
    "4": 4.526834082603455,
    "5": 4.457558016777039,
    "6": 4.11184974193573,
    "7": 4.14693482875824,
    "8": 4.061508326530457,
    "9": 4.227016444206238,
    "10": 4.088082041740417,
    "11": 4.152935843467713,
    "12": 4.290539755821228,
    "13": 4.065955538749695,
    "14": 4.095140738487244,
    "15": 3.830648341178894,
    "16": 3.5928701353073125,
    "17": 3.0804380559921265,
    "18": 3.013156657218933,
    "19": 2.764120001792908,
    "20": 2.6718433141708378,
    "21": 2.421500697135925,
    "22": 2.338053164482117,
    "23": 2.205540957450867,
    "24": 2.153361191749573,
    "25": 2.080951418876648,
    "26": 1.7655833005905155,
    "27": 1.5487016916275023,
    "28": 1.2944121503829953,
    "29": 1.041864533424378,
    "30": 0.577982640266419,
    "31": 0.32142071247100823
  },
  "mlp": {
    "0": 5.306277289390564,
    "1": 5.917081656455994,
    "2": 4.084607481956482,
    "3": 4.29326861858368,
    "4": 4.408393588066101,
    "5": 4.459198260307312,
    "6": 4.180740599632263,
    "7": 4.274591040611267,
    "8": 4.060390906333923,
    "9": 4.009705080986023,
    "10": 3.5619485235214237,
    "11": 3.4346412420272827,
    "12": 3.393485445976258,
    "13": 3.3312563848495484,
    "14": 3.0314269590377805,
    "15": 3.0302525854110716,
    "16": 3.0086983823776245,
    "17": 2.829325194358826,
    "18": 2.763839335441589,
    "19": 2.6694040822982785,
    "20": 2.780451807975769,
    "21": 2.8131251478195187,
    "22": 2.797734694480896,
    "23": 2.7752019643783568,
    "24": 2.718095145225525,
    "25": 2.608735575675964,
    "26": 2.3781100511550903,
    "27": 2.0345470476150513,
    "28": 1.6421292638778686,
    "29": 1.1942168283462529,
    "30": 0.8275217676162718,
    "31": 0.6912410306930541
  }
}