{
  "0": 5.024033007621765,
  "1": 5.109377055168152,
  "2": 0.09790198326110833,
  "3": 0.09274267673492442,
  "4": 0.06897365093231222,
  "5": 0.06661424160003682,
  "6": 0.027308959960937518,
  "7": 0.010345230102539293,
  "8": 0.018817071914672745,
  "9": 0.019602823257446556,
  "10": 0.01741097927093538,
  "11": -0.003672065734863228,
  "12": 0.014748215675354004,
  "13": 0.009882164001465021,
  "14": 0.011204662322997994,
  "15": 0.019780898094177157,
  "16": -0.0009754133224486594,
  "17": 0.05700000762939483,
  "18": 0.04294053554534916,
  "19": 0.09883853435516388,
  "20": 0.03611389636993412,
  "21": 0.03870582103729259,
  "22": 0.0395963191986084,
  "23": 0.03924813747406031,
  "24": 0.014126143455505336,
  "25": 0.023387989997863734,
  "26": 0.041424517631530655,
  "27": 0.016534700393676882,
  "28": 0.1253516674041748,
  "29": 0.18769501209259065,
  "30": 0.09246970653533948,
  "31": 0.6206481504440307
}