{
  "model_path": "results/search_Llama_blockwise_20/exp_006_taylor_seq_len64_taylor_num_samples4/pruned_model.bin",
  "timestamp": "2025-12-02T13:39:21.334616",
  "metrics": {
    "model_info": {
      "total_params": 6424219648,
      "trainable_params": 6424219648,
      "total_params_M": 6424.219648,
      "total_params_B": 6.424219648,
      "num_layers": 32,
      "module_params": {
        "embedding": 525336576,
        "lm_head": 525336576,
        "final_norm": 4096,
        "attention": 901775360,
        "mlp": 4471504896,
        "input_layernorm": 131072,
        "post_attention_layernorm": 131072,
        "total_accounted": 6424219648,
        "unaccounted": 0,
        "match": true
      },
      "attention_params": 901775360,
      "mlp_params": 4471504896,
      "attention_params_M": 901.77536,
      "mlp_params_M": 4471.504896,
      "attention_ratio": 0.14037119049638075,
      "mlp_ratio": 0.6960386071780839,
      "model_size_mb": 12253.226806640625,
      "model_size_gb": 11.966041803359985
    },
    "ppl_quick_128": {
      "wikitext2 (wikitext-2-raw-v1)": 50.826114654541016,
      "ptb": 134.91346740722656
    },
    "ppl_standard_2048_512": {
      "wikitext2 (wikitext-2-raw-v1)": 23.925437927246094,
      "ptb": 68.59567260742188
    },
    "ppl": {
      "wikitext2 (wikitext-2-raw-v1)": 23.925437927246094,
      "ptb": 68.59567260742188
    },
    "zeroshot": {
      "boolq": {
        "accuracy": 0.6403669724770642,
        "full_results": {
          "acc,none": 0.6403669724770642,
          "acc_stderr,none": 0.008393378084399213,
          "alias": "boolq"
        }
      },
      "piqa": {
        "accuracy": 0.6697497279651795,
        "full_results": {
          "acc,none": 0.676278563656148,
          "acc_stderr,none": 0.01091676501070871,
          "acc_norm,none": 0.6697497279651795,
          "acc_norm_stderr,none": 0.010972947133006216,
          "alias": "piqa"
        }
      },
      "hellaswag": {
        "accuracy": 0.4598685520812587,
        "full_results": {
          "acc,none": 0.36387173869747064,
          "acc_stderr,none": 0.004801290954386898,
          "acc_norm,none": 0.4598685520812587,
          "acc_norm_stderr,none": 0.004973683026201962,
          "alias": "hellaswag"
        }
      },
      "winogrande": {
        "accuracy": 0.6029992107340174,
        "full_results": {
          "acc,none": 0.6029992107340174,
          "acc_stderr,none": 0.013751092519806765,
          "alias": "winogrande"
        }
      },
      "arc_easy": {
        "accuracy": 0.48695286195286197,
        "full_results": {
          "acc,none": 0.5265151515151515,
          "acc_stderr,none": 0.010245347015573841,
          "acc_norm,none": 0.48695286195286197,
          "acc_norm_stderr,none": 0.010256289925058391,
          "alias": "arc_easy"
        }
      },
      "arc_challenge": {
        "accuracy": 0.295221843003413,
        "full_results": {
          "acc,none": 0.2619453924914676,
          "acc_stderr,none": 0.012849054826857987,
          "acc_norm,none": 0.295221843003413,
          "acc_norm_stderr,none": 0.01332975029338244,
          "alias": "arc_challenge"
        }
      },
      "openbookqa": {
        "accuracy": 0.332,
        "full_results": {
          "acc,none": 0.226,
          "acc_stderr,none": 0.01872295644913999,
          "acc_norm,none": 0.332,
          "acc_norm_stderr,none": 0.021081766571222797,
          "alias": "openbookqa"
        }
      }
    },
    "avg_zeroshot_acc": 0.4981655954591136
  }
}