{
  "model_path": "results/search_Llama_blockwise_20/exp_006_taylor_seq_len64_taylor_num_samples4/pruned_model.bin",
  "timestamp": "2025-12-01T18:02:12.985235",
  "metrics": {
    "model_info": {
      "total_params": 6424211456,
      "trainable_params": 6424211456,
      "total_params_M": 6424.211456,
      "total_params_B": 6.424211456,
      "num_layers": 32,
      "module_params": {
        "embedding": 525336576,
        "lm_head": 525336576,
        "final_norm": 4096,
        "attention": 1258291200,
        "mlp": 4114980864,
        "input_layernorm": 131072,
        "post_attention_layernorm": 131072,
        "total_accounted": 6424211456,
        "unaccounted": 0,
        "match": true
      },
      "attention_params": 1258291200,
      "mlp_params": 4114980864,
      "attention_params_M": 1258.2912,
      "mlp_params_M": 4114.980864,
      "attention_ratio": 0.19586702720141597,
      "mlp_ratio": 0.6405425618667556,
      "model_size_mb": 12253.211181640625,
      "model_size_gb": 11.966026544570923
    },
    "ppl_quick_128": {
      "wikitext2 (wikitext-2-raw-v1)": 27.07352066040039,
      "ptb": 46.00386428833008
    },
    "ppl_standard_2048_512": {
      "wikitext2 (wikitext-2-raw-v1)": 11.949492454528809,
      "ptb": 18.030479431152344
    },
    "ppl": {
      "wikitext2 (wikitext-2-raw-v1)": 11.949492454528809,
      "ptb": 18.030479431152344
    },
    "zeroshot": {
      "boolq": {
        "accuracy": 0.6883792048929663,
        "full_results": {
          "acc,none": 0.6883792048929663,
          "acc_stderr,none": 0.00810064549135038,
          "alias": "boolq"
        }
      },
      "piqa": {
        "accuracy": 0.733949945593036,
        "full_results": {
          "acc,none": 0.7301414581066377,
          "acc_stderr,none": 0.010356595421852079,
          "acc_norm,none": 0.733949945593036,
          "acc_norm_stderr,none": 0.010310039263352765,
          "alias": "piqa"
        }
      },
      "hellaswag": {
        "accuracy": 0.5939055964947222,
        "full_results": {
          "acc,none": 0.4400517825134435,
          "acc_stderr,none": 0.004953787146510981,
          "acc_norm,none": 0.5939055964947222,
          "acc_norm_stderr,none": 0.004900988997413755,
          "alias": "hellaswag"
        }
      },
      "winogrande": {
        "accuracy": 0.6424625098658248,
        "full_results": {
          "acc,none": 0.6424625098658248,
          "acc_stderr,none": 0.013470007443920773,
          "alias": "winogrande"
        }
      },
      "arc_easy": {
        "accuracy": 0.5353535353535354,
        "full_results": {
          "acc,none": 0.5854377104377104,
          "acc_stderr,none": 0.010108889212447719,
          "acc_norm,none": 0.5353535353535354,
          "acc_norm_stderr,none": 0.010234104543411521,
          "alias": "arc_easy"
        }
      },
      "arc_challenge": {
        "accuracy": 0.3387372013651877,
        "full_results": {
          "acc,none": 0.30119453924914674,
          "acc_stderr,none": 0.01340674176784774,
          "acc_norm,none": 0.3387372013651877,
          "acc_norm_stderr,none": 0.013830568927974365,
          "alias": "arc_challenge"
        }
      },
      "openbookqa": {
        "accuracy": 0.352,
        "full_results": {
          "acc,none": 0.248,
          "acc_stderr,none": 0.019332342821239124,
          "acc_norm,none": 0.352,
          "acc_norm_stderr,none": 0.02138004238594605,
          "alias": "openbookqa"
        }
      }
    },
    "avg_zeroshot_acc": 0.5549697133664674
  }
}