{
  "attention": {
    "0": 6.518877730042094,
    "1": 5.144852221160294,
    "2": 6.0493464602158635,
    "3": 5.282249481541685,
    "4": 5.614647565716316,
    "5": 5.5714727054478,
    "6": 5.248428545396768,
    "7": 5.224874104417726,
    "8": 5.111890457853017,
    "9": 5.262439193193627,
    "10": 5.137895495755247,
    "11": 5.191115653648222,
    "12": 5.335165653597723,
    "13": 5.0818760413201876,
    "14": 5.101427137407182,
    "15": 4.786565298579212,
    "16": 4.44120599013667,
    "17": 3.7171830487518007,
    "18": 3.605567864596733,
    "19": 3.202567656748483,
    "20": 2.98031921987581,
    "21": 2.6853014915681466,
    "22": 2.5752628568613134,
    "23": 2.404672972566227,
    "24": 2.365272916756186,
    "25": 2.255820443609474,
    "26": 1.9111923737656338,
    "27": 1.6680718368814182,
    "28": 1.3187943655115393,
    "29": 0.9926573650447237,
    "30": 0.5465936584825322,
    "31": 0.26459355117965
  },
  "mlp": {
    "0": 5.9815870531973,
    "1": 6.551317961079649,
    "2": 4.9136789156606735,
    "3": 5.289828814246626,
    "4": 5.544476776296415,
    "5": 5.642524553464021,
    "6": 5.438363843596893,
    "7": 5.411159447107796,
    "8": 5.292680986369152,
    "9": 5.151378149605449,
    "10": 4.74982413632889,
    "11": 4.655141136933736,
    "12": 4.644267413651743,
    "13": 4.522499855035873,
    "14": 4.152930159202787,
    "15": 4.00769334668473,
    "16": 3.934197644145686,
    "17": 3.5607161669719285,
    "18": 3.306021118215925,
    "19": 3.1562101636116666,
    "20": 3.196447395292997,
    "21": 3.2348273958087046,
    "22": 3.159185101150207,
    "23": 3.0675372921435122,
    "24": 3.0428802642191024,
    "25": 2.8464930585410158,
    "26": 2.614436861852299,
    "27": 2.1852423082678274,
    "28": 1.6961047182992943,
    "29": 1.1614037034969438,
    "30": 0.653245365975287,
    "31": 0.3898941877467652
  }
}