{
  "model_path": "results/search_Mistral-Instruct_layerwise_20/exp_004_taylor_seq_len32_taylor_num_samples256/pruned_model.bin",
  "timestamp": "2025-12-02T12:39:51.485000",
  "metrics": {
    "model_info": {
      "total_params": 5798424576,
      "trainable_params": 5798424576,
      "total_params_M": 5798.424576,
      "total_params_B": 5.798424576,
      "num_layers": 32,
      "module_params": {
        "embedding": 134217728,
        "lm_head": 134217728,
        "final_norm": 4096,
        "attention": 943718400,
        "mlp": 4586004480,
        "input_layernorm": 131072,
        "post_attention_layernorm": 131072,
        "total_accounted": 5798424576,
        "unaccounted": 0,
        "match": true
      },
      "attention_params": 943718400,
      "mlp_params": 4586004480,
      "attention_params_M": 943.7184,
      "mlp_params_M": 4586.00448,
      "attention_ratio": 0.16275427706796475,
      "mlp_ratio": 0.7909052570903011,
      "model_size_mb": 11059.617431640625,
      "model_size_gb": 10.800407648086548
    },
    "ppl_quick_128": {
      "wikitext2 (wikitext-2-raw-v1)": 27.341224670410156,
      "ptb": 175.1544189453125
    },
    "ppl_standard_2048_512": {
      "wikitext2 (wikitext-2-raw-v1)": 16.937118530273438,
      "ptb": 110.10822296142578
    },
    "ppl": {
      "wikitext2 (wikitext-2-raw-v1)": 16.937118530273438,
      "ptb": 110.10822296142578
    },
    "zeroshot": {
      "boolq": {
        "accuracy": 0.7012232415902141,
        "full_results": {
          "acc,none": 0.7012232415902141,
          "acc_stderr,none": 0.008005603861782023,
          "alias": "boolq"
        }
      },
      "piqa": {
        "accuracy": 0.794885745375408,
        "full_results": {
          "acc,none": 0.7850924918389554,
          "acc_stderr,none": 0.009583665082653393,
          "acc_norm,none": 0.794885745375408,
          "acc_norm_stderr,none": 0.009420971671018023,
          "alias": "piqa"
        }
      },
      "hellaswag": {
        "accuracy": 0.6902011551483768,
        "full_results": {
          "acc,none": 0.5046803425612428,
          "acc_stderr,none": 0.0049895627982807465,
          "acc_norm,none": 0.6902011551483768,
          "acc_norm_stderr,none": 0.004614655175010036,
          "alias": "hellaswag"
        }
      },
      "winogrande": {
        "accuracy": 0.5785319652722968,
        "full_results": {
          "acc,none": 0.5785319652722968,
          "acc_stderr,none": 0.01387807237749767,
          "alias": "winogrande"
        }
      },
      "arc_easy": {
        "accuracy": 0.7125420875420876,
        "full_results": {
          "acc,none": 0.7306397306397306,
          "acc_stderr,none": 0.009103043207756808,
          "acc_norm,none": 0.7125420875420876,
          "acc_norm_stderr,none": 0.009286682281593562,
          "alias": "arc_easy"
        }
      },
      "arc_challenge": {
        "accuracy": 0.44795221843003413,
        "full_results": {
          "acc,none": 0.4121160409556314,
          "acc_stderr,none": 0.014383915302225433,
          "acc_norm,none": 0.44795221843003413,
          "acc_norm_stderr,none": 0.014532011498211615,
          "alias": "arc_challenge"
        }
      },
      "openbookqa": {
        "accuracy": 0.448,
        "full_results": {
          "acc,none": 0.306,
          "acc_stderr,none": 0.020629569998345414,
          "acc_norm,none": 0.448,
          "acc_norm_stderr,none": 0.022261697292270087,
          "alias": "openbookqa"
        }
      }
    },
    "avg_zeroshot_acc": 0.6247623447654883
  }
}