{
  "model_path": "results/search_mistral_layerwise_20/exp_005_taylor_seq_len32_taylor_num_samples256/pruned_model.bin",
  "timestamp": "2025-12-01T01:12:53.675232",
  "metrics": {
    "model_info": {
      "total_params": 5798424576,
      "trainable_params": 5798424576,
      "total_params_M": 5798.424576,
      "total_params_B": 5.798424576,
      "num_layers": 32,
      "module_params": {
        "embedding": 134217728,
        "lm_head": 134217728,
        "final_norm": 4096,
        "attention": 1101004800,
        "mlp": 4428718080,
        "input_layernorm": 131072,
        "post_attention_layernorm": 131072,
        "total_accounted": 5798424576,
        "unaccounted": 0,
        "match": true
      },
      "attention_params": 1101004800,
      "mlp_params": 4428718080,
      "attention_params_M": 1101.0048,
      "mlp_params_M": 4428.71808,
      "attention_ratio": 0.18987998991262553,
      "mlp_ratio": 0.7637795442456403,
      "model_size_mb": 11059.617431640625,
      "model_size_gb": 10.800407648086548
    },
    "ppl_quick_128": {
      "wikitext2 (wikitext-2-raw-v1)": 21.162038803100586,
      "ptb": 104.966796875
    },
    "ppl_standard_2048_512": {
      "wikitext2 (wikitext-2-raw-v1)": 11.129030227661133,
      "ptb": 90.94078063964844
    },
    "ppl": {
      "wikitext2 (wikitext-2-raw-v1)": 11.129030227661133,
      "ptb": 90.94078063964844
    },
    "zeroshot": {
      "boolq": {
        "accuracy": 0.5764525993883792,
        "full_results": {
          "acc,none": 0.5764525993883792,
          "acc_stderr,none": 0.008642220663071498,
          "alias": "boolq"
        }
      },
      "piqa": {
        "accuracy": 0.7442872687704026,
        "full_results": {
          "acc,none": 0.7366702937976061,
          "acc_stderr,none": 0.010276185322196763,
          "acc_norm,none": 0.7442872687704026,
          "acc_norm_stderr,none": 0.010178690109459992,
          "alias": "piqa"
        }
      },
      "hellaswag": {
        "accuracy": 0.5457080262895837,
        "full_results": {
          "acc,none": 0.4118701453893647,
          "acc_stderr,none": 0.004911659884505895,
          "acc_norm,none": 0.5457080262895837,
          "acc_norm_stderr,none": 0.004968888130290375,
          "alias": "hellaswag"
        }
      },
      "winogrande": {
        "accuracy": 0.5548539857932123,
        "full_results": {
          "acc,none": 0.5548539857932123,
          "acc_stderr,none": 0.01396766295435552,
          "alias": "winogrande"
        }
      },
      "arc_easy": {
        "accuracy": 0.5155723905723906,
        "full_results": {
          "acc,none": 0.6056397306397306,
          "acc_stderr,none": 0.010028176038392816,
          "acc_norm,none": 0.5155723905723906,
          "acc_norm_stderr,none": 0.01025480633196194,
          "alias": "arc_easy"
        }
      },
      "arc_challenge": {
        "accuracy": 0.28754266211604096,
        "full_results": {
          "acc,none": 0.2619453924914676,
          "acc_stderr,none": 0.012849054826857987,
          "acc_norm,none": 0.28754266211604096,
          "acc_norm_stderr,none": 0.013226719056266044,
          "alias": "arc_challenge"
        }
      },
      "openbookqa": {
        "accuracy": 0.346,
        "full_results": {
          "acc,none": 0.21,
          "acc_stderr,none": 0.01823362086530592,
          "acc_norm,none": 0.346,
          "acc_norm_stderr,none": 0.021294951277234696,
          "alias": "openbookqa"
        }
      }
    },
    "avg_zeroshot_acc": 0.5100595618471442
  }
}