{
  "model_path": "results/search_Llama-Instruct_blockwise_20/exp_017_taylor_seq_len256_taylor_num_samples64/pruned_model.bin",
  "timestamp": "2025-12-01T22:15:20.750922",
  "metrics": {
    "model_info": {
      "total_params": 6424219648,
      "trainable_params": 6424219648,
      "total_params_M": 6424.219648,
      "total_params_B": 6.424219648,
      "num_layers": 32,
      "module_params": {
        "embedding": 525336576,
        "lm_head": 525336576,
        "final_norm": 4096,
        "attention": 1279262720,
        "mlp": 4094017536,
        "input_layernorm": 131072,
        "post_attention_layernorm": 131072,
        "total_accounted": 6424219648,
        "unaccounted": 0,
        "match": true
      },
      "attention_params": 1279262720,
      "mlp_params": 4094017536,
      "attention_params_M": 1279.26272,
      "mlp_params_M": 4094.017536,
      "attention_ratio": 0.19913122372742384,
      "mlp_ratio": 0.6372785739470407,
      "model_size_mb": 12253.226806640625,
      "model_size_gb": 11.966041803359985
    },
    "ppl_quick_128": {
      "wikitext2 (wikitext-2-raw-v1)": 47.70611572265625,
      "ptb": 85.48035430908203
    },
    "ppl_standard_2048_512": {
      "wikitext2 (wikitext-2-raw-v1)": 18.18876075744629,
      "ptb": 29.99080467224121
    },
    "ppl": {
      "wikitext2 (wikitext-2-raw-v1)": 18.18876075744629,
      "ptb": 29.99080467224121
    },
    "zeroshot": {
      "boolq": {
        "accuracy": 0.7535168195718654,
        "full_results": {
          "acc,none": 0.7535168195718654,
          "acc_stderr,none": 0.007537592585606566,
          "alias": "boolq"
        }
      },
      "piqa": {
        "accuracy": 0.7181719260065288,
        "full_results": {
          "acc,none": 0.7110990206746464,
          "acc_stderr,none": 0.010575111841365037,
          "acc_norm,none": 0.7181719260065288,
          "acc_norm_stderr,none": 0.010496675231258095,
          "alias": "piqa"
        }
      },
      "hellaswag": {
        "accuracy": 0.6553475403306114,
        "full_results": {
          "acc,none": 0.4638518223461462,
          "acc_stderr,none": 0.0049767241248505605,
          "acc_norm,none": 0.6553475403306114,
          "acc_norm_stderr,none": 0.004742835309763895,
          "alias": "hellaswag"
        }
      },
      "winogrande": {
        "accuracy": 0.696921862667719,
        "full_results": {
          "acc,none": 0.696921862667719,
          "acc_stderr,none": 0.012916727462634564,
          "alias": "winogrande"
        }
      },
      "arc_easy": {
        "accuracy": 0.6919191919191919,
        "full_results": {
          "acc,none": 0.7125420875420876,
          "acc_stderr,none": 0.009286682281593562,
          "acc_norm,none": 0.6919191919191919,
          "acc_norm_stderr,none": 0.009473887075826332,
          "alias": "arc_easy"
        }
      },
      "arc_challenge": {
        "accuracy": 0.4283276450511945,
        "full_results": {
          "acc,none": 0.4069965870307167,
          "acc_stderr,none": 0.014356399418009202,
          "acc_norm,none": 0.4283276450511945,
          "acc_norm_stderr,none": 0.01446049636759908,
          "alias": "arc_challenge"
        }
      },
      "openbookqa": {
        "accuracy": 0.376,
        "full_results": {
          "acc,none": 0.264,
          "acc_stderr,none": 0.01973288558592215,
          "acc_norm,none": 0.376,
          "acc_norm_stderr,none": 0.02168382753928621,
          "alias": "openbookqa"
        }
      }
    },
    "avg_zeroshot_acc": 0.6171721407924444
  }
}