{
  "params": {
    "taylor_seq_len": 64,
    "taylor_num_samples": 512
  },
  "metrics": {
    "acc_mean": 0.5982646124215484,
    "acc_details": {
      "boolq": 0.7651376146788991,
      "piqa": 0.7372143634385201,
      "hellaswag": 0.6111332403903604,
      "winogrande": 0.6629834254143646,
      "arc_easy": 0.6481481481481481,
      "arc_challenge": 0.417235494880546,
      "openbookqa": 0.346
    },
    "ppl": 14.05388069152832,
    "pruning_ratio": 0.199998673816496,
    "gradient_statistics": {
      "grad_mean_ratio": 10.464785147418578,
      "grad_norm_ratio": 12.143910689778965,
      "grad_mean_range": 0.2824186055093176,
      "grad_norm_range": 1904.6831725968252,
      "extreme_pruning_layers": 5.0
    }
  },
  "output_dir": "results/search_Llama-Instruct_layerwise_20/exp_010_taylor_seq_len64_taylor_num_samples512"
}