{
  "params": {
    "taylor_seq_len": 32,
    "taylor_num_samples": 512
  },
  "metrics": {
    "acc_mean": 0.6246718489937659,
    "acc_details": {
      "boolq": 0.8211009174311926,
      "piqa": 0.7399347116430903,
      "hellaswag": 0.646584345747859,
      "winogrande": 0.6842936069455406,
      "arc_easy": 0.6679292929292929,
      "arc_challenge": 0.4368600682593856,
      "openbookqa": 0.376
    },
    "ppl": 13.198046684265137,
    "pruning_ratio": 0.199998673816496,
    "gradient_statistics": {
      "grad_mean_ratio": 14.58986921431517,
      "grad_norm_ratio": 15.555576870039516,
      "grad_mean_range": 0.1357828753793405,
      "grad_norm_range": 799.6341725985209,
      "extreme_pruning_layers": 1
    }
  },
  "output_dir": "results/search_Llama-Instruct_layerwise_20/exp_005_taylor_seq_len32_taylor_num_samples512"
}