{
  "model_path": "results/search_Llama-Instruct_layerwise_20/exp_005_taylor_seq_len32_taylor_num_samples512/pruned_model.bin",
  "timestamp": "2025-12-02T13:14:44.862541",
  "metrics": {
    "model_info": {
      "total_params": 6424219648,
      "trainable_params": 6424219648,
      "total_params_M": 6424.219648,
      "total_params_B": 6.424219648,
      "num_layers": 32,
      "module_params": {
        "embedding": 525336576,
        "lm_head": 525336576,
        "final_norm": 4096,
        "attention": 1153433600,
        "mlp": 4219846656,
        "input_layernorm": 131072,
        "post_attention_layernorm": 131072,
        "total_accounted": 6424219648,
        "unaccounted": 0,
        "match": true
      },
      "attention_params": 1153433600,
      "mlp_params": 4219846656,
      "attention_params_M": 1153.4336,
      "mlp_params_M": 4219.846656,
      "attention_ratio": 0.1795445459837428,
      "mlp_ratio": 0.6568652516907217,
      "model_size_mb": 12253.226806640625,
      "model_size_gb": 11.966041803359985
    },
    "ppl_quick_128": {
      "wikitext2 (wikitext-2-raw-v1)": 31.491689682006836,
      "ptb": 47.09539794921875
    },
    "ppl_standard_2048_512": {
      "wikitext2 (wikitext-2-raw-v1)": 13.198046684265137,
      "ptb": 18.618961334228516
    },
    "ppl": {
      "wikitext2 (wikitext-2-raw-v1)": 13.198046684265137,
      "ptb": 18.618961334228516
    },
    "zeroshot": {
      "boolq": {
        "accuracy": 0.8211009174311926,
        "full_results": {
          "acc,none": 0.8211009174311926,
          "acc_stderr,none": 0.006703395833491638,
          "alias": "boolq"
        }
      },
      "piqa": {
        "accuracy": 0.7399347116430903,
        "full_results": {
          "acc,none": 0.7301414581066377,
          "acc_stderr,none": 0.010356595421852079,
          "acc_norm,none": 0.7399347116430903,
          "acc_norm_stderr,none": 0.010234893249061136,
          "alias": "piqa"
        }
      },
      "hellaswag": {
        "accuracy": 0.646584345747859,
        "full_results": {
          "acc,none": 0.4707229635530771,
          "acc_stderr,none": 0.004981220135881959,
          "acc_norm,none": 0.646584345747859,
          "acc_norm_stderr,none": 0.004770534055840883,
          "alias": "hellaswag"
        }
      },
      "winogrande": {
        "accuracy": 0.6842936069455406,
        "full_results": {
          "acc,none": 0.6842936069455406,
          "acc_stderr,none": 0.013063094743000794,
          "alias": "winogrande"
        }
      },
      "arc_easy": {
        "accuracy": 0.6679292929292929,
        "full_results": {
          "acc,none": 0.7276936026936027,
          "acc_stderr,none": 0.009134218447652479,
          "acc_norm,none": 0.6679292929292929,
          "acc_norm_stderr,none": 0.009663817543072557,
          "alias": "arc_easy"
        }
      },
      "arc_challenge": {
        "accuracy": 0.43686006825938567,
        "full_results": {
          "acc,none": 0.40955631399317405,
          "acc_stderr,none": 0.014370358632472406,
          "acc_norm,none": 0.43686006825938567,
          "acc_norm_stderr,none": 0.01449442158425651,
          "alias": "arc_challenge"
        }
      },
      "openbookqa": {
        "accuracy": 0.376,
        "full_results": {
          "acc,none": 0.256,
          "acc_stderr,none": 0.019536923574747664,
          "acc_norm,none": 0.376,
          "acc_norm_stderr,none": 0.02168382753928621,
          "alias": "openbookqa"
        }
      }
    },
    "avg_zeroshot_acc": 0.6246718489937659
  }
}