{
  "model_path": "results/search_Llama-Instruct_layerwise_20/exp_005_taylor_seq_len32_taylor_num_samples512/pruned_model.bin",
  "timestamp": "2025-12-01T23:01:41.615318",
  "metrics": {
    "model_info": {
      "total_params": 6424219648,
      "trainable_params": 6424219648,
      "total_params_M": 6424.219648,
      "total_params_B": 6.424219648,
      "num_layers": 32,
      "module_params": {
        "embedding": 525336576,
        "lm_head": 525336576,
        "final_norm": 4096,
        "attention": 1342177280,
        "mlp": 4031102976,
        "input_layernorm": 131072,
        "post_attention_layernorm": 131072,
        "total_accounted": 6424219648,
        "unaccounted": 0,
        "match": true
      },
      "attention_params": 1342177280,
      "mlp_params": 4031102976,
      "attention_params_M": 1342.17728,
      "mlp_params_M": 4031.102976,
      "attention_ratio": 0.20892456259926434,
      "mlp_ratio": 0.6274852350752003,
      "model_size_mb": 12253.226806640625,
      "model_size_gb": 11.966041803359985
    },
    "ppl_quick_128": {
      "wikitext2 (wikitext-2-raw-v1)": 31.463436126708984,
      "ptb": 47.62828826904297
    },
    "ppl_standard_2048_512": {
      "wikitext2 (wikitext-2-raw-v1)": 13.62762451171875,
      "ptb": 19.23555564880371
    },
    "ppl": {
      "wikitext2 (wikitext-2-raw-v1)": 13.62762451171875,
      "ptb": 19.23555564880371
    },
    "zeroshot": {
      "boolq": {
        "accuracy": 0.7241590214067278,
        "full_results": {
          "acc,none": 0.7241590214067278,
          "acc_stderr,none": 0.007816978272864733,
          "alias": "boolq"
        }
      },
      "piqa": {
        "accuracy": 0.7274211099020674,
        "full_results": {
          "acc,none": 0.7274211099020674,
          "acc_stderr,none": 0.010389256803295867,
          "acc_norm,none": 0.7274211099020674,
          "acc_norm_stderr,none": 0.010389256803295867,
          "alias": "piqa"
        }
      },
      "hellaswag": {
        "accuracy": 0.5918143796056562,
        "full_results": {
          "acc,none": 0.4366660027882892,
          "acc_stderr,none": 0.004949589567678916,
          "acc_norm,none": 0.5918143796056562,
          "acc_norm_stderr,none": 0.00490493350025573,
          "alias": "hellaswag"
        }
      },
      "winogrande": {
        "accuracy": 0.6322020520915549,
        "full_results": {
          "acc,none": 0.6322020520915549,
          "acc_stderr,none": 0.013552385559833624,
          "alias": "winogrande"
        }
      },
      "arc_easy": {
        "accuracy": 0.622895622895623,
        "full_results": {
          "acc,none": 0.6523569023569024,
          "acc_stderr,none": 0.009771868846831044,
          "acc_norm,none": 0.622895622895623,
          "acc_norm_stderr,none": 0.009945041946366447,
          "alias": "arc_easy"
        }
      },
      "arc_challenge": {
        "accuracy": 0.3609215017064846,
        "full_results": {
          "acc,none": 0.3447098976109215,
          "acc_stderr,none": 0.013888816286782117,
          "acc_norm,none": 0.3609215017064846,
          "acc_norm_stderr,none": 0.014034761386175525,
          "alias": "arc_challenge"
        }
      },
      "openbookqa": {
        "accuracy": 0.33,
        "full_results": {
          "acc,none": 0.234,
          "acc_stderr,none": 0.018952741564893755,
          "acc_norm,none": 0.33,
          "acc_norm_stderr,none": 0.02104961216613478,
          "alias": "openbookqa"
        }
      }
    },
    "avg_zeroshot_acc": 0.5699162410868734
  }
}