{
  "0": 3.507344961943362,
  "1": 2.7950960377724527,
  "2": 0.07182717503836811,
  "3": 0.0576476976282585,
  "4": 0.04008906799184064,
  "5": 0.048318368710094095,
  "6": 0.043920735173447856,
  "7": 0.03464264176349596,
  "8": 0.032451360243730853,
  "9": 0.027926572100675173,
  "10": 0.027492836841878532,
  "11": 0.016621063770914546,
  "12": 0.013494531374517837,
  "13": 0.019981961344913923,
  "14": 0.01608370123528413,
  "15": 0.02102925478526574,
  "16": 0.028258669048442098,
  "17": 0.04366426203722318,
  "18": 0.05630894278812715,
  "19": 0.10626744209354655,
  "20": 0.0674085743781716,
  "21": 0.05219811697562893,
  "22": 0.04066043930497987,
  "23": 0.04295628000903129,
  "24": 0.038685606868089195,
  "25": 0.04436627531696091,
  "26": 0.04532474238840756,
  "27": 0.04293853107925161,
  "28": 0.04646645085438905,
  "29": 0.0757146015796133,
  "30": 0.0757082140161196,
  "31": 0.25895669572730196
}