{
  "0": 0.83982177734375,
  "1": 0.12691406250000004,
  "2": 0.12106445312500003,
  "3": 0.8657415771484375,
  "4": 0.002041015625000031,
  "5": 0.0005078124999999822,
  "6": 0.00056640625000004,
  "7": 0.0007714843749999645,
  "8": 0.00081054687500004,
  "9": 0.0009179687500000533,
  "10": 0.0007714843749999645,
  "11": 0.0007910156249999467,
  "12": 0.0009082031249999512,
  "13": 0.0009472656250000266,
  "14": 0.0009375000000000355,
  "15": 0.0009863281249999911,
  "16": 0.0008203125000000311,
  "17": 0.0008203125000000311,
  "18": 0.00105468750000004,
  "19": 0.0013964843749999512,
  "20": 0.0017480468749999645,
  "21": 0.0019824218749999734,
  "22": 0.0024023437500000355,
  "23": 0.0031445312500000266,
  "24": 0.0038671875000000355,
  "25": 0.00544921875000004,
  "26": 0.23498046875,
  "27": 0.5547998046875
}