{
  "model_path": "results/search_Llama_blockwise_20/exp_013_taylor_seq_len128_taylor_num_samples128/pruned_model.bin",
  "timestamp": "2025-12-02T15:52:20.506908",
  "metrics": {
    "model_info": {
      "total_params": 6424219648,
      "trainable_params": 6424219648,
      "total_params_M": 6424.219648,
      "total_params_B": 6.424219648,
      "num_layers": 32,
      "module_params": {
        "embedding": 525336576,
        "lm_head": 525336576,
        "final_norm": 4096,
        "attention": 1216348160,
        "mlp": 4156932096,
        "input_layernorm": 131072,
        "post_attention_layernorm": 131072,
        "total_accounted": 6424219648,
        "unaccounted": 0,
        "match": true
      },
      "attention_params": 1216348160,
      "mlp_params": 4156932096,
      "attention_params_M": 1216.34816,
      "mlp_params_M": 4156.932096,
      "attention_ratio": 0.1893378848555833,
      "mlp_ratio": 0.6470719128188812,
      "model_size_mb": 12253.226806640625,
      "model_size_gb": 11.966041803359985
    },
    "ppl_quick_128": {
      "wikitext2 (wikitext-2-raw-v1)": 32.21845626831055,
      "ptb": 49.26213455200195
    },
    "ppl_standard_2048_512": {
      "wikitext2 (wikitext-2-raw-v1)": 13.419259071350098,
      "ptb": 18.048276901245117
    },
    "ppl": {
      "wikitext2 (wikitext-2-raw-v1)": 13.419259071350098,
      "ptb": 18.048276901245117
    },
    "zeroshot": {
      "boolq": {
        "accuracy": 0.6587155963302752,
        "full_results": {
          "acc,none": 0.6587155963302752,
          "acc_stderr,none": 0.008292772166127808,
          "alias": "boolq"
        }
      },
      "piqa": {
        "accuracy": 0.7404787812840044,
        "full_results": {
          "acc,none": 0.733949945593036,
          "acc_stderr,none": 0.010310039263352765,
          "acc_norm,none": 0.7404787812840044,
          "acc_norm_stderr,none": 0.010227939888174076,
          "alias": "piqa"
        }
      },
      "hellaswag": {
        "accuracy": 0.6362278430591516,
        "full_results": {
          "acc,none": 0.46335391356303524,
          "acc_stderr,none": 0.004976361454341516,
          "acc_norm,none": 0.6362278430591516,
          "acc_norm_stderr,none": 0.004801009657690644,
          "alias": "hellaswag"
        }
      },
      "winogrande": {
        "accuracy": 0.6937647987371744,
        "full_results": {
          "acc,none": 0.6937647987371744,
          "acc_stderr,none": 0.01295438597280241,
          "alias": "winogrande"
        }
      },
      "arc_easy": {
        "accuracy": 0.6064814814814815,
        "full_results": {
          "acc,none": 0.6679292929292929,
          "acc_stderr,none": 0.009663817543072557,
          "acc_norm,none": 0.6064814814814815,
          "acc_norm_stderr,none": 0.01002442688429269,
          "alias": "arc_easy"
        }
      },
      "arc_challenge": {
        "accuracy": 0.39761092150170646,
        "full_results": {
          "acc,none": 0.36177474402730375,
          "acc_stderr,none": 0.014041957945037995,
          "acc_norm,none": 0.39761092150170646,
          "acc_norm_stderr,none": 0.014301752223279512,
          "alias": "arc_challenge"
        }
      },
      "openbookqa": {
        "accuracy": 0.402,
        "full_results": {
          "acc,none": 0.28,
          "acc_stderr,none": 0.020099950647503192,
          "acc_norm,none": 0.402,
          "acc_norm_stderr,none": 0.021948929609938706,
          "alias": "openbookqa"
        }
      }
    },
    "avg_zeroshot_acc": 0.5907542031991133
  }
}