{
  "model_path": "results/search_Qwen_20/exp_012_taylor_seq_len128_taylor_num_samples64/pruned_model.bin",
  "timestamp": "2025-12-02T03:05:30.471453",
  "metrics": {
    "model_info": {
      "total_params": 6092498944,
      "trainable_params": 6092498944,
      "total_params_M": 6092.498944,
      "total_params_B": 6.092498944,
      "num_layers": 28,
      "module_params": {
        "embedding": 544997376,
        "lm_head": 544997376,
        "final_norm": 3584,
        "attention": 822212608,
        "mlp": 4180087296,
        "input_layernorm": 100352,
        "post_attention_layernorm": 100352,
        "total_accounted": 6092498944,
        "unaccounted": 0,
        "match": true
      },
      "attention_params": 822212608,
      "mlp_params": 4180087296,
      "attention_params_M": 822.212608,
      "mlp_params_M": 4180.087296,
      "attention_ratio": 0.1349549036540629,
      "mlp_ratio": 0.6861039016045499,
      "model_size_mb": 11620.519775390625,
      "model_size_gb": 11.348163843154907
    },
    "ppl_quick_128": {
      "wikitext2 (wikitext-2-raw-v1)": 40.00326156616211,
      "ptb": 58.65022277832031
    },
    "ppl_standard_2048_512": {
      "wikitext2 (wikitext-2-raw-v1)": 15.640059471130371,
      "ptb": 20.968753814697266
    },
    "ppl": {
      "wikitext2 (wikitext-2-raw-v1)": 15.640059471130371,
      "ptb": 20.968753814697266
    },
    "zeroshot": {
      "boolq": {
        "accuracy": 0.8165137614678899,
        "full_results": {
          "acc,none": 0.8165137614678899,
          "acc_stderr,none": 0.006769803186164031,
          "alias": "boolq"
        }
      },
      "piqa": {
        "accuracy": 0.7230685527747551,
        "full_results": {
          "acc,none": 0.7121871599564744,
          "acc_stderr,none": 0.010563250383059263,
          "acc_norm,none": 0.7230685527747551,
          "acc_norm_stderr,none": 0.010440499969334648,
          "alias": "piqa"
        }
      },
      "hellaswag": {
        "accuracy": 0.633240390360486,
        "full_results": {
          "acc,none": 0.46504680342561244,
          "acc_stderr,none": 0.004977574188421319,
          "acc_norm,none": 0.633240390360486,
          "acc_norm_stderr,none": 0.004809352075009149,
          "alias": "hellaswag"
        }
      },
      "winogrande": {
        "accuracy": 0.6519337016574586,
        "full_results": {
          "acc,none": 0.6519337016574586,
          "acc_stderr,none": 0.013388004531085948,
          "alias": "winogrande"
        }
      },
      "arc_easy": {
        "accuracy": 0.6380471380471381,
        "full_results": {
          "acc,none": 0.6675084175084175,
          "acc_stderr,none": 0.009666892606130106,
          "acc_norm,none": 0.6380471380471381,
          "acc_norm_stderr,none": 0.009860991466688474,
          "alias": "arc_easy"
        }
      },
      "arc_challenge": {
        "accuracy": 0.40102389078498296,
        "full_results": {
          "acc,none": 0.3626279863481229,
          "acc_stderr,none": 0.014049106564955149,
          "acc_norm,none": 0.40102389078498296,
          "acc_norm_stderr,none": 0.014322255790719744,
          "alias": "arc_challenge"
        }
      },
      "openbookqa": {
        "accuracy": 0.328,
        "full_results": {
          "acc,none": 0.224,
          "acc_stderr,none": 0.01866399446471086,
          "acc_norm,none": 0.328,
          "acc_norm_stderr,none": 0.021017027165175464,
          "alias": "openbookqa"
        }
      }
    },
    "avg_zeroshot_acc": 0.5988324907275301
  }
}