{
  "model_path": "results/search_Llama_20/exp_004_taylor_seq_len32_taylor_num_samples128/pruned_model.bin",
  "timestamp": "2025-11-30T18:32:37.467134",
  "metrics": {
    "model_info": {
      "total_params": 6424215552,
      "trainable_params": 6424215552,
      "total_params_M": 6424.215552,
      "total_params_B": 6.424215552,
      "num_layers": 32,
      "module_params": {
        "embedding": 525336576,
        "lm_head": 525336576,
        "final_norm": 4096,
        "attention": 1221591040,
        "mlp": 4151685120,
        "input_layernorm": 131072,
        "post_attention_layernorm": 131072,
        "total_accounted": 6424215552,
        "unaccounted": 0,
        "match": true
      },
      "attention_params": 1221591040,
      "mlp_params": 4151685120,
      "attention_params_M": 1221.59104,
      "mlp_params_M": 4151.68512,
      "attention_ratio": 0.1901541176680617,
      "mlp_ratio": 0.6462555757033228,
      "model_size_mb": 12253.218994140625,
      "model_size_gb": 11.966034173965454
    },
    "ppl_quick_128": {
      "wikitext2 (wikitext-2-raw-v1)": 30.914020538330078,
      "ptb": 50.27419662475586
    },
    "ppl_standard_2048_512": {
      "wikitext2 (wikitext-2-raw-v1)": 13.074614524841309,
      "ptb": 18.41780662536621
    },
    "ppl": {
      "wikitext2 (wikitext-2-raw-v1)": 13.074614524841309,
      "ptb": 18.41780662536621
    },
    "zeroshot": {
      "boolq": {
        "accuracy": 0.4908256880733945,
        "full_results": {
          "acc,none": 0.4908256880733945,
          "acc_stderr,none": 0.008743582744910227,
          "alias": "boolq"
        }
      },
      "piqa": {
        "accuracy": 0.721436343852013,
        "full_results": {
          "acc,none": 0.7105549510337323,
          "acc_stderr,none": 0.010581014740675708,
          "acc_norm,none": 0.721436343852013,
          "acc_norm_stderr,none": 0.01045939723596504,
          "alias": "piqa"
        }
      },
      "hellaswag": {
        "accuracy": 0.6184027086237801,
        "full_results": {
          "acc,none": 0.44901414060944034,
          "acc_stderr,none": 0.004963771168671997,
          "acc_norm,none": 0.6184027086237801,
          "acc_norm_stderr,none": 0.004847857546957552,
          "alias": "hellaswag"
        }
      },
      "winogrande": {
        "accuracy": 0.6574585635359116,
        "full_results": {
          "acc,none": 0.6574585635359116,
          "acc_stderr,none": 0.013337483579076027,
          "alias": "winogrande"
        }
      },
      "arc_easy": {
        "accuracy": 0.6127946127946128,
        "full_results": {
          "acc,none": 0.6460437710437711,
          "acc_stderr,none": 0.009812370644174563,
          "acc_norm,none": 0.6127946127946128,
          "acc_norm_stderr,none": 0.009995312065890286,
          "alias": "arc_easy"
        }
      },
      "arc_challenge": {
        "accuracy": 0.3771331058020478,
        "full_results": {
          "acc,none": 0.3310580204778157,
          "acc_stderr,none": 0.013752062419817992,
          "acc_norm,none": 0.3771331058020478,
          "acc_norm_stderr,none": 0.01416336689619262,
          "alias": "arc_challenge"
        }
      },
      "openbookqa": {
        "accuracy": 0.358,
        "full_results": {
          "acc,none": 0.234,
          "acc_stderr,none": 0.018952741564893755,
          "acc_norm,none": 0.358,
          "acc_norm_stderr,none": 0.021461434862859133,
          "alias": "openbookqa"
        }
      }
    },
    "avg_zeroshot_acc": 0.5480072889545371
  }
}