{
  "0": 8.408459787275277,
  "1": 0.20833429869483489,
  "2": 0.2930965283337761,
  "3": 1.0203121339573582,
  "4": 1.3235247485777912,
  "5": 0.08681758478576063,
  "6": 0.14641107764898553,
  "7": 0.10490850607554103,
  "8": 0.07298628021688991,
  "9": 0.31480977348252814,
  "10": 0.05927395119386558,
  "11": 0.04916165623010338,
  "12": 0.031249611985449732,
  "13": 0.029726012080323105,
  "14": 0.039015372594197295,
  "15": 0.02949256522982724,
  "16": 0.02096872469958111,
  "17": 0.01033487273197542,
  "18": 0.008673705306707635,
  "19": 0.08232018293118948,
  "20": 0.07082086918400776,
  "21": 0.06553486515493923,
  "22": 0.12003983002082963,
  "23": 0.11739481897915116,
  "24": 0.14176252776501208,
  "25": 0.2209092098123886,
  "26": 0.36174975423251876,
  "27": 1.5947410756466431
}