{
  "0": 3.446194394431995,
  "1": 3.4312311303104357,
  "2": 0.12014494777985307,
  "3": 0.09498270255130903,
  "4": 0.06354722234312238,
  "5": 0.06928208901913324,
  "6": 0.047686622445075155,
  "7": 0.03816295559173666,
  "8": 0.036851174828426814,
  "9": 0.02311650383465036,
  "10": 0.02030369378232777,
  "11": 0.020210077519591696,
  "12": 0.01349569904352288,
  "13": 0.025521833493592716,
  "14": 0.01446076570052135,
  "15": 0.020225621514471825,
  "16": 0.04088742300321657,
  "17": 0.0505542552122944,
  "18": 0.0677168062564526,
  "19": 0.1556271851766624,
  "20": 0.0751597769442669,
  "21": 0.058915549253661936,
  "22": 0.043225732221597646,
  "23": 0.05456630723531264,
  "24": 0.048288666550012405,
  "25": 0.048363526575753824,
  "26": 0.04698661879177379,
  "27": 0.04726816868470873,
  "28": 0.0623497845150065,
  "29": 0.09764928940736883,
  "30": 0.06747327571777628,
  "31": 0.2756225517479214
}