{
  "model_path": "results/search_Qwen-Instruct_20/exp_019_taylor_seq_len256_taylor_num_samples256/pruned_model.bin",
  "timestamp": "2025-12-02T04:28:13.033668",
  "metrics": {
    "model_info": {
      "total_params": 6092498944,
      "trainable_params": 6092498944,
      "total_params_M": 6092.498944,
      "total_params_B": 6.092498944,
      "num_layers": 28,
      "module_params": {
        "embedding": 544997376,
        "lm_head": 544997376,
        "final_norm": 3584,
        "attention": 822212608,
        "mlp": 4180087296,
        "input_layernorm": 100352,
        "post_attention_layernorm": 100352,
        "total_accounted": 6092498944,
        "unaccounted": 0,
        "match": true
      },
      "attention_params": 822212608,
      "mlp_params": 4180087296,
      "attention_params_M": 822.212608,
      "mlp_params_M": 4180.087296,
      "attention_ratio": 0.1349549036540629,
      "mlp_ratio": 0.6861039016045499,
      "model_size_mb": 11620.519775390625,
      "model_size_gb": 11.348163843154907
    },
    "ppl_quick_128": {
      "wikitext2 (wikitext-2-raw-v1)": 75.4774169921875,
      "ptb": 112.41067504882812
    },
    "ppl_standard_2048_512": {
      "wikitext2 (wikitext-2-raw-v1)": 26.627492904663086,
      "ptb": 43.91490173339844
    },
    "ppl": {
      "wikitext2 (wikitext-2-raw-v1)": 26.627492904663086,
      "ptb": 43.91490173339844
    },
    "zeroshot": {
      "boolq": {
        "accuracy": 0.6859327217125383,
        "full_results": {
          "acc,none": 0.6859327217125383,
          "acc_stderr,none": 0.008117917728841463,
          "alias": "boolq"
        }
      },
      "piqa": {
        "accuracy": 0.691512513601741,
        "full_results": {
          "acc,none": 0.6898803046789989,
          "acc_stderr,none": 0.010791876566842959,
          "acc_norm,none": 0.691512513601741,
          "acc_norm_stderr,none": 0.010776164678037265,
          "alias": "piqa"
        }
      },
      "hellaswag": {
        "accuracy": 0.6168094005178252,
        "full_results": {
          "acc,none": 0.466938856801434,
          "acc_stderr,none": 0.004978861409119798,
          "acc_norm,none": 0.6168094005178252,
          "acc_norm_stderr,none": 0.004851705504790584,
          "alias": "hellaswag"
        }
      },
      "winogrande": {
        "accuracy": 0.6345698500394633,
        "full_results": {
          "acc,none": 0.6345698500394633,
          "acc_stderr,none": 0.013533965097638776,
          "alias": "winogrande"
        }
      },
      "arc_easy": {
        "accuracy": 0.5845959595959596,
        "full_results": {
          "acc,none": 0.625,
          "acc_stderr,none": 0.009933992677987828,
          "acc_norm,none": 0.5845959595959596,
          "acc_norm_stderr,none": 0.010111869494911491,
          "alias": "arc_easy"
        }
      },
      "arc_challenge": {
        "accuracy": 0.40102389078498296,
        "full_results": {
          "acc,none": 0.37542662116040953,
          "acc_stderr,none": 0.014150631435111728,
          "acc_norm,none": 0.40102389078498296,
          "acc_norm_stderr,none": 0.014322255790719744,
          "alias": "arc_challenge"
        }
      },
      "openbookqa": {
        "accuracy": 0.342,
        "full_results": {
          "acc,none": 0.216,
          "acc_stderr,none": 0.01842190906141201,
          "acc_norm,none": 0.342,
          "acc_norm_stderr,none": 0.021236147199899316,
          "alias": "openbookqa"
        }
      }
    },
    "avg_zeroshot_acc": 0.5652063337503587
  }
}