{
  "attention": {
    "0": 4.9416755727064,
    "1": 2.5041488373257814,
    "2": 2.7029785542266214,
    "3": 2.0512107119834337,
    "4": 1.804864764202685,
    "5": 1.6600135405242011,
    "6": 1.4767015928225793,
    "7": 1.483902884998026,
    "8": 1.5603926300893733,
    "9": 1.457336844656154,
    "10": 1.4839043739829623,
    "11": 1.456217383740157,
    "12": 1.3591007639348072,
    "13": 1.4833935551508497,
    "14": 1.3758337167601513,
    "15": 1.130571170825593,
    "16": 0.9681867132765531,
    "17": 0.8139992721433185,
    "18": 0.718017309392891,
    "19": 0.6052088076724624,
    "20": 0.5754644389461427,
    "21": 0.5759937687838166,
    "22": 0.5678558676891083,
    "23": 0.48753725106481216,
    "24": 0.46330967413900526,
    "25": 0.4183029346548728,
    "26": 0.4034281513116653,
    "27": 0.4027656311971426,
    "28": 0.32741765506076126,
    "29": 0.3670751893281068,
    "30": 0.3161432227514087,
    "31": 0.17049736855891506
  },
  "mlp": {
    "0": 4.257301431796412,
    "1": 3.6327716825978595,
    "2": 1.337236668017224,
    "3": 1.0135319349430771,
    "4": 0.8307981790961141,
    "5": 0.7420067846231215,
    "6": 0.6581236146336056,
    "7": 0.6049792055774779,
    "8": 0.6035691572258073,
    "9": 0.6492248861567815,
    "10": 0.6531024463311601,
    "11": 0.64448875596706,
    "12": 0.6027308530724831,
    "13": 0.5913915858542831,
    "14": 0.556315403317448,
    "15": 0.5284996135065154,
    "16": 0.5124728059790429,
    "17": 0.4763100396216351,
    "18": 0.4795149541140473,
    "19": 0.4497741778727864,
    "20": 0.4444410671826695,
    "21": 0.42967888191886194,
    "22": 0.46019648194965646,
    "23": 0.4357715475080659,
    "24": 0.4417938382194859,
    "25": 0.3682093589954132,
    "26": 0.34279862794562854,
    "27": 0.3847130481779142,
    "28": 0.34203113450186073,
    "29": 0.32988797430574435,
    "30": 0.48905487684872906,
    "31": 1.0611238047915652
  }
}