{
  "model_path": "results/for_finetuning/Qwen-Instruct/ShortGPT_remove_6/pruned_model.bin",
  "timestamp": "2025-12-04T22:11:34.946044",
  "metrics": {
    "model_info": {
      "total_params": 6217269760,
      "trainable_params": 6217269760,
      "total_params_M": 6217.26976,
      "total_params_B": 6.21726976,
      "num_layers": 22,
      "module_params": {
        "embedding": 544997376,
        "lm_head": 544997376,
        "final_norm": 3584,
        "attention": 646024192,
        "mlp": 4481089536,
        "input_layernorm": 78848,
        "post_attention_layernorm": 78848,
        "total_accounted": 6217269760,
        "unaccounted": 0,
        "match": true
      },
      "attention_params": 646024192,
      "mlp_params": 4481089536,
      "attention_params_M": 646.024192,
      "mlp_params_M": 4481.089536,
      "attention_ratio": 0.1039080202304106,
      "mlp_ratio": 0.7207487705986236,
      "model_size_mb": 11858.501220703125,
      "model_size_gb": 11.580567598342896
    },
    "ppl_quick_128": {
      "wikitext2 (wikitext-2-raw-v1)": 24.542903900146484,
      "ptb": 48.7785530090332
    },
    "ppl_standard_2048_512": {
      "wikitext2 (wikitext-2-raw-v1)": 11.188654899597168,
      "ptb": 19.576034545898438
    },
    "ppl": {
      "wikitext2 (wikitext-2-raw-v1)": 11.188654899597168,
      "ptb": 19.576034545898438
    },
    "zeroshot": {
      "boolq": {
        "accuracy": 0.581651376146789,
        "full_results": {
          "acc,none": 0.581651376146789,
          "acc_stderr,none": 0.008627661390825629,
          "alias": "boolq"
        }
      },
      "piqa": {
        "accuracy": 0.7698585418933623,
        "full_results": {
          "acc,none": 0.7611534276387377,
          "acc_stderr,none": 0.009948120385337331,
          "acc_norm,none": 0.7698585418933623,
          "acc_norm_stderr,none": 0.009820832826839678,
          "alias": "piqa"
        }
      },
      "hellaswag": {
        "accuracy": 0.6527584146584345,
        "full_results": {
          "acc,none": 0.48466440948018324,
          "acc_stderr,none": 0.0049874338622748204,
          "acc_norm,none": 0.6527584146584345,
          "acc_norm_stderr,none": 0.0047512033788882566,
          "alias": "hellaswag"
        }
      },
      "winogrande": {
        "accuracy": 0.5556432517758485,
        "full_results": {
          "acc,none": 0.5556432517758485,
          "acc_stderr,none": 0.013965196769083407,
          "alias": "winogrande"
        }
      },
      "arc_easy": {
        "accuracy": 0.6826599326599326,
        "full_results": {
          "acc,none": 0.7310606060606061,
          "acc_stderr,none": 0.009098548093009251,
          "acc_norm,none": 0.6826599326599326,
          "acc_norm_stderr,none": 0.009550648343947928,
          "alias": "arc_easy"
        }
      },
      "arc_challenge": {
        "accuracy": 0.4052901023890785,
        "full_results": {
          "acc,none": 0.3984641638225256,
          "acc_stderr,none": 0.014306946052735529,
          "acc_norm,none": 0.4052901023890785,
          "acc_norm_stderr,none": 0.01434686906022932,
          "alias": "arc_challenge"
        }
      },
      "openbookqa": {
        "accuracy": 0.412,
        "full_results": {
          "acc,none": 0.292,
          "acc_stderr,none": 0.020354375480530096,
          "acc_norm,none": 0.412,
          "acc_norm_stderr,none": 0.02203367799374094,
          "alias": "openbookqa"
        }
      }
    },
    "avg_zeroshot_acc": 0.5799802313604923
  }
}