{
  "extreme_pruning_layers": [
    {
      "layer_idx": 18,
      "pruning_rate": 0.5799197635135135,
      "importance": 1.2335013022293915,
      "gradient_mean": 0.020795289349431794,
      "gradient_norm": 45.268182983001076
    },
    {
      "layer_idx": 19,
      "pruning_rate": 0.5525232263513513,
      "importance": 1.1049740604452185,
      "gradient_mean": 0.01529230239490668,
      "gradient_norm": 36.30122274657091
    }
  ],
  "num_extreme_layers": 2,
  "gradient_statistics": {
    "mean_range": [
      0.008643995504826307,
      0.0656191548332572
    ],
    "mean_ratio": 7.591298958622707,
    "norm_range": [
      35.064045540988445,
      66.87505319093664
    ],
    "norm_ratio": 1.9072258251710201
  },
  "diagnosis": []
}