{
  "model_path": "results/search_Llama_blockwise_20/exp_019_taylor_seq_len256_taylor_num_samples256/pruned_model.bin",
  "timestamp": "2025-12-01T22:59:48.386294",
  "metrics": {
    "model_info": {
      "total_params": 6424211456,
      "trainable_params": 6424211456,
      "total_params_M": 6424.211456,
      "total_params_B": 6.424211456,
      "num_layers": 32,
      "module_params": {
        "embedding": 525336576,
        "lm_head": 525336576,
        "final_norm": 4096,
        "attention": 1305477120,
        "mlp": 4067794944,
        "input_layernorm": 131072,
        "post_attention_layernorm": 131072,
        "total_accounted": 6424211456,
        "unaccounted": 0,
        "match": true
      },
      "attention_params": 1305477120,
      "mlp_params": 4067794944,
      "attention_params_M": 1305.47712,
      "mlp_params_M": 4067.794944,
      "attention_ratio": 0.20321204072146906,
      "mlp_ratio": 0.6331975483467025,
      "model_size_mb": 12253.211181640625,
      "model_size_gb": 11.966026544570923
    },
    "ppl_quick_128": {
      "wikitext2 (wikitext-2-raw-v1)": 34.741554260253906,
      "ptb": 51.00587463378906
    },
    "ppl_standard_2048_512": {
      "wikitext2 (wikitext-2-raw-v1)": 13.710006713867188,
      "ptb": 17.96830177307129
    },
    "ppl": {
      "wikitext2 (wikitext-2-raw-v1)": 13.710006713867188,
      "ptb": 17.96830177307129
    },
    "zeroshot": {
      "boolq": {
        "accuracy": 0.6856269113149847,
        "full_results": {
          "acc,none": 0.6856269113149847,
          "acc_stderr,none": 0.008120058321124923,
          "alias": "boolq"
        }
      },
      "piqa": {
        "accuracy": 0.7290533188248096,
        "full_results": {
          "acc,none": 0.7268770402611534,
          "acc_stderr,none": 0.01039573026445318,
          "acc_norm,none": 0.7290533188248096,
          "acc_norm_stderr,none": 0.010369718937426912,
          "alias": "piqa"
        }
      },
      "hellaswag": {
        "accuracy": 0.6411073491336388,
        "full_results": {
          "acc,none": 0.46325433180641307,
          "acc_stderr,none": 0.004976288321682394,
          "acc_norm,none": 0.6411073491336388,
          "acc_norm_stderr,none": 0.00478695314665725,
          "alias": "hellaswag"
        }
      },
      "winogrande": {
        "accuracy": 0.6953433307024467,
        "full_results": {
          "acc,none": 0.6953433307024467,
          "acc_stderr,none": 0.012935646499325387,
          "alias": "winogrande"
        }
      },
      "arc_easy": {
        "accuracy": 0.6161616161616161,
        "full_results": {
          "acc,none": 0.6464646464646465,
          "acc_stderr,none": 0.00980972894815166,
          "acc_norm,none": 0.6161616161616161,
          "acc_norm_stderr,none": 0.009979061846649267,
          "alias": "arc_easy"
        }
      },
      "arc_challenge": {
        "accuracy": 0.3890784982935154,
        "full_results": {
          "acc,none": 0.3677474402730375,
          "acc_stderr,none": 0.01409099561816849,
          "acc_norm,none": 0.3890784982935154,
          "acc_norm_stderr,none": 0.014247309976045494,
          "alias": "arc_challenge"
        }
      },
      "openbookqa": {
        "accuracy": 0.396,
        "full_results": {
          "acc,none": 0.258,
          "acc_stderr,none": 0.019586711785215868,
          "acc_norm,none": 0.396,
          "acc_norm_stderr,none": 0.021893529941665716,
          "alias": "openbookqa"
        }
      }
    },
    "avg_zeroshot_acc": 0.5931958606330017
  }
}