{
  "0": 7.919577451541066,
  "1": 0.06960247473757031,
  "2": 0.11206033846897334,
  "3": 0.3369355269468546,
  "4": 0.420591730960139,
  "5": 0.06514177677706012,
  "6": 0.09957221249591308,
  "7": 0.0695256693944728,
  "8": 0.06303898675845643,
  "9": 0.1963478948722952,
  "10": 0.05417208991356315,
  "11": 0.06617570146067031,
  "12": 0.050713190769474004,
  "13": 0.03997185506218992,
  "14": 0.03457296604075033,
  "15": 0.029721055099517724,
  "16": 0.023715663986660918,
  "17": 0.026449377241859473,
  "18": 0.03937793472070217,
  "19": 0.07379286077208524,
  "20": 0.06877375989782264,
  "21": 0.09246864418336775,
  "22": 0.12120370789066914,
  "23": 0.146360633743976,
  "24": 0.1336465444958037,
  "25": 0.1654769118366346,
  "26": 0.22630191062495175,
  "27": 1.278993418201308
}