{
  "params": {
    "taylor_seq_len": 64,
    "taylor_num_samples": 64
  },
  "metrics": {
    "acc_mean": 0.5830118887686375,
    "acc_details": {
      "boolq": 0.6795107033639144,
      "piqa": 0.7377584330794341,
      "hellaswag": 0.6101374228241386,
      "winogrande": 0.6708760852407262,
      "arc_easy": 0.6191077441077442,
      "arc_challenge": 0.3796928327645051,
      "openbookqa": 0.384
    },
    "ppl": 12.579017639160156,
    "pruning_ratio": 0.1999991838870744,
    "gradient_statistics": {
      "grad_mean_ratio": 16.440938717336103,
      "grad_norm_ratio": 11.86313191106968,
      "grad_mean_range": 0.0539818737241956,
      "grad_norm_range": 205.19742986891004,
      "extreme_pruning_layers": 0.0
    }
  },
  "output_dir": "results/search_Llama_layerwise_20/exp_007_taylor_seq_len64_taylor_num_samples64"
}