{
  "model_path": "results/search_Llama_blockwise_20/exp_008_taylor_seq_len64_taylor_num_samples256/pruned_model.bin",
  "timestamp": "2025-12-01T01:12:44.359038",
  "metrics": {
    "model_info": {
      "total_params": 6424219648,
      "trainable_params": 6424219648,
      "total_params_M": 6424.219648,
      "total_params_B": 6.424219648,
      "num_layers": 32,
      "module_params": {
        "embedding": 525336576,
        "lm_head": 525336576,
        "final_norm": 4096,
        "attention": 1184890880,
        "mlp": 4188389376,
        "input_layernorm": 131072,
        "post_attention_layernorm": 131072,
        "total_accounted": 6424219648,
        "unaccounted": 0,
        "match": true
      },
      "attention_params": 1184890880,
      "mlp_params": 4188389376,
      "attention_params_M": 1184.89088,
      "mlp_params_M": 4188.389376,
      "attention_ratio": 0.18444121541966307,
      "mlp_ratio": 0.6519685822548015,
      "model_size_mb": 12253.226806640625,
      "model_size_gb": 11.966041803359985
    },
    "ppl_quick_128": {
      "wikitext2 (wikitext-2-raw-v1)": 32.09781265258789,
      "ptb": 48.327857971191406
    },
    "ppl_standard_2048_512": {
      "wikitext2 (wikitext-2-raw-v1)": 13.177616119384766,
      "ptb": 17.668659210205078
    },
    "ppl": {
      "wikitext2 (wikitext-2-raw-v1)": 13.177616119384766,
      "ptb": 17.668659210205078
    },
    "zeroshot": {
      "boolq": {
        "accuracy": 0.744954128440367,
        "full_results": {
          "acc,none": 0.744954128440367,
          "acc_stderr,none": 0.00762371152070158,
          "alias": "boolq"
        }
      },
      "piqa": {
        "accuracy": 0.7317736670293797,
        "full_results": {
          "acc,none": 0.7279651795429815,
          "acc_stderr,none": 0.0103827637862474,
          "acc_norm,none": 0.7317736670293797,
          "acc_norm_stderr,none": 0.010336761992404487,
          "alias": "piqa"
        }
      },
      "hellaswag": {
        "accuracy": 0.6458872734515037,
        "full_results": {
          "acc,none": 0.47012547301334395,
          "acc_stderr,none": 0.004980866814462755,
          "acc_norm,none": 0.6458872734515037,
          "acc_norm_stderr,none": 0.0047726616596284865,
          "alias": "hellaswag"
        }
      },
      "winogrande": {
        "accuracy": 0.6985003946329913,
        "full_results": {
          "acc,none": 0.6985003946329913,
          "acc_stderr,none": 0.01289762807254676,
          "alias": "winogrande"
        }
      },
      "arc_easy": {
        "accuracy": 0.5761784511784511,
        "full_results": {
          "acc,none": 0.6195286195286195,
          "acc_stderr,none": 0.009962305992058423,
          "acc_norm,none": 0.5761784511784511,
          "acc_norm_stderr,none": 0.010140006095213622,
          "alias": "arc_easy"
        }
      },
      "arc_challenge": {
        "accuracy": 0.3984641638225256,
        "full_results": {
          "acc,none": 0.35494880546075086,
          "acc_stderr,none": 0.013983036904094233,
          "acc_norm,none": 0.3984641638225256,
          "acc_norm_stderr,none": 0.014306946052735529,
          "alias": "arc_challenge"
        }
      },
      "openbookqa": {
        "accuracy": 0.39,
        "full_results": {
          "acc,none": 0.276,
          "acc_stderr,none": 0.02001121929807355,
          "acc_norm,none": 0.39,
          "acc_norm_stderr,none": 0.021834685869369132,
          "alias": "openbookqa"
        }
      }
    },
    "avg_zeroshot_acc": 0.5979654397936026
  }
}