{
  "model_path": "results/search_Mistral-Instruct_layerwise_20/exp_019_taylor_seq_len256_taylor_num_samples256/pruned_model.bin",
  "timestamp": "2025-12-01T23:19:55.654161",
  "metrics": {
    "model_info": {
      "total_params": 5798420480,
      "trainable_params": 5798420480,
      "total_params_M": 5798.42048,
      "total_params_B": 5.79842048,
      "num_layers": 32,
      "module_params": {
        "embedding": 134217728,
        "lm_head": 134217728,
        "final_norm": 4096,
        "attention": 1342177280,
        "mlp": 4187541504,
        "input_layernorm": 131072,
        "post_attention_layernorm": 131072,
        "total_accounted": 5798420480,
        "unaccounted": 0,
        "match": true
      },
      "attention_params": 1342177280,
      "mlp_params": 4187541504,
      "attention_params_M": 1342.17728,
      "mlp_params_M": 4187.541504,
      "attention_ratio": 0.23147291311995366,
      "mlp_ratio": 0.7221865883034408,
      "model_size_mb": 11059.609619140625,
      "model_size_gb": 10.800400018692017
    },
    "ppl_quick_128": {
      "wikitext2 (wikitext-2-raw-v1)": 39.81722640991211,
      "ptb": 145.53106689453125
    },
    "ppl_standard_2048_512": {
      "wikitext2 (wikitext-2-raw-v1)": 19.368999481201172,
      "ptb": 77.4483871459961
    },
    "ppl": {
      "wikitext2 (wikitext-2-raw-v1)": 19.368999481201172,
      "ptb": 77.4483871459961
    },
    "zeroshot": {
      "boolq": {
        "accuracy": 0.6299694189602446,
        "full_results": {
          "acc,none": 0.6299694189602446,
          "acc_stderr,none": 0.008444444435711435,
          "alias": "boolq"
        }
      },
      "piqa": {
        "accuracy": 0.6800870511425462,
        "full_results": {
          "acc,none": 0.6730141458106638,
          "acc_stderr,none": 0.010945157126978309,
          "acc_norm,none": 0.6800870511425462,
          "acc_norm_stderr,none": 0.010882873582092218,
          "alias": "piqa"
        }
      },
      "hellaswag": {
        "accuracy": 0.4865564628560048,
        "full_results": {
          "acc,none": 0.3828918542123083,
          "acc_stderr,none": 0.004850988215167681,
          "acc_norm,none": 0.4865564628560048,
          "acc_norm_stderr,none": 0.004987977492041763,
          "alias": "hellaswag"
        }
      },
      "winogrande": {
        "accuracy": 0.5351223362273086,
        "full_results": {
          "acc,none": 0.5351223362273086,
          "acc_stderr,none": 0.014017773120881639,
          "alias": "winogrande"
        }
      },
      "arc_easy": {
        "accuracy": 0.5521885521885522,
        "full_results": {
          "acc,none": 0.6052188552188552,
          "acc_stderr,none": 0.01003003893588357,
          "acc_norm,none": 0.5521885521885522,
          "acc_norm_stderr,none": 0.010203742451111547,
          "alias": "arc_easy"
        }
      },
      "arc_challenge": {
        "accuracy": 0.30119453924914674,
        "full_results": {
          "acc,none": 0.28242320819112626,
          "acc_stderr,none": 0.013155456884097213,
          "acc_norm,none": 0.30119453924914674,
          "acc_norm_stderr,none": 0.01340674176784774,
          "alias": "arc_challenge"
        }
      },
      "openbookqa": {
        "accuracy": 0.312,
        "full_results": {
          "acc,none": 0.194,
          "acc_stderr,none": 0.017701827855304598,
          "acc_norm,none": 0.312,
          "acc_norm_stderr,none": 0.020740596536488017,
          "alias": "openbookqa"
        }
      }
    },
    "avg_zeroshot_acc": 0.4995883372319719
  }
}