{
  "model_path": "results/search_Llama-Instruct_layerwise_20/exp_004_taylor_seq_len32_taylor_num_samples256/pruned_model.bin",
  "timestamp": "2025-12-02T12:52:56.978806",
  "metrics": {
    "model_info": {
      "total_params": 6424215552,
      "trainable_params": 6424215552,
      "total_params_M": 6424.215552,
      "total_params_B": 6.424215552,
      "num_layers": 32,
      "module_params": {
        "embedding": 525336576,
        "lm_head": 525336576,
        "final_norm": 4096,
        "attention": 1142947840,
        "mlp": 4230328320,
        "input_layernorm": 131072,
        "post_attention_layernorm": 131072,
        "total_accounted": 6424215552,
        "unaccounted": 0,
        "match": true
      },
      "attention_params": 1142947840,
      "mlp_params": 4230328320,
      "attention_params_M": 1142.94784,
      "mlp_params_M": 4230.32832,
      "attention_ratio": 0.17791243627312212,
      "mlp_ratio": 0.6584972570982625,
      "model_size_mb": 12253.218994140625,
      "model_size_gb": 11.966034173965454
    },
    "ppl_quick_128": {
      "wikitext2 (wikitext-2-raw-v1)": 32.872344970703125,
      "ptb": 49.48896026611328
    },
    "ppl_standard_2048_512": {
      "wikitext2 (wikitext-2-raw-v1)": 13.80172061920166,
      "ptb": 19.562274932861328
    },
    "ppl": {
      "wikitext2 (wikitext-2-raw-v1)": 13.80172061920166,
      "ptb": 19.562274932861328
    },
    "zeroshot": {
      "boolq": {
        "accuracy": 0.8204892966360856,
        "full_results": {
          "acc,none": 0.8204892966360856,
          "acc_stderr,none": 0.006712343513449935,
          "alias": "boolq"
        }
      },
      "piqa": {
        "accuracy": 0.735582154515778,
        "full_results": {
          "acc,none": 0.7274211099020674,
          "acc_stderr,none": 0.010389256803295867,
          "acc_norm,none": 0.735582154515778,
          "acc_norm_stderr,none": 0.010289787244767095,
          "alias": "piqa"
        }
      },
      "hellaswag": {
        "accuracy": 0.6490738896634136,
        "full_results": {
          "acc,none": 0.46883091017725553,
          "acc_stderr,none": 0.004980076707392664,
          "acc_norm,none": 0.6490738896634136,
          "acc_norm_stderr,none": 0.0047628447709098945,
          "alias": "hellaswag"
        }
      },
      "winogrande": {
        "accuracy": 0.6874506708760852,
        "full_results": {
          "acc,none": 0.6874506708760852,
          "acc_stderr,none": 0.013027563620748833,
          "alias": "winogrande"
        }
      },
      "arc_easy": {
        "accuracy": 0.6456228956228957,
        "full_results": {
          "acc,none": 0.7083333333333334,
          "acc_stderr,none": 0.009326752065621089,
          "acc_norm,none": 0.6456228956228957,
          "acc_norm_stderr,none": 0.009815004030251541,
          "alias": "arc_easy"
        }
      },
      "arc_challenge": {
        "accuracy": 0.43600682593856654,
        "full_results": {
          "acc,none": 0.4061433447098976,
          "acc_stderr,none": 0.014351656690097877,
          "acc_norm,none": 0.43600682593856654,
          "acc_norm_stderr,none": 0.014491225699230854,
          "alias": "arc_challenge"
        }
      },
      "openbookqa": {
        "accuracy": 0.364,
        "full_results": {
          "acc,none": 0.24,
          "acc_stderr,none": 0.0191188666537598,
          "acc_norm,none": 0.364,
          "acc_norm_stderr,none": 0.021539170637317653,
          "alias": "openbookqa"
        }
      }
    },
    "avg_zeroshot_acc": 0.6197465333218322
  }
}