{
  "0": 4.8662645442813055,
  "1": 4.982934311324476,
  "2": 0.11343428200366468,
  "3": 0.07055244726293264,
  "4": 0.06939450899759958,
  "5": 0.05323545371784899,
  "6": 0.0369372461356372,
  "7": 0.026179764785018822,
  "8": 0.021257007823271223,
  "9": 0.0244734322323521,
  "10": 0.0253046657524858,
  "11": 0.010854066586962308,
  "12": 0.011305092596540334,
  "13": 0.019549041402106226,
  "14": 0.02416286748998342,
  "15": 0.009871597383536823,
  "16": 0.022352738707673403,
  "17": 0.03896713724323364,
  "18": 0.04847658381742592,
  "19": 0.11009432054033486,
  "20": 0.05337056342293245,
  "21": 0.0557886327014252,
  "22": 0.04221047373378983,
  "23": 0.041674746017830167,
  "24": 0.027323801143496862,
  "25": 0.03744375705718994,
  "26": 0.048495646785287505,
  "27": 0.02557838079976138,
  "28": 0.15306243358873894,
  "29": 0.20097934849122012,
  "30": 0.12404170106439061,
  "31": 0.5577668606066242
}