{
  "model_path": "results/search_Llama_blockwise_20/exp_002_taylor_seq_len16_taylor_num_samples256/pruned_model.bin",
  "timestamp": "2025-11-30T23:11:04.967257",
  "metrics": {
    "model_info": {
      "total_params": 6424215552,
      "trainable_params": 6424215552,
      "total_params_M": 6424.215552,
      "total_params_B": 6.424215552,
      "num_layers": 32,
      "module_params": {
        "embedding": 525336576,
        "lm_head": 525336576,
        "final_norm": 4096,
        "attention": 922746880,
        "mlp": 4450529280,
        "input_layernorm": 131072,
        "post_attention_layernorm": 131072,
        "total_accounted": 6424215552,
        "unaccounted": 0,
        "match": true
      },
      "attention_params": 922746880,
      "mlp_params": 4450529280,
      "attention_params_M": 922.74688,
      "mlp_params_M": 4450.52928,
      "attention_ratio": 0.14363572836729124,
      "mlp_ratio": 0.6927739650040933,
      "model_size_mb": 12253.218994140625,
      "model_size_gb": 11.966034173965454
    },
    "ppl_quick_128": {
      "wikitext2 (wikitext-2-raw-v1)": 29.5228214263916,
      "ptb": 71.72935485839844
    },
    "ppl_standard_2048_512": {
      "wikitext2 (wikitext-2-raw-v1)": 14.626052856445312,
      "ptb": 36.2301139831543
    },
    "ppl": {
      "wikitext2 (wikitext-2-raw-v1)": 14.626052856445312,
      "ptb": 36.2301139831543
    },
    "zeroshot": {
      "boolq": {
        "accuracy": 0.43700305810397555,
        "full_results": {
          "acc,none": 0.43700305810397555,
          "acc_stderr,none": 0.008675365793227294,
          "alias": "boolq"
        }
      },
      "piqa": {
        "accuracy": 0.7470076169749728,
        "full_results": {
          "acc,none": 0.7334058759521219,
          "acc_stderr,none": 0.010316749863541436,
          "acc_norm,none": 0.7470076169749728,
          "acc_norm_stderr,none": 0.010142888698862351,
          "alias": "piqa"
        }
      },
      "hellaswag": {
        "accuracy": 0.6459868552081258,
        "full_results": {
          "acc,none": 0.46355307707627963,
          "acc_stderr,none": 0.004976507121076201,
          "acc_norm,none": 0.6459868552081258,
          "acc_norm_stderr,none": 0.004772358395130517,
          "alias": "hellaswag"
        }
      },
      "winogrande": {
        "accuracy": 0.664561957379637,
        "full_results": {
          "acc,none": 0.664561957379637,
          "acc_stderr,none": 0.01326957590485148,
          "alias": "winogrande"
        }
      },
      "arc_easy": {
        "accuracy": 0.6266835016835017,
        "full_results": {
          "acc,none": 0.6628787878787878,
          "acc_stderr,none": 0.009700146509129846,
          "acc_norm,none": 0.6266835016835017,
          "acc_norm_stderr,none": 0.009925009142802761,
          "alias": "arc_easy"
        }
      },
      "arc_challenge": {
        "accuracy": 0.40187713310580203,
        "full_results": {
          "acc,none": 0.35921501706484643,
          "acc_stderr,none": 0.01402022415583906,
          "acc_norm,none": 0.40187713310580203,
          "acc_norm_stderr,none": 0.014327268614578337,
          "alias": "arc_challenge"
        }
      },
      "openbookqa": {
        "accuracy": 0.382,
        "full_results": {
          "acc,none": 0.286,
          "acc_stderr,none": 0.020229346329177604,
          "acc_norm,none": 0.382,
          "acc_norm_stderr,none": 0.02175082059125093,
          "alias": "openbookqa"
        }
      }
    },
    "avg_zeroshot_acc": 0.5578743032080021
  }
}