{
  "model_path": "results/all_model_blockwise_128_128_8/Qwen/magnitude/pruned_model.bin",
  "timestamp": "2025-12-11T21:13:27.067371",
  "metrics": {
    "model_info": {
      "total_params": 6092498944,
      "trainable_params": 6092498944,
      "total_params_M": 6092.498944,
      "total_params_B": 6.092498944,
      "num_layers": 28,
      "module_params": {
        "embedding": 544997376,
        "lm_head": 544997376,
        "final_norm": 3584,
        "attention": 822212608,
        "mlp": 4180087296,
        "input_layernorm": 100352,
        "post_attention_layernorm": 100352,
        "total_accounted": 6092498944,
        "unaccounted": 0,
        "match": true
      },
      "attention_params": 822212608,
      "mlp_params": 4180087296,
      "attention_params_M": 822.212608,
      "mlp_params_M": 4180.087296,
      "attention_ratio": 0.1349549036540629,
      "mlp_ratio": 0.6861039016045499,
      "model_size_mb": 11620.519775390625,
      "model_size_gb": 11.348163843154907
    },
    "ppl_quick_128": {
      "wikitext2 (wikitext-2-raw-v1)": 4138.71728515625,
      "ptb": 4312.48828125
    },
    "ppl_standard_2048_512": {
      "wikitext2 (wikitext-2-raw-v1)": 8032.7744140625,
      "ptb": 5862.1875
    },
    "ppl": {
      "wikitext2 (wikitext-2-raw-v1)": 8032.7744140625,
      "ptb": 5862.1875
    },
    "zeroshot": {
      "boolq": {
        "accuracy": 0.40061162079510704,
        "full_results": {
          "acc,none": 0.40061162079510704,
          "acc_stderr,none": 0.008570545612096438,
          "alias": "boolq"
        }
      },
      "piqa": {
        "accuracy": 0.5516866158868335,
        "full_results": {
          "acc,none": 0.558215451577802,
          "acc_stderr,none": 0.011586482494310319,
          "acc_norm,none": 0.5516866158868335,
          "acc_norm_stderr,none": 0.011603326108334476,
          "alias": "piqa"
        }
      },
      "hellaswag": {
        "accuracy": 0.31139215295757816,
        "full_results": {
          "acc,none": 0.27375024895439154,
          "acc_stderr,none": 0.004449710700861623,
          "acc_norm,none": 0.31139215295757816,
          "acc_norm_stderr,none": 0.004621163476949437,
          "alias": "hellaswag"
        }
      },
      "winogrande": {
        "accuracy": 0.4877663772691397,
        "full_results": {
          "acc,none": 0.4877663772691397,
          "acc_stderr,none": 0.01404827882040573,
          "alias": "winogrande"
        }
      },
      "arc_easy": {
        "accuracy": 0.34974747474747475,
        "full_results": {
          "acc,none": 0.35185185185185186,
          "acc_stderr,none": 0.009799078929868853,
          "acc_norm,none": 0.34974747474747475,
          "acc_norm_stderr,none": 0.00978557861894069,
          "alias": "arc_easy"
        }
      },
      "arc_challenge": {
        "accuracy": 0.2696245733788396,
        "full_results": {
          "acc,none": 0.22696245733788395,
          "acc_stderr,none": 0.012240491536132965,
          "acc_norm,none": 0.2696245733788396,
          "acc_norm_stderr,none": 0.012968040686869096,
          "alias": "arc_challenge"
        }
      },
      "openbookqa": {
        "accuracy": 0.292,
        "full_results": {
          "acc,none": 0.162,
          "acc_stderr,none": 0.016494123566423557,
          "acc_norm,none": 0.292,
          "acc_norm_stderr,none": 0.020354375480530096,
          "alias": "openbookqa"
        }
      }
    },
    "avg_zeroshot_acc": 0.38040411643356753
  }
}