{
  "model_path": "results/search_Qwen_blockwise_20/exp_003_taylor_seq_len32_taylor_num_samples128/pruned_model.bin",
  "timestamp": "2025-12-02T20:46:18.903291",
  "metrics": {
    "model_info": {
      "total_params": 6092480640,
      "trainable_params": 6092480640,
      "total_params_M": 6092.48064,
      "total_params_B": 6.09248064,
      "num_layers": 28,
      "module_params": {
        "embedding": 544997376,
        "lm_head": 544997376,
        "final_norm": 3584,
        "attention": 682730112,
        "mlp": 4319551488,
        "input_layernorm": 100352,
        "post_attention_layernorm": 100352,
        "total_accounted": 6092480640,
        "unaccounted": 0,
        "match": true
      },
      "attention_params": 682730112,
      "mlp_params": 4319551488,
      "attention_params_M": 682.730112,
      "mlp_params_M": 4319.551488,
      "attention_ratio": 0.11206110488354379,
      "mlp_ratio": 0.708997162771452,
      "model_size_mb": 11620.48486328125,
      "model_size_gb": 11.348129749298096
    },
    "ppl_quick_128": {
      "wikitext2 (wikitext-2-raw-v1)": 24.70992088317871,
      "ptb": 60.014678955078125
    },
    "ppl_standard_2048_512": {
      "wikitext2 (wikitext-2-raw-v1)": 13.37597942352295,
      "ptb": 25.91776466369629
    },
    "ppl": {
      "wikitext2 (wikitext-2-raw-v1)": 13.37597942352295,
      "ptb": 25.91776466369629
    },
    "zeroshot": {
      "boolq": {
        "accuracy": 0.6397553516819572,
        "full_results": {
          "acc,none": 0.6397553516819572,
          "acc_stderr,none": 0.00839649961438218,
          "alias": "boolq"
        }
      },
      "piqa": {
        "accuracy": 0.7720348204570185,
        "full_results": {
          "acc,none": 0.7606093579978237,
          "acc_stderr,none": 0.009955884250291648,
          "acc_norm,none": 0.7720348204570185,
          "acc_norm_stderr,none": 0.009788093832324868,
          "alias": "piqa"
        }
      },
      "hellaswag": {
        "accuracy": 0.659928301135232,
        "full_results": {
          "acc,none": 0.48207528380800635,
          "acc_stderr,none": 0.004986573992451796,
          "acc_norm,none": 0.659928301135232,
          "acc_norm_stderr,none": 0.00472764805789798,
          "alias": "hellaswag"
        }
      },
      "winogrande": {
        "accuracy": 0.580110497237569,
        "full_results": {
          "acc,none": 0.580110497237569,
          "acc_stderr,none": 0.013870943986310596,
          "alias": "winogrande"
        }
      },
      "arc_easy": {
        "accuracy": 0.6191077441077442,
        "full_results": {
          "acc,none": 0.6994949494949495,
          "acc_stderr,none": 0.009407763090599448,
          "acc_norm,none": 0.6191077441077442,
          "acc_norm_stderr,none": 0.009964428212260358,
          "alias": "arc_easy"
        }
      },
      "arc_challenge": {
        "accuracy": 0.3651877133105802,
        "full_results": {
          "acc,none": 0.363481228668942,
          "acc_stderr,none": 0.014056207319068465,
          "acc_norm,none": 0.3651877133105802,
          "acc_norm_stderr,none": 0.014070265519268777,
          "alias": "arc_challenge"
        }
      },
      "openbookqa": {
        "accuracy": 0.406,
        "full_results": {
          "acc,none": 0.316,
          "acc_stderr,none": 0.020812359515855822,
          "acc_norm,none": 0.406,
          "acc_norm_stderr,none": 0.021983962090086417,
          "alias": "openbookqa"
        }
      }
    },
    "avg_zeroshot_acc": 0.5774463468471573
  }
}