{
  "model_path": "results/search_Llama-Instruct_layerwise_20/exp_001_taylor_seq_len32_taylor_num_samples4/pruned_model.bin",
  "timestamp": "2025-12-01T16:16:09.839882",
  "metrics": {
    "model_info": {
      "total_params": 6424219648,
      "trainable_params": 6424219648,
      "total_params_M": 6424.219648,
      "total_params_B": 6.424219648,
      "num_layers": 32,
      "module_params": {
        "embedding": 525336576,
        "lm_head": 525336576,
        "final_norm": 4096,
        "attention": 1342177280,
        "mlp": 4031102976,
        "input_layernorm": 131072,
        "post_attention_layernorm": 131072,
        "total_accounted": 6424219648,
        "unaccounted": 0,
        "match": true
      },
      "attention_params": 1342177280,
      "mlp_params": 4031102976,
      "attention_params_M": 1342.17728,
      "mlp_params_M": 4031.102976,
      "attention_ratio": 0.20892456259926434,
      "mlp_ratio": 0.6274852350752003,
      "model_size_mb": 12253.226806640625,
      "model_size_gb": 11.966041803359985
    },
    "ppl_quick_128": {
      "wikitext2 (wikitext-2-raw-v1)": 79.57488250732422,
      "ptb": 119.13238525390625
    },
    "ppl_standard_2048_512": {
      "wikitext2 (wikitext-2-raw-v1)": 47.44133758544922,
      "ptb": 59.192413330078125
    },
    "ppl": {
      "wikitext2 (wikitext-2-raw-v1)": 47.44133758544922,
      "ptb": 59.192413330078125
    },
    "zeroshot": {
      "boolq": {
        "accuracy": 0.6470948012232416,
        "full_results": {
          "acc,none": 0.6470948012232416,
          "acc_stderr,none": 0.0083580607438757,
          "alias": "boolq"
        }
      },
      "piqa": {
        "accuracy": 0.6360174102285092,
        "full_results": {
          "acc,none": 0.6420021762785637,
          "acc_stderr,none": 0.0111854604166172,
          "acc_norm,none": 0.6360174102285092,
          "acc_norm_stderr,none": 0.011225875703487065,
          "alias": "piqa"
        }
      },
      "hellaswag": {
        "accuracy": 0.5188209520015933,
        "full_results": {
          "acc,none": 0.39294961163114916,
          "acc_stderr,none": 0.004874076250521185,
          "acc_norm,none": 0.5188209520015933,
          "acc_norm_stderr,none": 0.004986245115428615,
          "alias": "hellaswag"
        }
      },
      "winogrande": {
        "accuracy": 0.5643251775848461,
        "full_results": {
          "acc,none": 0.5643251775848461,
          "acc_stderr,none": 0.013935709739615816,
          "alias": "winogrande"
        }
      },
      "arc_easy": {
        "accuracy": 0.4006734006734007,
        "full_results": {
          "acc,none": 0.4132996632996633,
          "acc_stderr,none": 0.0101043617807475,
          "acc_norm,none": 0.4006734006734007,
          "acc_norm_stderr,none": 0.010055304474255589,
          "alias": "arc_easy"
        }
      },
      "arc_challenge": {
        "accuracy": 0.27474402730375425,
        "full_results": {
          "acc,none": 0.24061433447098976,
          "acc_stderr,none": 0.012491468532390682,
          "acc_norm,none": 0.27474402730375425,
          "acc_norm_stderr,none": 0.013044617212771207,
          "alias": "arc_challenge"
        }
      },
      "openbookqa": {
        "accuracy": 0.32,
        "full_results": {
          "acc,none": 0.21,
          "acc_stderr,none": 0.01823362086530592,
          "acc_norm,none": 0.32,
          "acc_norm_stderr,none": 0.02088234048876172,
          "alias": "openbookqa"
        }
      }
    },
    "avg_zeroshot_acc": 0.4802393955736207
  }
}