{
  "model_path": "results/search_Llama-Instruct_layerwise_20/exp_018_taylor_seq_len256_taylor_num_samples64/pruned_model.bin",
  "timestamp": "2025-12-01T21:54:04.446827",
  "metrics": {
    "model_info": {
      "total_params": 6424219648,
      "trainable_params": 6424219648,
      "total_params_M": 6424.219648,
      "total_params_B": 6.424219648,
      "num_layers": 32,
      "module_params": {
        "embedding": 525336576,
        "lm_head": 525336576,
        "final_norm": 4096,
        "attention": 1342177280,
        "mlp": 4031102976,
        "input_layernorm": 131072,
        "post_attention_layernorm": 131072,
        "total_accounted": 6424219648,
        "unaccounted": 0,
        "match": true
      },
      "attention_params": 1342177280,
      "mlp_params": 4031102976,
      "attention_params_M": 1342.17728,
      "mlp_params_M": 4031.102976,
      "attention_ratio": 0.20892456259926434,
      "mlp_ratio": 0.6274852350752003,
      "model_size_mb": 12253.226806640625,
      "model_size_gb": 11.966041803359985
    },
    "ppl_quick_128": {
      "wikitext2 (wikitext-2-raw-v1)": 32.875789642333984,
      "ptb": 51.25810241699219
    },
    "ppl_standard_2048_512": {
      "wikitext2 (wikitext-2-raw-v1)": 14.142894744873047,
      "ptb": 20.693984985351562
    },
    "ppl": {
      "wikitext2 (wikitext-2-raw-v1)": 14.142894744873047,
      "ptb": 20.693984985351562
    },
    "zeroshot": {
      "boolq": {
        "accuracy": 0.7290519877675841,
        "full_results": {
          "acc,none": 0.7290519877675841,
          "acc_stderr,none": 0.007773467255881116,
          "alias": "boolq"
        }
      },
      "piqa": {
        "accuracy": 0.733949945593036,
        "full_results": {
          "acc,none": 0.7323177366702938,
          "acc_stderr,none": 0.010330111189370297,
          "acc_norm,none": 0.733949945593036,
          "acc_norm_stderr,none": 0.010310039263352765,
          "alias": "piqa"
        }
      },
      "hellaswag": {
        "accuracy": 0.6074487153953396,
        "full_results": {
          "acc,none": 0.44612626966739694,
          "acc_stderr,none": 0.00496073238225514,
          "acc_norm,none": 0.6074487153953396,
          "acc_norm_stderr,none": 0.004873203269366098,
          "alias": "hellaswag"
        }
      },
      "winogrande": {
        "accuracy": 0.6440410418310971,
        "full_results": {
          "acc,none": 0.6440410418310971,
          "acc_stderr,none": 0.013456740656273902,
          "alias": "winogrande"
        }
      },
      "arc_easy": {
        "accuracy": 0.5795454545454546,
        "full_results": {
          "acc,none": 0.6161616161616161,
          "acc_stderr,none": 0.009979061846649267,
          "acc_norm,none": 0.5795454545454546,
          "acc_norm_stderr,none": 0.01012911427854655,
          "alias": "arc_easy"
        }
      },
      "arc_challenge": {
        "accuracy": 0.33361774744027306,
        "full_results": {
          "acc,none": 0.3191126279863481,
          "acc_stderr,none": 0.01362169611917341,
          "acc_norm,none": 0.33361774744027306,
          "acc_norm_stderr,none": 0.013778687054176652,
          "alias": "arc_challenge"
        }
      },
      "openbookqa": {
        "accuracy": 0.354,
        "full_results": {
          "acc,none": 0.26,
          "acc_stderr,none": 0.019635965529725526,
          "acc_norm,none": 0.354,
          "acc_norm_stderr,none": 0.02140758204791649,
          "alias": "openbookqa"
        }
      }
    },
    "avg_zeroshot_acc": 0.5688078417961121
  }
}