{
  "model_path": "results/taylor_only_2000_finetuned/pruned_model.bin",
  "timestamp": "2025-11-25T21:56:37.328083",
  "metrics": {
    "model_info": {
      "total_params": 6424211456,
      "trainable_params": 0,
      "total_params_M": 6424.211456,
      "total_params_B": 6.424211456,
      "attention_params": 1148190720,
      "mlp_params": 4225081344,
      "attention_params_M": 1148.19072,
      "mlp_params_M": 4225.081344,
      "attention_ratio": 0.17872866232129206,
      "mlp_ratio": 0.6576809267468795,
      "num_layers": 32,
      "model_size_mb": 12253.211059570312,
      "model_size_gb": 11.966026425361633
    },
    "ppl": {
      "wikitext2 (wikitext-2-raw-v1)": 11.902400970458984,
      "ptb": 17.718595504760742
    }
  }
}