{
  "model_path": "results/search_Qwen_layerwise_20/exp_012_taylor_seq_len128_taylor_num_samples64/pruned_model.bin",
  "timestamp": "2025-12-02T23:30:31.437130",
  "metrics": {
    "model_info": {
      "total_params": 6092498944,
      "trainable_params": 6092498944,
      "total_params_M": 6092.498944,
      "total_params_B": 6.092498944,
      "num_layers": 28,
      "module_params": {
        "embedding": 544997376,
        "lm_head": 544997376,
        "final_norm": 3584,
        "attention": 822212608,
        "mlp": 4180087296,
        "input_layernorm": 100352,
        "post_attention_layernorm": 100352,
        "total_accounted": 6092498944,
        "unaccounted": 0,
        "match": true
      },
      "attention_params": 822212608,
      "mlp_params": 4180087296,
      "attention_params_M": 822.212608,
      "mlp_params_M": 4180.087296,
      "attention_ratio": 0.1349549036540629,
      "mlp_ratio": 0.6861039016045499,
      "model_size_mb": 11620.519775390625,
      "model_size_gb": 11.348163843154907
    },
    "ppl_quick_128": {
      "wikitext2 (wikitext-2-raw-v1)": 36.33244705200195,
      "ptb": 54.71574401855469
    },
    "ppl_standard_2048_512": {
      "wikitext2 (wikitext-2-raw-v1)": 14.31557559967041,
      "ptb": 19.734535217285156
    },
    "ppl": {
      "wikitext2 (wikitext-2-raw-v1)": 14.31557559967041,
      "ptb": 19.734535217285156
    },
    "zeroshot": {
      "boolq": {
        "accuracy": 0.8226299694189603,
        "full_results": {
          "acc,none": 0.8226299694189603,
          "acc_stderr,none": 0.006680899270344043,
          "alias": "boolq"
        }
      },
      "piqa": {
        "accuracy": 0.7252448313384113,
        "full_results": {
          "acc,none": 0.7176278563656148,
          "acc_stderr,none": 0.010502821668555255,
          "acc_norm,none": 0.7252448313384113,
          "acc_norm_stderr,none": 0.010415033676676165,
          "alias": "piqa"
        }
      },
      "hellaswag": {
        "accuracy": 0.6405098585939056,
        "full_results": {
          "acc,none": 0.4702250547699661,
          "acc_stderr,none": 0.0049809261987991274,
          "acc_norm,none": 0.6405098585939056,
          "acc_norm_stderr,none": 0.004788703173474955,
          "alias": "hellaswag"
        }
      },
      "winogrande": {
        "accuracy": 0.6574585635359116,
        "full_results": {
          "acc,none": 0.6574585635359116,
          "acc_stderr,none": 0.013337483579076027,
          "alias": "winogrande"
        }
      },
      "arc_easy": {
        "accuracy": 0.6308922558922558,
        "full_results": {
          "acc,none": 0.6691919191919192,
          "acc_stderr,none": 0.009654540125986107,
          "acc_norm,none": 0.6308922558922558,
          "acc_norm_stderr,none": 0.00990198741024269,
          "alias": "arc_easy"
        }
      },
      "arc_challenge": {
        "accuracy": 0.4035836177474403,
        "full_results": {
          "acc,none": 0.3822525597269625,
          "acc_stderr,none": 0.014200454049979326,
          "acc_norm,none": 0.4035836177474403,
          "acc_norm_stderr,none": 0.014337158914268453,
          "alias": "arc_challenge"
        }
      },
      "openbookqa": {
        "accuracy": 0.338,
        "full_results": {
          "acc,none": 0.238,
          "acc_stderr,none": 0.019064072958198387,
          "acc_norm,none": 0.338,
          "acc_norm_stderr,none": 0.021175665695209452,
          "alias": "openbookqa"
        }
      }
    },
    "avg_zeroshot_acc": 0.602617013789555
  }
}