{
  "0": 5.9950193265693255,
  "1": 4.391962063266856,
  "2": 0.24746524206675513,
  "3": 0.1765115961413426,
  "4": 0.1830349489190115,
  "5": 0.1715326050384447,
  "6": 0.1352971559283378,
  "7": 0.10361645352642501,
  "8": 0.0554660526728723,
  "9": 0.05120544780716596,
  "10": 0.04626101339152644,
  "11": 0.06411839018684118,
  "12": 0.07118895105627487,
  "13": 0.0582625226499478,
  "14": 0.09037335926850032,
  "15": 0.1215140484606474,
  "16": 0.13467901754805567,
  "17": 0.178210531005762,
  "18": 0.1818205253679026,
  "19": 0.12163842988044671,
  "20": 0.10394768605287075,
  "21": 0.13628570177850463,
  "22": 0.12694467042750057,
  "23": 0.12691941693672604,
  "24": 0.11214391908121923,
  "25": 0.10305390169185102,
  "26": 0.10021343572234143,
  "27": 0.11554831045645253,
  "28": 0.0953868516408014,
  "29": 0.23257035252996205,
  "30": 0.3740676630806954,
  "31": 1.75910107507864
}