{
  "model_path": "results/finetuned/Mistral-Instruct/ShortGPT_remove_7_finetuned/pruned_model.bin",
  "timestamp": "2025-12-06T15:41:32.172012",
  "metrics": {
    "model_info": {
      "total_params": 5721239552,
      "trainable_params": 0,
      "total_params_M": 5721.239552,
      "total_params_B": 5.721239552,
      "num_layers": 25,
      "module_params": {
        "embedding": 134217728,
        "lm_head": 134217728,
        "final_norm": 4096,
        "attention": 1048576000,
        "mlp": 4404019200,
        "input_layernorm": 102400,
        "post_attention_layernorm": 102400,
        "total_accounted": 5721239552,
        "unaccounted": 0,
        "match": true
      },
      "attention_params": 1048576000,
      "mlp_params": 4404019200,
      "attention_params_M": 1048.576,
      "mlp_params_M": 4404.0192,
      "attention_ratio": 0.18327776532857193,
      "mlp_ratio": 0.7697666143800022,
      "model_size_mb": 10912.398559570312,
      "model_size_gb": 10.656639218330383
    },
    "ppl_quick_128": {
      "wikitext2 (wikitext-2-raw-v1)": 23.334970474243164,
      "ptb": 91.75370025634766
    },
    "ppl_standard_2048_512": {
      "wikitext2 (wikitext-2-raw-v1)": 9.604503631591797,
      "ptb": 30.129318237304688
    },
    "ppl": {
      "wikitext2 (wikitext-2-raw-v1)": 9.604503631591797,
      "ptb": 30.129318237304688
    },
    "zeroshot": {
      "boolq": {
        "accuracy": 0.8593272171253823,
        "full_results": {
          "acc,none": 0.8593272171253823,
          "acc_stderr,none": 0.006081026035834287,
          "alias": "boolq"
        }
      },
      "piqa": {
        "accuracy": 0.7480957562568009,
        "full_results": {
          "acc,none": 0.7486398258977149,
          "acc_stderr,none": 0.010121156016819219,
          "acc_norm,none": 0.7480957562568009,
          "acc_norm_stderr,none": 0.010128421335088757,
          "alias": "piqa"
        }
      },
      "hellaswag": {
        "accuracy": 0.7254530969926309,
        "full_results": {
          "acc,none": 0.5422226648078072,
          "acc_stderr,none": 0.004971958480920288,
          "acc_norm,none": 0.7254530969926309,
          "acc_norm_stderr,none": 0.004453735900948104,
          "alias": "hellaswag"
        }
      },
      "winogrande": {
        "accuracy": 0.7087608524072613,
        "full_results": {
          "acc,none": 0.7087608524072613,
          "acc_stderr,none": 0.012769029305370742,
          "alias": "winogrande"
        }
      },
      "arc_easy": {
        "accuracy": 0.6957070707070707,
        "full_results": {
          "acc,none": 0.7285353535353535,
          "acc_stderr,none": 0.009125362970360679,
          "acc_norm,none": 0.6957070707070707,
          "acc_norm_stderr,none": 0.009441202922359051,
          "alias": "arc_easy"
        }
      },
      "arc_challenge": {
        "accuracy": 0.46501706484641636,
        "full_results": {
          "acc,none": 0.42235494880546076,
          "acc_stderr,none": 0.014434138713379965,
          "acc_norm,none": 0.46501706484641636,
          "acc_norm_stderr,none": 0.014575583922019714,
          "alias": "arc_challenge"
        }
      },
      "openbookqa": {
        "accuracy": 0.39,
        "full_results": {
          "acc,none": 0.27,
          "acc_stderr,none": 0.019874354831287473,
          "acc_norm,none": 0.39,
          "acc_norm_stderr,none": 0.021834685869369132,
          "alias": "openbookqa"
        }
      }
    },
    "avg_zeroshot_acc": 0.6560515797622232
  }
}