{
  "0": 7.973921735594256,
  "1": 0.08209543334369407,
  "2": 0.13593836819604777,
  "3": 0.4294945278885738,
  "4": 0.641740093575387,
  "5": 0.09155118434545662,
  "6": 0.13151757335481706,
  "7": 0.07725007648069493,
  "8": 0.07097412539030712,
  "9": 0.24849089475271713,
  "10": 0.059375050483312375,
  "11": 0.08921137063578621,
  "12": 0.06940631593906144,
  "13": 0.0401164645503127,
  "14": 0.03639583121596024,
  "15": 0.032628719145060714,
  "16": 0.021324564685600844,
  "17": 0.027112859165374203,
  "18": 0.03696160673827542,
  "19": 0.07802946302808866,
  "20": 0.07085248506289465,
  "21": 0.08902667046746027,
  "22": 0.12025413050426748,
  "23": 0.1448488984777403,
  "24": 0.12925281287515933,
  "25": 0.1632895314864311,
  "26": 0.24210543493350922,
  "27": 1.309453272733061
}