{
  "extreme_pruning_layers": [
    {
      "layer_idx": 0,
      "pruning_rate": 0.7336077008928571,
      "importance": 0.003213548467361501,
      "gradient_mean": 0.00020900037553575303,
      "gradient_norm": 2.1176689995659723
    }
  ],
  "num_extreme_layers": 1,
  "gradient_statistics": {
    "mean_range": [
      0.0001748535368177626,
      0.0003662308057149251
    ],
    "mean_ratio": 2.0944992187758795,
    "norm_range": [
      1.2921178605821397,
      10.052495320638021
    ],
    "norm_ratio": 7.779859428095104
  },
  "diagnosis": [
    {
      "issue": "\u524d\u51e0\u5c42\u88ab\u8fc7\u5ea6\u526a\u679d",
      "severity": "critical",
      "description": "\u524d5\u5c42\u4e2d\u6709 1 \u5c42\u88ab\u8fc7\u5ea6\u526a\u679d",
      "recommendation": "\u524d\u51e0\u5c42\u901a\u5e38\u5f88\u91cd\u8981\uff0c\u5efa\u8bae\u4e3a\u5176\u8bbe\u7f6e\u8f83\u4f4e\u7684 max_rate"
    }
  ]
}