{
  "model_path": "results/finetuned/Mistral-Instruct/wanda_finetuned/pruned_model.bin",
  "timestamp": "2025-12-06T20:05:06.278770",
  "metrics": {
    "model_info": {
      "total_params": 5798408192,
      "trainable_params": 0,
      "total_params_M": 5798.408192,
      "total_params_B": 5.798408192,
      "num_layers": 32,
      "module_params": {
        "embedding": 134217728,
        "lm_head": 134217728,
        "final_norm": 4096,
        "attention": 1300234240,
        "mlp": 4229480448,
        "input_layernorm": 126976,
        "post_attention_layernorm": 126976,
        "total_accounted": 5798408192,
        "unaccounted": 0,
        "match": true
      },
      "attention_params": 1300234240,
      "mlp_params": 4229480448,
      "attention_params_M": 1300.23424,
      "mlp_params_M": 4229.480448,
      "attention_ratio": 0.22423985979357558,
      "mlp_ratio": 0.7294209562264636,
      "model_size_mb": 11059.586059570312,
      "model_size_gb": 10.800377011299133
    },
    "ppl_quick_128": {
      "wikitext2 (wikitext-2-raw-v1)": 19655.982421875,
      "ptb": 23519.478515625
    },
    "ppl_standard_2048_512": {
      "wikitext2 (wikitext-2-raw-v1)": 16783.880859375,
      "ptb": 17938.978515625
    },
    "ppl": {
      "wikitext2 (wikitext-2-raw-v1)": 16783.880859375,
      "ptb": 17938.978515625
    },
    "zeroshot": {
      "boolq": {
        "accuracy": 0.41773700305810396,
        "full_results": {
          "acc,none": 0.41773700305810396,
          "acc_stderr,none": 0.008625883905552887,
          "alias": "boolq"
        }
      },
      "piqa": {
        "accuracy": 0.4923830250272035,
        "full_results": {
          "acc,none": 0.5108813928182807,
          "acc_stderr,none": 0.011663061261117717,
          "acc_norm,none": 0.4923830250272035,
          "acc_norm_stderr,none": 0.011664470424044773,
          "alias": "piqa"
        }
      },
      "hellaswag": {
        "accuracy": 0.26319458275243973,
        "full_results": {
          "acc,none": 0.2584146584345748,
          "acc_stderr,none": 0.0043686842556263684,
          "acc_norm,none": 0.26319458275243973,
          "acc_norm_stderr,none": 0.004394671271021473,
          "alias": "hellaswag"
        }
      },
      "winogrande": {
        "accuracy": 0.47829518547750594,
        "full_results": {
          "acc,none": 0.47829518547750594,
          "acc_stderr,none": 0.014039239216484667,
          "alias": "winogrande"
        }
      },
      "arc_easy": {
        "accuracy": 0.2521043771043771,
        "full_results": {
          "acc,none": 0.25841750841750843,
          "acc_stderr,none": 0.008982741341291388,
          "acc_norm,none": 0.2521043771043771,
          "acc_norm_stderr,none": 0.00891002416321825,
          "alias": "arc_easy"
        }
      },
      "arc_challenge": {
        "accuracy": 0.2815699658703072,
        "full_results": {
          "acc,none": 0.20819112627986347,
          "acc_stderr,none": 0.011864866118448116,
          "acc_norm,none": 0.2815699658703072,
          "acc_norm_stderr,none": 0.0131433767350091,
          "alias": "arc_challenge"
        }
      },
      "openbookqa": {
        "accuracy": 0.244,
        "full_results": {
          "acc,none": 0.158,
          "acc_stderr,none": 0.0163280498045799,
          "acc_norm,none": 0.244,
          "acc_norm_stderr,none": 0.019226734893614636,
          "alias": "openbookqa"
        }
      }
    },
    "avg_zeroshot_acc": 0.3470405913271339
  }
}