{
  "extreme_pruning_layers": [
    {
      "layer_idx": 1,
      "pruning_rate": 0.6053103885135135,
      "importance": 0.09889704215566854,
      "gradient_mean": 0.011803653052387139,
      "gradient_norm": 13.320498234281937
    }
  ],
  "num_extreme_layers": 1,
  "gradient_statistics": {
    "mean_range": [
      0.003160301363095641,
      0.019558956380933523
    ],
    "mean_ratio": 6.188952734203637,
    "norm_range": [
      8.670893177390099,
      27.831148251270253
    ],
    "norm_ratio": 3.2097210381418098
  },
  "diagnosis": [
    {
      "issue": "\u524d\u51e0\u5c42\u88ab\u8fc7\u5ea6\u526a\u679d",
      "severity": "critical",
      "description": "\u524d5\u5c42\u4e2d\u6709 1 \u5c42\u88ab\u8fc7\u5ea6\u526a\u679d",
      "recommendation": "\u524d\u51e0\u5c42\u901a\u5e38\u5f88\u91cd\u8981\uff0c\u5efa\u8bae\u4e3a\u5176\u8bbe\u7f6e\u8f83\u4f4e\u7684 max_rate"
    }
  ]
}