{
  "model_path": "results/search_Qwen-Instruct_layerwise_20/exp_010_taylor_seq_len64_taylor_num_samples512/pruned_model.bin",
  "timestamp": "2025-12-02T02:45:14.200040",
  "metrics": {
    "model_info": {
      "total_params": 6092498944,
      "trainable_params": 6092498944,
      "total_params_M": 6092.498944,
      "total_params_B": 6.092498944,
      "num_layers": 28,
      "module_params": {
        "embedding": 544997376,
        "lm_head": 544997376,
        "final_norm": 3584,
        "attention": 822212608,
        "mlp": 4180087296,
        "input_layernorm": 100352,
        "post_attention_layernorm": 100352,
        "total_accounted": 6092498944,
        "unaccounted": 0,
        "match": true
      },
      "attention_params": 822212608,
      "mlp_params": 4180087296,
      "attention_params_M": 822.212608,
      "mlp_params_M": 4180.087296,
      "attention_ratio": 0.1349549036540629,
      "mlp_ratio": 0.6861039016045499,
      "model_size_mb": 11620.519775390625,
      "model_size_gb": 11.348163843154907
    },
    "ppl_quick_128": {
      "wikitext2 (wikitext-2-raw-v1)": 23.638816833496094,
      "ptb": 44.321231842041016
    },
    "ppl_standard_2048_512": {
      "wikitext2 (wikitext-2-raw-v1)": 10.754225730895996,
      "ptb": 18.043045043945312
    },
    "ppl": {
      "wikitext2 (wikitext-2-raw-v1)": 10.754225730895996,
      "ptb": 18.043045043945312
    },
    "zeroshot": {
      "boolq": {
        "accuracy": 0.7480122324159021,
        "full_results": {
          "acc,none": 0.7480122324159021,
          "acc_stderr,none": 0.007593405967377381,
          "alias": "boolq"
        }
      },
      "piqa": {
        "accuracy": 0.7704026115342764,
        "full_results": {
          "acc,none": 0.7589771490750816,
          "acc_stderr,none": 0.009979042717267253,
          "acc_norm,none": 0.7704026115342764,
          "acc_norm_stderr,none": 0.009812682950815181,
          "alias": "piqa"
        }
      },
      "hellaswag": {
        "accuracy": 0.6661023700458076,
        "full_results": {
          "acc,none": 0.49352718581955785,
          "acc_stderr,none": 0.004989363276955276,
          "acc_norm,none": 0.6661023700458076,
          "acc_norm_stderr,none": 0.004706398252382118,
          "alias": "hellaswag"
        }
      },
      "winogrande": {
        "accuracy": 0.6093133385951065,
        "full_results": {
          "acc,none": 0.6093133385951065,
          "acc_stderr,none": 0.013712536036556616,
          "alias": "winogrande"
        }
      },
      "arc_easy": {
        "accuracy": 0.6978114478114478,
        "full_results": {
          "acc,none": 0.7319023569023569,
          "acc_stderr,none": 0.009089526578213825,
          "acc_norm,none": 0.6978114478114478,
          "acc_norm_stderr,none": 0.009422719042483133,
          "alias": "arc_easy"
        }
      },
      "arc_challenge": {
        "accuracy": 0.45307167235494883,
        "full_results": {
          "acc,none": 0.4249146757679181,
          "acc_stderr,none": 0.014445698968520807,
          "acc_norm,none": 0.45307167235494883,
          "acc_norm_stderr,none": 0.014546892052005678,
          "alias": "arc_challenge"
        }
      },
      "openbookqa": {
        "accuracy": 0.418,
        "full_results": {
          "acc,none": 0.288,
          "acc_stderr,none": 0.020271503835075255,
          "acc_norm,none": 0.418,
          "acc_norm_stderr,none": 0.022080014812228193,
          "alias": "openbookqa"
        }
      }
    },
    "avg_zeroshot_acc": 0.623244810393927
  }
}