{
  "params": {},
  "metrics": {
    "acc_mean": 0.616085336041312,
    "ppl": 10.80429458618164,
    "grad_norm_ratio": 1.8675130204784358
  },
  "output_dir": "results/search_Qwen_layerwise_20/exp_012_taylor_seq_len128_taylor_num_samples512"
}