{
  "params": {
    "taylor_seq_len": 128,
    "taylor_num_samples": 256
  },
  "metrics": {
    "acc_mean": 0.6094033149120482,
    "acc_details": {
      "boolq": 0.8146788990825689,
      "piqa": 0.7285092491838956,
      "hellaswag": 0.6405098585939056,
      "winogrande": 0.6708760852407262,
      "arc_easy": 0.6502525252525253,
      "arc_challenge": 0.4069965870307167,
      "openbookqa": 0.354
    },
    "ppl": 14.462769508361816,
    "pruning_ratio": 0.1999992470209088,
    "gradient_statistics": {
      "grad_mean_ratio": 7.591298958622707,
      "grad_norm_ratio": 1.90722582517102,
      "grad_mean_range": 0.0569751593284308,
      "grad_norm_range": 31.811007649948195,
      "extreme_pruning_layers": 5
    }
  },
  "output_dir": "results/search_Qwen_layerwise_20/exp_014_taylor_seq_len128_taylor_num_samples256"
}