{
  "model_path": "results/search_mistral_20/exp_009_taylor_seq_len64_taylor_num_samples512/pruned_model.bin",
  "timestamp": "2025-11-30T19:59:41.150529",
  "metrics": {
    "model_info": {
      "total_params": 5798420480,
      "trainable_params": 5798420480,
      "total_params_M": 5798.42048,
      "total_params_B": 5.79842048,
      "num_layers": 32,
      "module_params": {
        "embedding": 134217728,
        "lm_head": 134217728,
        "final_norm": 4096,
        "attention": 1342177280,
        "mlp": 4187541504,
        "input_layernorm": 131072,
        "post_attention_layernorm": 131072,
        "total_accounted": 5798420480,
        "unaccounted": 0,
        "match": true
      },
      "attention_params": 1342177280,
      "mlp_params": 4187541504,
      "attention_params_M": 1342.17728,
      "mlp_params_M": 4187.541504,
      "attention_ratio": 0.23147291311995366,
      "mlp_ratio": 0.7221865883034408,
      "model_size_mb": 11059.609619140625,
      "model_size_gb": 10.800400018692017
    },
    "ppl_quick_128": {
      "wikitext2 (wikitext-2-raw-v1)": 22.59166145324707,
      "ptb": 101.23393249511719
    },
    "ppl_standard_2048_512": {
      "wikitext2 (wikitext-2-raw-v1)": 11.78040599822998,
      "ptb": 106.13106536865234
    },
    "ppl": {
      "wikitext2 (wikitext-2-raw-v1)": 11.78040599822998,
      "ptb": 106.13106536865234
    },
    "zeroshot": {
      "boolq": {
        "accuracy": 0.653822629969419,
        "full_results": {
          "acc,none": 0.653822629969419,
          "acc_stderr,none": 0.008320929662755298,
          "alias": "boolq"
        }
      },
      "piqa": {
        "accuracy": 0.7578890097932536,
        "full_results": {
          "acc,none": 0.7442872687704026,
          "acc_stderr,none": 0.010178690109459992,
          "acc_norm,none": 0.7578890097932536,
          "acc_norm_stderr,none": 0.00999437126910446,
          "alias": "piqa"
        }
      },
      "hellaswag": {
        "accuracy": 0.5568611830312686,
        "full_results": {
          "acc,none": 0.4166500697072296,
          "acc_stderr,none": 0.0049199628222085364,
          "acc_norm,none": 0.5568611830312686,
          "acc_norm_stderr,none": 0.0049574105455598315,
          "alias": "hellaswag"
        }
      },
      "winogrande": {
        "accuracy": 0.5808997632202052,
        "full_results": {
          "acc,none": 0.5808997632202052,
          "acc_stderr,none": 0.013867325192210088,
          "alias": "winogrande"
        }
      },
      "arc_easy": {
        "accuracy": 0.5509259259259259,
        "full_results": {
          "acc,none": 0.6136363636363636,
          "acc_stderr,none": 0.009991296778159724,
          "acc_norm,none": 0.5509259259259259,
          "acc_norm_stderr,none": 0.010206428316323355,
          "alias": "arc_easy"
        }
      },
      "arc_challenge": {
        "accuracy": 0.2773037542662116,
        "full_results": {
          "acc,none": 0.26023890784982934,
          "acc_stderr,none": 0.012821930225112672,
          "acc_norm,none": 0.2773037542662116,
          "acc_norm_stderr,none": 0.01308209583905945,
          "alias": "arc_challenge"
        }
      },
      "openbookqa": {
        "accuracy": 0.346,
        "full_results": {
          "acc,none": 0.228,
          "acc_stderr,none": 0.018781306529363172,
          "acc_norm,none": 0.346,
          "acc_norm_stderr,none": 0.021294951277234696,
          "alias": "openbookqa"
        }
      }
    },
    "avg_zeroshot_acc": 0.5319574666008977
  }
}