{
  "model_path": "results/for_finetuning/Mistral-Instruct/base/pruned_model.bin",
  "timestamp": "2025-12-04T17:05:34.002483",
  "metrics": {
    "model_info": {
      "total_params": 7248023552,
      "trainable_params": 7248023552,
      "total_params_M": 7248.023552,
      "total_params_B": 7.248023552,
      "num_layers": 32,
      "module_params": {
        "embedding": 134217728,
        "lm_head": 134217728,
        "final_norm": 4096,
        "attention": 1342177280,
        "mlp": 5637144576,
        "input_layernorm": 131072,
        "post_attention_layernorm": 131072,
        "total_accounted": 7248023552,
        "unaccounted": 0,
        "match": true
      },
      "attention_params": 1342177280,
      "mlp_params": 5637144576,
      "attention_params_M": 1342.17728,
      "mlp_params_M": 5637.144576,
      "attention_ratio": 0.18517838281991278,
      "mlp_ratio": 0.7777492078436337,
      "model_size_mb": 13824.508056640625,
      "model_size_gb": 13.50049614906311
    },
    "ppl_quick_128": {
      "wikitext2 (wikitext-2-raw-v1)": 12.816752433776855,
      "ptb": 69.65809631347656
    },
    "ppl_standard_2048_512": {
      "wikitext2 (wikitext-2-raw-v1)": 5.557580471038818,
      "ptb": 20.791810989379883
    },
    "ppl": {
      "wikitext2 (wikitext-2-raw-v1)": 5.557580471038818,
      "ptb": 20.791810989379883
    },
    "zeroshot": {
      "boolq": {
        "accuracy": 0.8581039755351682,
        "full_results": {
          "acc,none": 0.8581039755351682,
          "acc_stderr,none": 0.00610305959371009,
          "alias": "boolq"
        }
      },
      "piqa": {
        "accuracy": 0.8275299238302503,
        "full_results": {
          "acc,none": 0.8144722524483133,
          "acc_stderr,none": 0.009069597302603977,
          "acc_norm,none": 0.8275299238302503,
          "acc_norm_stderr,none": 0.00881442837175629,
          "alias": "piqa"
        }
      },
      "hellaswag": {
        "accuracy": 0.8293168691495718,
        "full_results": {
          "acc,none": 0.6483768173670583,
          "acc_stderr,none": 0.004765012078929251,
          "acc_norm,none": 0.8293168691495718,
          "acc_norm_stderr,none": 0.0037546293132750077,
          "alias": "hellaswag"
        }
      },
      "winogrande": {
        "accuracy": 0.7419100236779794,
        "full_results": {
          "acc,none": 0.7419100236779794,
          "acc_stderr,none": 0.012298278833972477,
          "alias": "winogrande"
        }
      },
      "arc_easy": {
        "accuracy": 0.8261784511784511,
        "full_results": {
          "acc,none": 0.8409090909090909,
          "acc_stderr,none": 0.0075052540680172405,
          "acc_norm,none": 0.8261784511784511,
          "acc_norm_stderr,none": 0.007776012182869673,
          "alias": "arc_easy"
        }
      },
      "arc_challenge": {
        "accuracy": 0.5887372013651877,
        "full_results": {
          "acc,none": 0.5742320819112628,
          "acc_stderr,none": 0.014449464278868677,
          "acc_norm,none": 0.5887372013651877,
          "acc_norm_stderr,none": 0.014379441068522219,
          "alias": "arc_challenge"
        }
      },
      "openbookqa": {
        "accuracy": 0.474,
        "full_results": {
          "acc,none": 0.356,
          "acc_stderr,none": 0.021434712356072687,
          "acc_norm,none": 0.474,
          "acc_norm_stderr,none": 0.022352791650914174,
          "alias": "openbookqa"
        }
      }
    },
    "avg_zeroshot_acc": 0.7351109206766583
  }
}