{
  "model_path": "results/search_Mistral_layerwise_20/exp_012_taylor_seq_len128_taylor_num_samples64/pruned_model.bin",
  "timestamp": "2025-12-02T15:46:54.273290",
  "metrics": {
    "model_info": {
      "total_params": 5798420480,
      "trainable_params": 5798420480,
      "total_params_M": 5798.42048,
      "total_params_B": 5.79842048,
      "num_layers": 32,
      "module_params": {
        "embedding": 134217728,
        "lm_head": 134217728,
        "final_norm": 4096,
        "attention": 1342177280,
        "mlp": 4187541504,
        "input_layernorm": 131072,
        "post_attention_layernorm": 131072,
        "total_accounted": 5798420480,
        "unaccounted": 0,
        "match": true
      },
      "attention_params": 1342177280,
      "mlp_params": 4187541504,
      "attention_params_M": 1342.17728,
      "mlp_params_M": 4187.541504,
      "attention_ratio": 0.23147291311995366,
      "mlp_ratio": 0.7221865883034408,
      "model_size_mb": 11059.609619140625,
      "model_size_gb": 10.800400018692017
    },
    "ppl_quick_128": {
      "wikitext2 (wikitext-2-raw-v1)": 28.51211166381836,
      "ptb": 112.24742126464844
    },
    "ppl_standard_2048_512": {
      "wikitext2 (wikitext-2-raw-v1)": 14.810774803161621,
      "ptb": 85.86615753173828
    },
    "ppl": {
      "wikitext2 (wikitext-2-raw-v1)": 14.810774803161621,
      "ptb": 85.86615753173828
    },
    "zeroshot": {
      "boolq": {
        "accuracy": 0.6449541284403669,
        "full_results": {
          "acc,none": 0.6449541284403669,
          "acc_stderr,none": 0.008369493699915883,
          "alias": "boolq"
        }
      },
      "piqa": {
        "accuracy": 0.7127312295973884,
        "full_results": {
          "acc,none": 0.7072905331882481,
          "acc_stderr,none": 0.010616044462393127,
          "acc_norm,none": 0.7127312295973884,
          "acc_norm_stderr,none": 0.010557291761528712,
          "alias": "piqa"
        }
      },
      "hellaswag": {
        "accuracy": 0.5108544114718183,
        "full_results": {
          "acc,none": 0.38946425014937264,
          "acc_stderr,none": 0.004866322258335946,
          "acc_norm,none": 0.5108544114718183,
          "acc_norm_stderr,none": 0.004988605498273908,
          "alias": "hellaswag"
        }
      },
      "winogrande": {
        "accuracy": 0.5493291239147593,
        "full_results": {
          "acc,none": 0.5493291239147593,
          "acc_stderr,none": 0.013983928869040268,
          "alias": "winogrande"
        }
      },
      "arc_easy": {
        "accuracy": 0.5004208754208754,
        "full_results": {
          "acc,none": 0.563973063973064,
          "acc_stderr,none": 0.0101754595827598,
          "acc_norm,none": 0.5004208754208754,
          "acc_norm_stderr,none": 0.01025977988609441,
          "alias": "arc_easy"
        }
      },
      "arc_challenge": {
        "accuracy": 0.302901023890785,
        "full_results": {
          "acc,none": 0.25170648464163825,
          "acc_stderr,none": 0.012682496334042911,
          "acc_norm,none": 0.302901023890785,
          "acc_norm_stderr,none": 0.013428241573185283,
          "alias": "arc_challenge"
        }
      },
      "openbookqa": {
        "accuracy": 0.348,
        "full_results": {
          "acc,none": 0.2,
          "acc_stderr,none": 0.01790645924143381,
          "acc_norm,none": 0.348,
          "acc_norm_stderr,none": 0.021323728632807425,
          "alias": "openbookqa"
        }
      }
    },
    "avg_zeroshot_acc": 0.5098843989622848
  }
}