{
  "model_path": "results/search_Qwen_layerwise_20/exp_009_taylor_seq_len64_taylor_num_samples512/pruned_model.bin",
  "timestamp": "2025-12-01T02:44:32.654442",
  "metrics": {
    "model_info": {
      "total_params": 6092489600,
      "trainable_params": 6092489600,
      "total_params_M": 6092.4896,
      "total_params_B": 6.0924896,
      "num_layers": 28,
      "module_params": {
        "embedding": 544997376,
        "lm_head": 544997376,
        "final_norm": 3584,
        "attention": 785506688,
        "mlp": 4216783872,
        "input_layernorm": 100352,
        "post_attention_layernorm": 100352,
        "total_accounted": 6092489600,
        "unaccounted": 0,
        "match": true
      },
      "attention_params": 785506688,
      "mlp_params": 4216783872,
      "attention_params_M": 785.506688,
      "mlp_params_M": 4216.783872,
      "attention_ratio": 0.1289303289085631,
      "mlp_ratio": 0.692128201909446,
      "model_size_mb": 11620.501953125,
      "model_size_gb": 11.348146438598633
    },
    "ppl_quick_128": {
      "wikitext2 (wikitext-2-raw-v1)": 21.648582458496094,
      "ptb": 40.774879455566406
    },
    "ppl_standard_2048_512": {
      "wikitext2 (wikitext-2-raw-v1)": 10.142345428466797,
      "ptb": 16.482402801513672
    },
    "ppl": {
      "wikitext2 (wikitext-2-raw-v1)": 10.142345428466797,
      "ptb": 16.482402801513672
    },
    "zeroshot": {
      "boolq": {
        "accuracy": 0.6859327217125383,
        "full_results": {
          "acc,none": 0.6859327217125383,
          "acc_stderr,none": 0.008117917728841463,
          "alias": "boolq"
        }
      },
      "piqa": {
        "accuracy": 0.7606093579978237,
        "full_results": {
          "acc,none": 0.764417845484222,
          "acc_stderr,none": 0.009901067586473833,
          "acc_norm,none": 0.7606093579978237,
          "acc_norm_stderr,none": 0.009955884250291648,
          "alias": "piqa"
        }
      },
      "hellaswag": {
        "accuracy": 0.628460466042621,
        "full_results": {
          "acc,none": 0.45757817167894843,
          "acc_stderr,none": 0.004971789638563603,
          "acc_norm,none": 0.628460466042621,
          "acc_norm_stderr,none": 0.004822286556305387,
          "alias": "hellaswag"
        }
      },
      "winogrande": {
        "accuracy": 0.5974743488555643,
        "full_results": {
          "acc,none": 0.5974743488555643,
          "acc_stderr,none": 0.01378286683170309,
          "alias": "winogrande"
        }
      },
      "arc_easy": {
        "accuracy": 0.6952861952861953,
        "full_results": {
          "acc,none": 0.7205387205387206,
          "acc_stderr,none": 0.009207838142597381,
          "acc_norm,none": 0.6952861952861953,
          "acc_norm_stderr,none": 0.009444871667360117,
          "alias": "arc_easy"
        }
      },
      "arc_challenge": {
        "accuracy": 0.40784982935153585,
        "full_results": {
          "acc,none": 0.371160409556314,
          "acc_stderr,none": 0.01411797190114269,
          "acc_norm,none": 0.40784982935153585,
          "acc_norm_stderr,none": 0.01436109728844968,
          "alias": "arc_challenge"
        }
      },
      "openbookqa": {
        "accuracy": 0.38,
        "full_results": {
          "acc,none": 0.28,
          "acc_stderr,none": 0.020099950647503192,
          "acc_norm,none": 0.38,
          "acc_norm_stderr,none": 0.021728881438701678,
          "alias": "openbookqa"
        }
      }
    },
    "avg_zeroshot_acc": 0.5936589884637541
  }
}