{
  "0": 6.976051038535184,
  "1": 4.254646064382742,
  "2": 0.07075130416872977,
  "3": 0.05786909348840341,
  "4": 0.05523817005791809,
  "5": 0.054769068438269564,
  "6": 0.04249626132275974,
  "7": 0.040319769831201224,
  "8": 0.039469347068601834,
  "9": 0.030948071432942648,
  "10": 0.02747077709422907,
  "11": 0.00770065546576415,
  "12": 0.016700490712218574,
  "13": 0.020684579242293832,
  "14": 0.020143849509103084,
  "15": 0.04414981725264555,
  "16": 0.027807968183619636,
  "17": 0.04790193198399395,
  "18": 0.0703948167626458,
  "19": 0.05947068317857385,
  "20": 0.071466895097688,
  "21": 0.06386988809950322,
  "22": 0.050699522706115996,
  "23": 0.051084548167360744,
  "24": 0.050224844740812014,
  "25": 0.059122713785322745,
  "26": 0.04955819575784792,
  "27": 0.04653488562490926,
  "28": 0.07025527638733076,
  "29": 0.10596939630789537,
  "30": 0.11229309203132765,
  "31": 0.2647935629611835
}