{
  "model_path": "results/search_Qwen-Instruct_20/exp_010_taylor_seq_len64_taylor_num_samples512/pruned_model.bin",
  "timestamp": "2025-12-02T02:03:10.411285",
  "metrics": {
    "model_info": {
      "total_params": 6092498944,
      "trainable_params": 6092498944,
      "total_params_M": 6092.498944,
      "total_params_B": 6.092498944,
      "num_layers": 28,
      "module_params": {
        "embedding": 544997376,
        "lm_head": 544997376,
        "final_norm": 3584,
        "attention": 822212608,
        "mlp": 4180087296,
        "input_layernorm": 100352,
        "post_attention_layernorm": 100352,
        "total_accounted": 6092498944,
        "unaccounted": 0,
        "match": true
      },
      "attention_params": 822212608,
      "mlp_params": 4180087296,
      "attention_params_M": 822.212608,
      "mlp_params_M": 4180.087296,
      "attention_ratio": 0.1349549036540629,
      "mlp_ratio": 0.6861039016045499,
      "model_size_mb": 11620.519775390625,
      "model_size_gb": 11.348163843154907
    },
    "ppl_quick_128": {
      "wikitext2 (wikitext-2-raw-v1)": 43.33161163330078,
      "ptb": 64.27684783935547
    },
    "ppl_standard_2048_512": {
      "wikitext2 (wikitext-2-raw-v1)": 16.693208694458008,
      "ptb": 23.758262634277344
    },
    "ppl": {
      "wikitext2 (wikitext-2-raw-v1)": 16.693208694458008,
      "ptb": 23.758262634277344
    },
    "zeroshot": {
      "boolq": {
        "accuracy": 0.7342507645259939,
        "full_results": {
          "acc,none": 0.7342507645259939,
          "acc_stderr,none": 0.007725929757288579,
          "alias": "boolq"
        }
      },
      "piqa": {
        "accuracy": 0.7078346028291621,
        "full_results": {
          "acc,none": 0.7089227421109902,
          "acc_stderr,none": 0.010598612490942636,
          "acc_norm,none": 0.7078346028291621,
          "acc_norm_stderr,none": 0.010610252174513776,
          "alias": "piqa"
        }
      },
      "hellaswag": {
        "accuracy": 0.6414060944035053,
        "full_results": {
          "acc,none": 0.47560246962756425,
          "acc_stderr,none": 0.004983837641502929,
          "acc_norm,none": 0.6414060944035053,
          "acc_norm_stderr,none": 0.004786075107571954,
          "alias": "hellaswag"
        }
      },
      "winogrande": {
        "accuracy": 0.6614048934490924,
        "full_results": {
          "acc,none": 0.6614048934490924,
          "acc_stderr,none": 0.013300169865842256,
          "alias": "winogrande"
        }
      },
      "arc_easy": {
        "accuracy": 0.6216329966329966,
        "full_results": {
          "acc,none": 0.6468855218855218,
          "acc_stderr,none": 0.00980707893546757,
          "acc_norm,none": 0.6216329966329966,
          "acc_norm_stderr,none": 0.009951575683332024,
          "alias": "arc_easy"
        }
      },
      "arc_challenge": {
        "accuracy": 0.40955631399317405,
        "full_results": {
          "acc,none": 0.38822525597269625,
          "acc_stderr,none": 0.014241614207414086,
          "acc_norm,none": 0.40955631399317405,
          "acc_norm_stderr,none": 0.014370358632472406,
          "alias": "arc_challenge"
        }
      },
      "openbookqa": {
        "accuracy": 0.344,
        "full_results": {
          "acc,none": 0.238,
          "acc_stderr,none": 0.019064072958198387,
          "acc_norm,none": 0.344,
          "acc_norm_stderr,none": 0.021265758037978793,
          "alias": "openbookqa"
        }
      }
    },
    "avg_zeroshot_acc": 0.5885836665477034
  }
}