{
  "extreme_pruning_layers": [],
  "num_extreme_layers": 0,
  "gradient_statistics": {
    "mean_range": [
      0.00228526857164171,
      0.0461676385667589
    ],
    "mean_ratio": 20.202280431907646,
    "norm_range": [
      12.854437934027779,
      177.61805555555554
    ],
    "norm_ratio": 13.817644650489932
  },
  "diagnosis": []
}