{
  "model_path": "results/search_Qwen-Instruct_layerwise_20/exp_006_taylor_seq_len64_taylor_num_samples4/pruned_model.bin",
  "timestamp": "2025-12-02T01:31:18.411629",
  "metrics": {
    "model_info": {
      "total_params": 6092498944,
      "trainable_params": 6092498944,
      "total_params_M": 6092.498944,
      "total_params_B": 6.092498944,
      "num_layers": 28,
      "module_params": {
        "embedding": 544997376,
        "lm_head": 544997376,
        "final_norm": 3584,
        "attention": 822212608,
        "mlp": 4180087296,
        "input_layernorm": 100352,
        "post_attention_layernorm": 100352,
        "total_accounted": 6092498944,
        "unaccounted": 0,
        "match": true
      },
      "attention_params": 822212608,
      "mlp_params": 4180087296,
      "attention_params_M": 822.212608,
      "mlp_params_M": 4180.087296,
      "attention_ratio": 0.1349549036540629,
      "mlp_ratio": 0.6861039016045499,
      "model_size_mb": 11620.519775390625,
      "model_size_gb": 11.348163843154907
    },
    "ppl_quick_128": {
      "wikitext2 (wikitext-2-raw-v1)": 27.396669387817383,
      "ptb": 55.29771423339844
    },
    "ppl_standard_2048_512": {
      "wikitext2 (wikitext-2-raw-v1)": 11.701201438903809,
      "ptb": 20.360111236572266
    },
    "ppl": {
      "wikitext2 (wikitext-2-raw-v1)": 11.701201438903809,
      "ptb": 20.360111236572266
    },
    "zeroshot": {
      "boolq": {
        "accuracy": 0.7024464831804281,
        "full_results": {
          "acc,none": 0.7024464831804281,
          "acc_stderr,none": 0.007996164219761261,
          "alias": "boolq"
        }
      },
      "piqa": {
        "accuracy": 0.7426550598476604,
        "full_results": {
          "acc,none": 0.7383025027203483,
          "acc_stderr,none": 0.010255630772708123,
          "acc_norm,none": 0.7426550598476604,
          "acc_norm_stderr,none": 0.010199921064792403,
          "alias": "piqa"
        }
      },
      "hellaswag": {
        "accuracy": 0.6469826727743477,
        "full_results": {
          "acc,none": 0.47769368651663013,
          "acc_stderr,none": 0.00498481339101584,
          "acc_norm,none": 0.6469826727743477,
          "acc_norm_stderr,none": 0.004769313300470302,
          "alias": "hellaswag"
        }
      },
      "winogrande": {
        "accuracy": 0.5895816890292028,
        "full_results": {
          "acc,none": 0.5895816890292028,
          "acc_stderr,none": 0.013825107120036002,
          "alias": "winogrande"
        }
      },
      "arc_easy": {
        "accuracy": 0.6548821548821548,
        "full_results": {
          "acc,none": 0.6885521885521886,
          "acc_stderr,none": 0.009502311567905434,
          "acc_norm,none": 0.6548821548821548,
          "acc_norm_stderr,none": 0.009755139387151892,
          "alias": "arc_easy"
        }
      },
      "arc_challenge": {
        "accuracy": 0.3993174061433447,
        "full_results": {
          "acc,none": 0.3703071672354949,
          "acc_stderr,none": 0.014111298751675015,
          "acc_norm,none": 0.3993174061433447,
          "acc_norm_stderr,none": 0.014312094557946681,
          "alias": "arc_challenge"
        }
      },
      "openbookqa": {
        "accuracy": 0.4,
        "full_results": {
          "acc,none": 0.284,
          "acc_stderr,none": 0.020186703693570774,
          "acc_norm,none": 0.4,
          "acc_norm_stderr,none": 0.02193084412072858,
          "alias": "openbookqa"
        }
      }
    },
    "avg_zeroshot_acc": 0.5908379236938769
  }
}