{
  "model_path": "results/search_Mistral_blockwise_20/exp_018_taylor_seq_len256_taylor_num_samples128/pruned_model.bin",
  "timestamp": "2025-12-02T17:36:06.112581",
  "metrics": {
    "model_info": {
      "total_params": 5798420480,
      "trainable_params": 5798420480,
      "total_params_M": 5798.42048,
      "total_params_B": 5.79842048,
      "num_layers": 32,
      "module_params": {
        "embedding": 134217728,
        "lm_head": 134217728,
        "final_norm": 4096,
        "attention": 1342177280,
        "mlp": 4187541504,
        "input_layernorm": 131072,
        "post_attention_layernorm": 131072,
        "total_accounted": 5798420480,
        "unaccounted": 0,
        "match": true
      },
      "attention_params": 1342177280,
      "mlp_params": 4187541504,
      "attention_params_M": 1342.17728,
      "mlp_params_M": 4187.541504,
      "attention_ratio": 0.23147291311995366,
      "mlp_ratio": 0.7221865883034408,
      "model_size_mb": 11059.609619140625,
      "model_size_gb": 10.800400018692017
    },
    "ppl_quick_128": {
      "wikitext2 (wikitext-2-raw-v1)": 55.7056770324707,
      "ptb": 188.6185302734375
    },
    "ppl_standard_2048_512": {
      "wikitext2 (wikitext-2-raw-v1)": 35.65184020996094,
      "ptb": 163.28134155273438
    },
    "ppl": {
      "wikitext2 (wikitext-2-raw-v1)": 35.65184020996094,
      "ptb": 163.28134155273438
    },
    "zeroshot": {
      "boolq": {
        "accuracy": 0.5792048929663609,
        "full_results": {
          "acc,none": 0.5792048929663609,
          "acc_stderr,none": 0.008634635146574832,
          "alias": "boolq"
        }
      },
      "piqa": {
        "accuracy": 0.6115342763873776,
        "full_results": {
          "acc,none": 0.6251360174102285,
          "acc_stderr,none": 0.01129456580561892,
          "acc_norm,none": 0.6115342763873776,
          "acc_norm_stderr,none": 0.011371877593210428,
          "alias": "piqa"
        }
      },
      "hellaswag": {
        "accuracy": 0.386476797450707,
        "full_results": {
          "acc,none": 0.3236407090221072,
          "acc_stderr,none": 0.004669085411341928,
          "acc_norm,none": 0.386476797450707,
          "acc_norm_stderr,none": 0.004859467984155282,
          "alias": "hellaswag"
        }
      },
      "winogrande": {
        "accuracy": 0.5130228887134964,
        "full_results": {
          "acc,none": 0.5130228887134964,
          "acc_stderr,none": 0.014047718393997596,
          "alias": "winogrande"
        }
      },
      "arc_easy": {
        "accuracy": 0.4027777777777778,
        "full_results": {
          "acc,none": 0.45454545454545453,
          "acc_stderr,none": 0.010217299762709388,
          "acc_norm,none": 0.4027777777777778,
          "acc_norm_stderr,none": 0.010063960494989253,
          "alias": "arc_easy"
        }
      },
      "arc_challenge": {
        "accuracy": 0.2354948805460751,
        "full_results": {
          "acc,none": 0.20733788395904437,
          "acc_stderr,none": 0.011846905782971264,
          "acc_norm,none": 0.2354948805460751,
          "acc_norm_stderr,none": 0.01239945185500478,
          "alias": "arc_challenge"
        }
      },
      "openbookqa": {
        "accuracy": 0.292,
        "full_results": {
          "acc,none": 0.18,
          "acc_stderr,none": 0.017198592476314237,
          "acc_norm,none": 0.292,
          "acc_norm_stderr,none": 0.020354375480530096,
          "alias": "openbookqa"
        }
      }
    },
    "avg_zeroshot_acc": 0.4315016448345421
  }
}