{
  "model_path": "results/search_Llama_20/exp_010_taylor_seq_len64_taylor_num_samples512/pruned_model.bin",
  "timestamp": "2025-12-01T19:40:39.891017",
  "metrics": {
    "model_info": {
      "total_params": 6424211456,
      "trainable_params": 6424211456,
      "total_params_M": 6424.211456,
      "total_params_B": 6.424211456,
      "num_layers": 32,
      "module_params": {
        "embedding": 525336576,
        "lm_head": 525336576,
        "final_norm": 4096,
        "attention": 1211105280,
        "mlp": 4162166784,
        "input_layernorm": 131072,
        "post_attention_layernorm": 131072,
        "total_accounted": 6424211456,
        "unaccounted": 0,
        "match": true
      },
      "attention_params": 1211105280,
      "mlp_params": 4162166784,
      "attention_params_M": 1211.10528,
      "mlp_params_M": 4162.166784,
      "attention_ratio": 0.18852201368136284,
      "mlp_ratio": 0.6478875753868086,
      "model_size_mb": 12253.211181640625,
      "model_size_gb": 11.966026544570923
    },
    "ppl_quick_128": {
      "wikitext2 (wikitext-2-raw-v1)": 32.104156494140625,
      "ptb": 50.26228332519531
    },
    "ppl_standard_2048_512": {
      "wikitext2 (wikitext-2-raw-v1)": 13.253958702087402,
      "ptb": 18.5277099609375
    },
    "ppl": {
      "wikitext2 (wikitext-2-raw-v1)": 13.253958702087402,
      "ptb": 18.5277099609375
    },
    "zeroshot": {
      "boolq": {
        "accuracy": 0.6944954128440367,
        "full_results": {
          "acc,none": 0.6944954128440367,
          "acc_stderr,none": 0.008056308685164692,
          "alias": "boolq"
        }
      },
      "piqa": {
        "accuracy": 0.735038084874864,
        "full_results": {
          "acc,none": 0.7154515778019587,
          "acc_stderr,none": 0.010527218464130647,
          "acc_norm,none": 0.735038084874864,
          "acc_norm_stderr,none": 0.010296557993316033,
          "alias": "piqa"
        }
      },
      "hellaswag": {
        "accuracy": 0.6167098187612029,
        "full_results": {
          "acc,none": 0.4508066122286397,
          "acc_stderr,none": 0.0049655722468040795,
          "acc_norm,none": 0.6167098187612029,
          "acc_norm_stderr,none": 0.004851944170670965,
          "alias": "hellaswag"
        }
      },
      "winogrande": {
        "accuracy": 0.6614048934490924,
        "full_results": {
          "acc,none": 0.6614048934490924,
          "acc_stderr,none": 0.013300169865842256,
          "alias": "winogrande"
        }
      },
      "arc_easy": {
        "accuracy": 0.5854377104377104,
        "full_results": {
          "acc,none": 0.625,
          "acc_stderr,none": 0.009933992677987828,
          "acc_norm,none": 0.5854377104377104,
          "acc_norm_stderr,none": 0.010108889212447719,
          "alias": "arc_easy"
        }
      },
      "arc_challenge": {
        "accuracy": 0.3515358361774744,
        "full_results": {
          "acc,none": 0.3199658703071672,
          "acc_stderr,none": 0.013631345807016129,
          "acc_norm,none": 0.3515358361774744,
          "acc_norm_stderr,none": 0.013952413699601044,
          "alias": "arc_challenge"
        }
      },
      "openbookqa": {
        "accuracy": 0.384,
        "full_results": {
          "acc,none": 0.25,
          "acc_stderr,none": 0.019384310743640384,
          "acc_norm,none": 0.384,
          "acc_norm_stderr,none": 0.021772369465547118,
          "alias": "openbookqa"
        }
      }
    },
    "avg_zeroshot_acc": 0.5755173937920545
  }
}