{
  "extreme_pruning_layers": [
    {
      "layer_idx": 28,
      "pruning_rate": 0.5002790178571429,
      "importance": 7.526289275714329,
      "gradient_mean": 0.08050848967913124,
      "gradient_norm": 475.3276536729601
    },
    {
      "layer_idx": 29,
      "pruning_rate": 0.5484095982142857,
      "importance": 7.534606082098825,
      "gradient_mean": 0.08424143224126762,
      "gradient_norm": 578.6047554016113
    },
    {
      "layer_idx": 30,
      "pruning_rate": 0.6072126116071429,
      "importance": 6.787343834127698,
      "gradient_mean": 0.09765932750370768,
      "gradient_norm": 542.3686516020033
    },
    {
      "layer_idx": 31,
      "pruning_rate": 0.5360630580357143,
      "importance": 5.955644871507372,
      "gradient_mean": 0.11723355845444733,
      "gradient_norm": 504.1328616672092
    }
  ],
  "num_extreme_layers": 4,
  "gradient_statistics": {
    "mean_range": [
      0.06687888684165147,
      0.7041984139941633
    ],
    "mean_ratio": 10.52945774364549,
    "norm_range": [
      392.1247330771552,
      4556.646800994873
    ],
    "norm_ratio": 11.62040140961253
  },
  "diagnosis": []
}