{
  "model_path": "results/search_Mistral_layerwise_20/exp_020_taylor_seq_len256_taylor_num_samples512/pruned_model.bin",
  "timestamp": "2025-12-02T18:24:38.231443",
  "metrics": {
    "model_info": {
      "total_params": 5798420480,
      "trainable_params": 5798420480,
      "total_params_M": 5798.42048,
      "total_params_B": 5.79842048,
      "num_layers": 32,
      "module_params": {
        "embedding": 134217728,
        "lm_head": 134217728,
        "final_norm": 4096,
        "attention": 1342177280,
        "mlp": 4187541504,
        "input_layernorm": 131072,
        "post_attention_layernorm": 131072,
        "total_accounted": 5798420480,
        "unaccounted": 0,
        "match": true
      },
      "attention_params": 1342177280,
      "mlp_params": 4187541504,
      "attention_params_M": 1342.17728,
      "mlp_params_M": 4187.541504,
      "attention_ratio": 0.23147291311995366,
      "mlp_ratio": 0.7221865883034408,
      "model_size_mb": 11059.609619140625,
      "model_size_gb": 10.800400018692017
    },
    "ppl_quick_128": {
      "wikitext2 (wikitext-2-raw-v1)": 62.613834381103516,
      "ptb": 213.6011505126953
    },
    "ppl_standard_2048_512": {
      "wikitext2 (wikitext-2-raw-v1)": 35.96341323852539,
      "ptb": 192.794677734375
    },
    "ppl": {
      "wikitext2 (wikitext-2-raw-v1)": 35.96341323852539,
      "ptb": 192.794677734375
    },
    "zeroshot": {
      "boolq": {
        "accuracy": 0.563302752293578,
        "full_results": {
          "acc,none": 0.563302752293578,
          "acc_stderr,none": 0.008674684806135216,
          "alias": "boolq"
        }
      },
      "piqa": {
        "accuracy": 0.6001088139281828,
        "full_results": {
          "acc,none": 0.6137105549510338,
          "acc_stderr,none": 0.011360138833823712,
          "acc_norm,none": 0.6001088139281828,
          "acc_norm_stderr,none": 0.011429608127857762,
          "alias": "piqa"
        }
      },
      "hellaswag": {
        "accuracy": 0.36227843059151565,
        "full_results": {
          "acc,none": 0.31338378809002193,
          "acc_stderr,none": 0.004629209184813568,
          "acc_norm,none": 0.36227843059151565,
          "acc_norm_stderr,none": 0.004796763521045352,
          "alias": "hellaswag"
        }
      },
      "winogrande": {
        "accuracy": 0.5043409629044988,
        "full_results": {
          "acc,none": 0.5043409629044988,
          "acc_stderr,none": 0.014051956064076884,
          "alias": "winogrande"
        }
      },
      "arc_easy": {
        "accuracy": 0.38425925925925924,
        "full_results": {
          "acc,none": 0.42887205387205385,
          "acc_stderr,none": 0.01015544065290014,
          "acc_norm,none": 0.38425925925925924,
          "acc_norm_stderr,none": 0.00998112072460138,
          "alias": "arc_easy"
        }
      },
      "arc_challenge": {
        "accuracy": 0.2431740614334471,
        "full_results": {
          "acc,none": 0.1945392491467577,
          "acc_stderr,none": 0.011567709174648689,
          "acc_norm,none": 0.2431740614334471,
          "acc_norm_stderr,none": 0.012536554144587002,
          "alias": "arc_challenge"
        }
      },
      "openbookqa": {
        "accuracy": 0.292,
        "full_results": {
          "acc,none": 0.158,
          "acc_stderr,none": 0.0163280498045799,
          "acc_norm,none": 0.292,
          "acc_norm_stderr,none": 0.020354375480530096,
          "alias": "openbookqa"
        }
      }
    },
    "avg_zeroshot_acc": 0.4213520400586402
  }
}