{
  "model_path": "results/search_Qwen-Instruct_blockwise_20/exp_014_taylor_seq_len128_taylor_num_samples256/pruned_model.bin",
  "timestamp": "2025-12-02T03:50:10.106265",
  "metrics": {
    "model_info": {
      "total_params": 6092498944,
      "trainable_params": 6092498944,
      "total_params_M": 6092.498944,
      "total_params_B": 6.092498944,
      "num_layers": 28,
      "module_params": {
        "embedding": 544997376,
        "lm_head": 544997376,
        "final_norm": 3584,
        "attention": 822212608,
        "mlp": 4180087296,
        "input_layernorm": 100352,
        "post_attention_layernorm": 100352,
        "total_accounted": 6092498944,
        "unaccounted": 0,
        "match": true
      },
      "attention_params": 822212608,
      "mlp_params": 4180087296,
      "attention_params_M": 822.212608,
      "mlp_params_M": 4180.087296,
      "attention_ratio": 0.1349549036540629,
      "mlp_ratio": 0.6861039016045499,
      "model_size_mb": 11620.519775390625,
      "model_size_gb": 11.348163843154907
    },
    "ppl_quick_128": {
      "wikitext2 (wikitext-2-raw-v1)": 37.91072082519531,
      "ptb": 63.28155517578125
    },
    "ppl_standard_2048_512": {
      "wikitext2 (wikitext-2-raw-v1)": 15.805841445922852,
      "ptb": 24.56110382080078
    },
    "ppl": {
      "wikitext2 (wikitext-2-raw-v1)": 15.805841445922852,
      "ptb": 24.56110382080078
    },
    "zeroshot": {
      "boolq": {
        "accuracy": 0.692354740061162,
        "full_results": {
          "acc,none": 0.692354740061162,
          "acc_stderr,none": 0.00807201552786952,
          "alias": "boolq"
        }
      },
      "piqa": {
        "accuracy": 0.719260065288357,
        "full_results": {
          "acc,none": 0.7154515778019587,
          "acc_stderr,none": 0.010527218464130647,
          "acc_norm,none": 0.719260065288357,
          "acc_norm_stderr,none": 0.010484325438311801,
          "alias": "piqa"
        }
      },
      "hellaswag": {
        "accuracy": 0.611929894443338,
        "full_results": {
          "acc,none": 0.4417446723760207,
          "acc_stderr,none": 0.004955798214513589,
          "acc_norm,none": 0.611929894443338,
          "acc_norm_stderr,none": 0.004863147544177631,
          "alias": "hellaswag"
        }
      },
      "winogrande": {
        "accuracy": 0.5864246250986582,
        "full_results": {
          "acc,none": 0.5864246250986582,
          "acc_stderr,none": 0.013840971763195336,
          "alias": "winogrande"
        }
      },
      "arc_easy": {
        "accuracy": 0.6376262626262627,
        "full_results": {
          "acc,none": 0.6624579124579124,
          "acc_stderr,none": 0.009703117820790056,
          "acc_norm,none": 0.6376262626262627,
          "acc_norm_stderr,none": 0.009863468202583702,
          "alias": "arc_easy"
        }
      },
      "arc_challenge": {
        "accuracy": 0.40102389078498296,
        "full_results": {
          "acc,none": 0.38054607508532423,
          "acc_stderr,none": 0.014188277712349937,
          "acc_norm,none": 0.40102389078498296,
          "acc_norm_stderr,none": 0.014322255790719744,
          "alias": "arc_challenge"
        }
      },
      "openbookqa": {
        "accuracy": 0.346,
        "full_results": {
          "acc,none": 0.252,
          "acc_stderr,none": 0.019435727282249564,
          "acc_norm,none": 0.346,
          "acc_norm_stderr,none": 0.021294951277234696,
          "alias": "openbookqa"
        }
      }
    },
    "avg_zeroshot_acc": 0.570659925471823
  }
}