{
  "0": 6.7423419272992176,
  "1": 4.059143974215898,
  "2": 0.08257911145418584,
  "3": 0.06580693704860519,
  "4": 0.04583057463254825,
  "5": 0.048587490359854435,
  "6": 0.037236726890756966,
  "7": 0.034588844266774554,
  "8": 0.028311108795574746,
  "9": 0.0314905567593331,
  "10": 0.028577373352990598,
  "11": 0.020562392164142906,
  "12": 0.021192474857931298,
  "13": 0.022802402814808165,
  "14": 0.026431817810978586,
  "15": 0.033314470384192774,
  "16": 0.03500178546287591,
  "17": 0.044262343384007696,
  "18": 0.054413745116035805,
  "19": 0.06505673073127216,
  "20": 0.06672629418359843,
  "21": 0.05505594354364618,
  "22": 0.042866291838022264,
  "23": 0.04636148359566894,
  "24": 0.04335250842380445,
  "25": 0.048044679629474896,
  "26": 0.045711434494211556,
  "27": 0.04921316127014741,
  "28": 0.06531265568529854,
  "29": 0.11215588567264456,
  "30": 0.10767676172601082,
  "31": 0.272702504401809
}