{
  "model_path": "results/search_Qwen-Instruct_layerwise_20/exp_004_taylor_seq_len32_taylor_num_samples256/pruned_model.bin",
  "timestamp": "2025-12-02T00:54:35.121047",
  "metrics": {
    "model_info": {
      "total_params": 6092498944,
      "trainable_params": 6092498944,
      "total_params_M": 6092.498944,
      "total_params_B": 6.092498944,
      "num_layers": 28,
      "module_params": {
        "embedding": 544997376,
        "lm_head": 544997376,
        "final_norm": 3584,
        "attention": 822212608,
        "mlp": 4180087296,
        "input_layernorm": 100352,
        "post_attention_layernorm": 100352,
        "total_accounted": 6092498944,
        "unaccounted": 0,
        "match": true
      },
      "attention_params": 822212608,
      "mlp_params": 4180087296,
      "attention_params_M": 822.212608,
      "mlp_params_M": 4180.087296,
      "attention_ratio": 0.1349549036540629,
      "mlp_ratio": 0.6861039016045499,
      "model_size_mb": 11620.519775390625,
      "model_size_gb": 11.348163843154907
    },
    "ppl_quick_128": {
      "wikitext2 (wikitext-2-raw-v1)": 24.198301315307617,
      "ptb": 49.21465301513672
    },
    "ppl_standard_2048_512": {
      "wikitext2 (wikitext-2-raw-v1)": 11.14899730682373,
      "ptb": 19.82638931274414
    },
    "ppl": {
      "wikitext2 (wikitext-2-raw-v1)": 11.14899730682373,
      "ptb": 19.82638931274414
    },
    "zeroshot": {
      "boolq": {
        "accuracy": 0.6299694189602446,
        "full_results": {
          "acc,none": 0.6299694189602446,
          "acc_stderr,none": 0.008444444435711435,
          "alias": "boolq"
        }
      },
      "piqa": {
        "accuracy": 0.7480957562568009,
        "full_results": {
          "acc,none": 0.750272034820457,
          "acc_stderr,none": 0.010099232969867361,
          "acc_norm,none": 0.7480957562568009,
          "acc_norm_stderr,none": 0.010128421335088757,
          "alias": "piqa"
        }
      },
      "hellaswag": {
        "accuracy": 0.6431985660227046,
        "full_results": {
          "acc,none": 0.4801832304321848,
          "acc_stderr,none": 0.004985860853427987,
          "acc_norm,none": 0.6431985660227046,
          "acc_norm_stderr,none": 0.004780764443411141,
          "alias": "hellaswag"
        }
      },
      "winogrande": {
        "accuracy": 0.5659037095501184,
        "full_results": {
          "acc,none": 0.5659037095501184,
          "acc_stderr,none": 0.013929882555694053,
          "alias": "winogrande"
        }
      },
      "arc_easy": {
        "accuracy": 0.6287878787878788,
        "full_results": {
          "acc,none": 0.6788720538720538,
          "acc_stderr,none": 0.009580787536986783,
          "acc_norm,none": 0.6287878787878788,
          "acc_norm_stderr,none": 0.009913599001845763,
          "alias": "arc_easy"
        }
      },
      "arc_challenge": {
        "accuracy": 0.371160409556314,
        "full_results": {
          "acc,none": 0.3651877133105802,
          "acc_stderr,none": 0.014070265519268777,
          "acc_norm,none": 0.371160409556314,
          "acc_norm_stderr,none": 0.01411797190114269,
          "alias": "arc_challenge"
        }
      },
      "openbookqa": {
        "accuracy": 0.394,
        "full_results": {
          "acc,none": 0.29,
          "acc_stderr,none": 0.020313179231745138,
          "acc_norm,none": 0.394,
          "acc_norm_stderr,none": 0.02187429930168918,
          "alias": "openbookqa"
        }
      }
    },
    "avg_zeroshot_acc": 0.5687308198762945
  }
}