{
  "model_path": "results/search_mistral_20/exp_014_taylor_seq_len256_taylor_num_samples256/pruned_model.bin",
  "timestamp": "2025-11-30T21:30:50.571102",
  "metrics": {
    "model_info": {
      "total_params": 5798420480,
      "trainable_params": 5798420480,
      "total_params_M": 5798.42048,
      "total_params_B": 5.79842048,
      "num_layers": 32,
      "module_params": {
        "embedding": 134217728,
        "lm_head": 134217728,
        "final_norm": 4096,
        "attention": 1342177280,
        "mlp": 4187541504,
        "input_layernorm": 131072,
        "post_attention_layernorm": 131072,
        "total_accounted": 5798420480,
        "unaccounted": 0,
        "match": true
      },
      "attention_params": 1342177280,
      "mlp_params": 4187541504,
      "attention_params_M": 1342.17728,
      "mlp_params_M": 4187.541504,
      "attention_ratio": 0.23147291311995366,
      "mlp_ratio": 0.7221865883034408,
      "model_size_mb": 11059.609619140625,
      "model_size_gb": 10.800400018692017
    },
    "ppl_quick_128": {
      "wikitext2 (wikitext-2-raw-v1)": 63.66515350341797,
      "ptb": 213.67694091796875
    },
    "ppl_standard_2048_512": {
      "wikitext2 (wikitext-2-raw-v1)": 37.06068801879883,
      "ptb": 190.992919921875
    },
    "ppl": {
      "wikitext2 (wikitext-2-raw-v1)": 37.06068801879883,
      "ptb": 190.992919921875
    },
    "zeroshot": {
      "boolq": {
        "accuracy": 0.5553516819571865,
        "full_results": {
          "acc,none": 0.5553516819571865,
          "acc_stderr,none": 0.008691303433317355,
          "alias": "boolq"
        }
      },
      "piqa": {
        "accuracy": 0.5963003264417845,
        "full_results": {
          "acc,none": 0.6082698585418934,
          "acc_stderr,none": 0.011389038597720108,
          "acc_norm,none": 0.5963003264417845,
          "acc_norm_stderr,none": 0.011447407541749126,
          "alias": "piqa"
        }
      },
      "hellaswag": {
        "accuracy": 0.3586934873531169,
        "full_results": {
          "acc,none": 0.31248755228042224,
          "acc_stderr,none": 0.004625600916775252,
          "acc_norm,none": 0.3586934873531169,
          "acc_norm_stderr,none": 0.004786368011500725,
          "alias": "hellaswag"
        }
      },
      "winogrande": {
        "accuracy": 0.5153906866614049,
        "full_results": {
          "acc,none": 0.5153906866614049,
          "acc_stderr,none": 0.014045826789783585,
          "alias": "winogrande"
        }
      },
      "arc_easy": {
        "accuracy": 0.3872053872053872,
        "full_results": {
          "acc,none": 0.4212962962962963,
          "acc_stderr,none": 0.010131882498192881,
          "acc_norm,none": 0.3872053872053872,
          "acc_norm_stderr,none": 0.009995312065890286,
          "alias": "arc_easy"
        }
      },
      "arc_challenge": {
        "accuracy": 0.24061433447098976,
        "full_results": {
          "acc,none": 0.1885665529010239,
          "acc_stderr,none": 0.011430897647675749,
          "acc_norm,none": 0.24061433447098976,
          "acc_norm_stderr,none": 0.012491468532390682,
          "alias": "arc_challenge"
        }
      },
      "openbookqa": {
        "accuracy": 0.296,
        "full_results": {
          "acc,none": 0.152,
          "acc_stderr,none": 0.016071982367911835,
          "acc_norm,none": 0.296,
          "acc_norm_stderr,none": 0.020435342091896222,
          "alias": "openbookqa"
        }
      }
    },
    "avg_zeroshot_acc": 0.4213651291556957
  }
}