{
  "0": 5.7667370630258485,
  "1": 4.733504741029053,
  "2": 0.10717665039338842,
  "3": 0.09386230428942088,
  "4": 0.06580191574505978,
  "5": 0.06264820621170841,
  "6": 0.04684785800484992,
  "7": 0.04147613333212519,
  "8": 0.03313328718078834,
  "9": 0.02732444937794165,
  "10": 0.02838052551658965,
  "11": 0.025923935790175268,
  "12": 0.02019426617559983,
  "13": 0.025948438766849602,
  "14": 0.030546733080982325,
  "15": 0.034639262815921334,
  "16": 0.04850735997381772,
  "17": 0.05929681496637018,
  "18": 0.07007341969584724,
  "19": 0.08534298543191277,
  "20": 0.07308909090519222,
  "21": 0.06485014290665614,
  "22": 0.05275710293164648,
  "23": 0.057763510895508574,
  "24": 0.053469612618677775,
  "25": 0.05348145929968373,
  "26": 0.05212556972017435,
  "27": 0.05178768464887984,
  "28": 0.10109973426995822,
  "29": 0.15653929865360983,
  "30": 0.13902288507100602,
  "31": 0.33954728104403786
}