{
  "0": 5.077419689723424,
  "1": 4.217598643211501,
  "2": 0.23266280427271013,
  "3": 0.1515221409983445,
  "4": 0.17562705097776465,
  "5": 0.11454585620335145,
  "6": 0.11914179807248892,
  "7": 0.04846570679045925,
  "8": 0.028906290960223124,
  "9": 0.04031621709456701,
  "10": 0.04347393301879432,
  "11": 0.048842820549128696,
  "12": 0.04137875271492231,
  "13": 0.04596807120682378,
  "14": 0.05040099890643468,
  "15": 0.07276427369834337,
  "16": 0.08819676595627701,
  "17": 0.0978941469186605,
  "18": 0.10295536212885725,
  "19": 0.07891642804048438,
  "20": 0.07326213430311412,
  "21": 0.09616884672133086,
  "22": 0.06111226305964568,
  "23": 0.07157474575620704,
  "24": 0.059958645791717835,
  "25": 0.056738245981153845,
  "26": 0.05653526625223293,
  "27": 0.07213515474535281,
  "28": 0.0758143367779125,
  "29": 0.2945785815876505,
  "30": 0.33202440457058024,
  "31": 1.8660259873467453
}