{
  "model_path": "results/search_Mistral-Instruct_blockwise_20/exp_009_taylor_seq_len64_taylor_num_samples256/pruned_model.bin",
  "timestamp": "2025-12-02T14:35:16.129949",
  "metrics": {
    "model_info": {
      "total_params": 5798420480,
      "trainable_params": 5798420480,
      "total_params_M": 5798.42048,
      "total_params_B": 5.79842048,
      "num_layers": 32,
      "module_params": {
        "embedding": 134217728,
        "lm_head": 134217728,
        "final_norm": 4096,
        "attention": 1342177280,
        "mlp": 4187541504,
        "input_layernorm": 131072,
        "post_attention_layernorm": 131072,
        "total_accounted": 5798420480,
        "unaccounted": 0,
        "match": true
      },
      "attention_params": 1342177280,
      "mlp_params": 4187541504,
      "attention_params_M": 1342.17728,
      "mlp_params_M": 4187.541504,
      "attention_ratio": 0.23147291311995366,
      "mlp_ratio": 0.7221865883034408,
      "model_size_mb": 11059.609619140625,
      "model_size_gb": 10.800400018692017
    },
    "ppl_quick_128": {
      "wikitext2 (wikitext-2-raw-v1)": 21.799354553222656,
      "ptb": 99.354736328125
    },
    "ppl_standard_2048_512": {
      "wikitext2 (wikitext-2-raw-v1)": 10.43979263305664,
      "ptb": 37.3223876953125
    },
    "ppl": {
      "wikitext2 (wikitext-2-raw-v1)": 10.43979263305664,
      "ptb": 37.3223876953125
    },
    "zeroshot": {
      "boolq": {
        "accuracy": 0.7834862385321101,
        "full_results": {
          "acc,none": 0.7834862385321101,
          "acc_stderr,none": 0.007203623042482274,
          "alias": "boolq"
        }
      },
      "piqa": {
        "accuracy": 0.7829162132752993,
        "full_results": {
          "acc,none": 0.7676822633297062,
          "acc_stderr,none": 0.00985320138416832,
          "acc_norm,none": 0.7829162132752993,
          "acc_norm_stderr,none": 0.009618708415756861,
          "alias": "piqa"
        }
      },
      "hellaswag": {
        "accuracy": 0.6997610037841068,
        "full_results": {
          "acc,none": 0.5251941844254132,
          "acc_stderr,none": 0.004983442888677717,
          "acc_norm,none": 0.6997610037841068,
          "acc_norm_stderr,none": 0.004574250396870965,
          "alias": "hellaswag"
        }
      },
      "winogrande": {
        "accuracy": 0.6369376479873717,
        "full_results": {
          "acc,none": 0.6369376479873717,
          "acc_stderr,none": 0.013515191866479224,
          "alias": "winogrande"
        }
      },
      "arc_easy": {
        "accuracy": 0.7192760942760943,
        "full_results": {
          "acc,none": 0.7348484848484849,
          "acc_stderr,none": 0.009057621139172679,
          "acc_norm,none": 0.7192760942760943,
          "acc_norm_stderr,none": 0.009220526174711252,
          "alias": "arc_easy"
        }
      },
      "arc_challenge": {
        "accuracy": 0.4658703071672355,
        "full_results": {
          "acc,none": 0.4274744027303754,
          "acc_stderr,none": 0.014456862944650666,
          "acc_norm,none": 0.4658703071672355,
          "acc_norm_stderr,none": 0.014577311315231023,
          "alias": "arc_challenge"
        }
      },
      "openbookqa": {
        "accuracy": 0.4,
        "full_results": {
          "acc,none": 0.302,
          "acc_stderr,none": 0.02055326917420912,
          "acc_norm,none": 0.4,
          "acc_norm_stderr,none": 0.02193084412072858,
          "alias": "openbookqa"
        }
      }
    },
    "avg_zeroshot_acc": 0.6411782150031738
  }
}