{
  "extreme_pruning_layers": [
    {
      "layer_idx": 16,
      "pruning_rate": 0.9356524493243243,
      "importance": 0.08959576245900747,
      "gradient_mean": 0.0014137265582879384,
      "gradient_norm": 2.5615710417429605
    },
    {
      "layer_idx": 17,
      "pruning_rate": 0.9292124155405406,
      "importance": 0.09272771590464823,
      "gradient_mean": 0.0015904239068428676,
      "gradient_norm": 3.0118645230929055
    },
    {
      "layer_idx": 18,
      "pruning_rate": 0.9587732263513513,
      "importance": 0.1002252609343142,
      "gradient_mean": 0.0018654804055889447,
      "gradient_norm": 3.3931160966555276
    },
    {
      "layer_idx": 20,
      "pruning_rate": 0.560230152027027,
      "importance": 0.11727474509058772,
      "gradient_mean": 0.0014442803027729194,
      "gradient_norm": 3.1236048539479575
    }
  ],
  "num_extreme_layers": 4,
  "gradient_statistics": {
    "mean_range": [
      0.0011829474630455177,
      0.006567418730507295
    ],
    "mean_ratio": 5.551741206177701,
    "norm_range": [
      2.5615710417429605,
      19.70240666468938
    ],
    "norm_ratio": 7.6915324005670325
  },
  "diagnosis": []
}