{
  "0": 7.849851675033568,
  "1": 0.1868352222442624,
  "2": 0.3737744808197019,
  "3": 1.0449598979949948,
  "4": 2.546873292922973,
  "5": 0.4837382507324217,
  "6": 0.5866313743591305,
  "7": 0.24857368469238272,
  "8": 0.1422328662872312,
  "9": 0.6622484683990479,
  "10": 0.1412186527252195,
  "11": 0.44509742736816404,
  "12": 0.33929656028747557,
  "13": 0.08874382019042937,
  "14": 0.03893914222717276,
  "15": 0.04463006019592264,
  "16": 0.013750467300414737,
  "17": 0.03169807434082017,
  "18": 0.015311927795409908,
  "19": 0.05171911239624016,
  "20": 0.05207511901855444,
  "21": 0.038603887557983274,
  "22": 0.1503032302856444,
  "23": 0.14713040351867646,
  "24": 0.1794754123687743,
  "25": 0.2992386913299563,
  "26": 0.6445257282257075,
  "27": 2.1533128070831293
}