{
  "model_path": "results/all_model_blockwise_128_128_8/Qwen-Instruct/pruned_model.bin",
  "timestamp": "2025-12-11T16:00:22.692999",
  "metrics": {
    "model_info": {
      "total_params": 6092498944,
      "trainable_params": 6092498944,
      "total_params_M": 6092.498944,
      "total_params_B": 6.092498944,
      "num_layers": 28,
      "module_params": {
        "embedding": 544997376,
        "lm_head": 544997376,
        "final_norm": 3584,
        "attention": 822212608,
        "mlp": 4180087296,
        "input_layernorm": 100352,
        "post_attention_layernorm": 100352,
        "total_accounted": 6092498944,
        "unaccounted": 0,
        "match": true
      },
      "attention_params": 822212608,
      "mlp_params": 4180087296,
      "attention_params_M": 822.212608,
      "mlp_params_M": 4180.087296,
      "attention_ratio": 0.1349549036540629,
      "mlp_ratio": 0.6861039016045499,
      "model_size_mb": 11620.519775390625,
      "model_size_gb": 11.348163843154907
    },
    "ppl_quick_128": {
      "wikitext2 (wikitext-2-raw-v1)": 69.6927490234375,
      "ptb": 101.14485931396484
    },
    "ppl_standard_2048_512": {
      "wikitext2 (wikitext-2-raw-v1)": 25.466323852539062,
      "ptb": 39.32585144042969
    },
    "ppl": {
      "wikitext2 (wikitext-2-raw-v1)": 25.466323852539062,
      "ptb": 39.32585144042969
    },
    "zeroshot": {
      "boolq": {
        "accuracy": 0.7165137614678899,
        "full_results": {
          "acc,none": 0.7165137614678899,
          "acc_stderr,none": 0.007882623766693384,
          "alias": "boolq"
        }
      },
      "piqa": {
        "accuracy": 0.6953210010881393,
        "full_results": {
          "acc,none": 0.6887921653971708,
          "acc_stderr,none": 0.01080226387804588,
          "acc_norm,none": 0.6953210010881393,
          "acc_norm_stderr,none": 0.010738889044325272,
          "alias": "piqa"
        }
      },
      "hellaswag": {
        "accuracy": 0.6040629356701852,
        "full_results": {
          "acc,none": 0.44831706831308504,
          "acc_stderr,none": 0.004963053161193537,
          "acc_norm,none": 0.6040629356701852,
          "acc_norm_stderr,none": 0.004880515431322928,
          "alias": "hellaswag"
        }
      },
      "winogrande": {
        "accuracy": 0.6187845303867403,
        "full_results": {
          "acc,none": 0.6187845303867403,
          "acc_stderr,none": 0.013650172164160337,
          "alias": "winogrande"
        }
      },
      "arc_easy": {
        "accuracy": 0.5736531986531986,
        "full_results": {
          "acc,none": 0.61489898989899,
          "acc_stderr,none": 0.009985214798737324,
          "acc_norm,none": 0.5736531986531986,
          "acc_norm_stderr,none": 0.010147858603835226,
          "alias": "arc_easy"
        }
      },
      "arc_challenge": {
        "accuracy": 0.3796928327645051,
        "full_results": {
          "acc,none": 0.34812286689419797,
          "acc_stderr,none": 0.013921008595179299,
          "acc_norm,none": 0.3796928327645051,
          "acc_norm_stderr,none": 0.014182119866974712,
          "alias": "arc_challenge"
        }
      },
      "openbookqa": {
        "accuracy": 0.338,
        "full_results": {
          "acc,none": 0.224,
          "acc_stderr,none": 0.01866399446471086,
          "acc_norm,none": 0.338,
          "acc_norm_stderr,none": 0.021175665695209452,
          "alias": "openbookqa"
        }
      }
    },
    "avg_zeroshot_acc": 0.5608611800043798
  }
}