{
  "extreme_pruning_layers": [
    {
      "layer_idx": 1,
      "pruning_rate": 0.7897487331081081,
      "importance": 0.3005346874895229,
      "gradient_mean": 0.03779043210670352,
      "gradient_norm": 45.37749345600605
    },
    {
      "layer_idx": 5,
      "pruning_rate": 0.578441722972973,
      "importance": 0.8884951133985777,
      "gradient_mean": 0.035889556631445885,
      "gradient_norm": 54.69427509109179
    },
    {
      "layer_idx": 16,
      "pruning_rate": 0.8015730574324325,
      "importance": 1.7016636809787236,
      "gradient_mean": 0.030647099173317354,
      "gradient_norm": 69.71653524537881
    },
    {
      "layer_idx": 17,
      "pruning_rate": 0.7582347972972973,
      "importance": 1.573852081556578,
      "gradient_mean": 0.027070501664032538,
      "gradient_norm": 58.39608122905096
    }
  ],
  "num_extreme_layers": 4,
  "gradient_statistics": {
    "mean_range": [
      0.005802501924335957,
      0.06427869480103254
    ],
    "mean_ratio": 11.077754825667409,
    "norm_range": [
      31.867487942179043,
      73.97884617249171
    ],
    "norm_ratio": 2.321452080141621
  },
  "diagnosis": [
    {
      "issue": "\u524d\u51e0\u5c42\u88ab\u8fc7\u5ea6\u526a\u679d",
      "severity": "critical",
      "description": "\u524d5\u5c42\u4e2d\u6709 1 \u5c42\u88ab\u8fc7\u5ea6\u526a\u679d",
      "recommendation": "\u524d\u51e0\u5c42\u901a\u5e38\u5f88\u91cd\u8981\uff0c\u5efa\u8bae\u4e3a\u5176\u8bbe\u7f6e\u8f83\u4f4e\u7684 max_rate"
    }
  ]
}