{
  "model_path": "results/search_Llama_layerwise_20/exp_019_taylor_seq_len256_taylor_num_samples256/pruned_model.bin",
  "timestamp": "2025-12-02T17:22:42.322448",
  "metrics": {
    "model_info": {
      "total_params": 6424219648,
      "trainable_params": 6424219648,
      "total_params_M": 6424.219648,
      "total_params_B": 6.424219648,
      "num_layers": 32,
      "module_params": {
        "embedding": 525336576,
        "lm_head": 525336576,
        "final_norm": 4096,
        "attention": 1232076800,
        "mlp": 4141203456,
        "input_layernorm": 131072,
        "post_attention_layernorm": 131072,
        "total_accounted": 6424219648,
        "unaccounted": 0,
        "match": true
      },
      "attention_params": 1232076800,
      "mlp_params": 4141203456,
      "attention_params_M": 1232.0768,
      "mlp_params_M": 4141.203456,
      "attention_ratio": 0.19178621957354344,
      "mlp_ratio": 0.6446235781009211,
      "model_size_mb": 12253.226806640625,
      "model_size_gb": 11.966041803359985
    },
    "ppl_quick_128": {
      "wikitext2 (wikitext-2-raw-v1)": 31.44280433654785,
      "ptb": 48.92483901977539
    },
    "ppl_standard_2048_512": {
      "wikitext2 (wikitext-2-raw-v1)": 12.973566055297852,
      "ptb": 17.950138092041016
    },
    "ppl": {
      "wikitext2 (wikitext-2-raw-v1)": 12.973566055297852,
      "ptb": 17.950138092041016
    },
    "zeroshot": {
      "boolq": {
        "accuracy": 0.6370030581039755,
        "full_results": {
          "acc,none": 0.6370030581039755,
          "acc_stderr,none": 0.008410363788129933,
          "alias": "boolq"
        }
      },
      "piqa": {
        "accuracy": 0.7366702937976061,
        "full_results": {
          "acc,none": 0.7279651795429815,
          "acc_stderr,none": 0.0103827637862474,
          "acc_norm,none": 0.7366702937976061,
          "acc_norm_stderr,none": 0.010276185322196763,
          "alias": "piqa"
        }
      },
      "hellaswag": {
        "accuracy": 0.6152160924118701,
        "full_results": {
          "acc,none": 0.45130452101175067,
          "acc_stderr,none": 0.004966060995315382,
          "acc_norm,none": 0.6152160924118701,
          "acc_norm_stderr,none": 0.004855498343308365,
          "alias": "hellaswag"
        }
      },
      "winogrande": {
        "accuracy": 0.6669297553275454,
        "full_results": {
          "acc,none": 0.6669297553275454,
          "acc_stderr,none": 0.01324619402807062,
          "alias": "winogrande"
        }
      },
      "arc_easy": {
        "accuracy": 0.5972222222222222,
        "full_results": {
          "acc,none": 0.6515151515151515,
          "acc_stderr,none": 0.009777377947106498,
          "acc_norm,none": 0.5972222222222222,
          "acc_norm_stderr,none": 0.010063960494989253,
          "alias": "arc_easy"
        }
      },
      "arc_challenge": {
        "accuracy": 0.3643344709897611,
        "full_results": {
          "acc,none": 0.3302047781569966,
          "acc_stderr,none": 0.013743085603760337,
          "acc_norm,none": 0.3643344709897611,
          "acc_norm_stderr,none": 0.014063260279882467,
          "alias": "arc_challenge"
        }
      },
      "openbookqa": {
        "accuracy": 0.394,
        "full_results": {
          "acc,none": 0.264,
          "acc_stderr,none": 0.01973288558592215,
          "acc_norm,none": 0.394,
          "acc_norm_stderr,none": 0.02187429930168918,
          "alias": "openbookqa"
        }
      }
    },
    "avg_zeroshot_acc": 0.5730536989789972
  }
}