{
  "model_path": "results/search_Mistral-Instruct_20/exp_011_taylor_seq_len128_taylor_num_samples4/pruned_model.bin",
  "timestamp": "2025-12-01T20:27:30.442499",
  "metrics": {
    "model_info": {
      "total_params": 5798424576,
      "trainable_params": 5798424576,
      "total_params_M": 5798.424576,
      "total_params_B": 5.798424576,
      "num_layers": 32,
      "module_params": {
        "embedding": 134217728,
        "lm_head": 134217728,
        "final_norm": 4096,
        "attention": 927989760,
        "mlp": 4601733120,
        "input_layernorm": 131072,
        "post_attention_layernorm": 131072,
        "total_accounted": 5798424576,
        "unaccounted": 0,
        "match": true
      },
      "attention_params": 927989760,
      "mlp_params": 4601733120,
      "attention_params_M": 927.98976,
      "mlp_params_M": 4601.73312,
      "attention_ratio": 0.16004170578349866,
      "mlp_ratio": 0.7936178283747671,
      "model_size_mb": 11059.617431640625,
      "model_size_gb": 10.800407648086548
    },
    "ppl_quick_128": {
      "wikitext2 (wikitext-2-raw-v1)": 303.8838806152344,
      "ptb": 418.7950439453125
    },
    "ppl_standard_2048_512": {
      "wikitext2 (wikitext-2-raw-v1)": 73.82111358642578,
      "ptb": 409.9313659667969
    },
    "ppl": {
      "wikitext2 (wikitext-2-raw-v1)": 73.82111358642578,
      "ptb": 409.9313659667969
    },
    "zeroshot": {
      "boolq": {
        "accuracy": 0.5146788990825688,
        "full_results": {
          "acc,none": 0.5146788990825688,
          "acc_stderr,none": 0.008741285568667921,
          "alias": "boolq"
        }
      },
      "piqa": {
        "accuracy": 0.6289445048966268,
        "full_results": {
          "acc,none": 0.6213275299238302,
          "acc_stderr,none": 0.011317163404517102,
          "acc_norm,none": 0.6289445048966268,
          "acc_norm_stderr,none": 0.011271222398600666,
          "alias": "piqa"
        }
      },
      "hellaswag": {
        "accuracy": 0.4355706034654451,
        "full_results": {
          "acc,none": 0.3480382393945429,
          "acc_stderr,none": 0.004753746951620459,
          "acc_norm,none": 0.4355706034654451,
          "acc_norm_stderr,none": 0.00494818136702479,
          "alias": "hellaswag"
        }
      },
      "winogrande": {
        "accuracy": 0.5130228887134964,
        "full_results": {
          "acc,none": 0.5130228887134964,
          "acc_stderr,none": 0.014047718393997596,
          "alias": "winogrande"
        }
      },
      "arc_easy": {
        "accuracy": 0.36826599326599324,
        "full_results": {
          "acc,none": 0.39814814814814814,
          "acc_stderr,none": 0.01004466237465343,
          "acc_norm,none": 0.36826599326599324,
          "acc_norm_stderr,none": 0.009897286209010814,
          "alias": "arc_easy"
        }
      },
      "arc_challenge": {
        "accuracy": 0.2832764505119454,
        "full_results": {
          "acc,none": 0.24744027303754265,
          "acc_stderr,none": 0.01261035266329266,
          "acc_norm,none": 0.2832764505119454,
          "acc_norm_stderr,none": 0.013167478735134564,
          "alias": "arc_challenge"
        }
      },
      "openbookqa": {
        "accuracy": 0.26,
        "full_results": {
          "acc,none": 0.15,
          "acc_stderr,none": 0.0159847121351649,
          "acc_norm,none": 0.26,
          "acc_norm_stderr,none": 0.019635965529725526,
          "alias": "openbookqa"
        }
      }
    },
    "avg_zeroshot_acc": 0.42910847713372513
  }
}