{
  "0": 5.786926528420111,
  "1": 4.670200552001144,
  "2": 0.108469702604443,
  "3": 0.08109381049871445,
  "4": 0.050735084170645095,
  "5": 0.06389452592291,
  "6": 0.03198038034065798,
  "7": 0.029939423456336378,
  "8": 0.03165422131617879,
  "9": 0.021000088013783724,
  "10": 0.022028694625454648,
  "11": 0.014889228449325387,
  "12": 0.013208061155646877,
  "13": 0.020331561113848817,
  "14": 0.024635638176190522,
  "15": 0.032314835323227875,
  "16": 0.026371892504017502,
  "17": 0.049325224125023936,
  "18": 0.054024823160484736,
  "19": 0.08162691233435071,
  "20": 0.06951591696100978,
  "21": 0.0561676152577304,
  "22": 0.04903940698414111,
  "23": 0.054274220734533696,
  "24": 0.049993595616383946,
  "25": 0.044116302421598697,
  "26": 0.05013116622211955,
  "27": 0.04780546771456473,
  "28": 0.09064516191831729,
  "29": 0.16576533523773884,
  "30": 0.12472887721025572,
  "31": 0.3431137936434361
}