{
  "model_path": "results/Llama-3-8B-Instruct/Taylor_grandient_dignose1/pruned_model.bin",
  "timestamp": "2025-11-30T14:48:08.345668",
  "metrics": {
    "model_info": {
      "total_params": 6424219648,
      "trainable_params": 6424219648,
      "total_params_M": 6424.219648,
      "total_params_B": 6.424219648,
      "num_layers": 32,
      "module_params": {
        "embedding": 525336576,
        "lm_head": 525336576,
        "final_norm": 4096,
        "attention": 1184890880,
        "mlp": 4188389376,
        "input_layernorm": 131072,
        "post_attention_layernorm": 131072,
        "total_accounted": 6424219648,
        "unaccounted": 0,
        "match": true
      },
      "attention_params": 1184890880,
      "mlp_params": 4188389376,
      "attention_params_M": 1184.89088,
      "mlp_params_M": 4188.389376,
      "attention_ratio": 0.18444121541966307,
      "mlp_ratio": 0.6519685822548015,
      "model_size_mb": 12253.226806640625,
      "model_size_gb": 11.966041803359985
    },
    "ppl_quick_128": {
      "wikitext2 (wikitext-2-raw-v1)": 46.873138427734375,
      "ptb": 83.7693099975586
    },
    "ppl_standard_2048_512": {
      "wikitext2 (wikitext-2-raw-v1)": 18.604747772216797,
      "ptb": 30.173824310302734
    },
    "ppl": {
      "wikitext2 (wikitext-2-raw-v1)": 18.604747772216797,
      "ptb": 30.173824310302734
    },
    "zeroshot": {
      "boolq": {
        "accuracy": 0.7159021406727829,
        "full_results": {
          "acc,none": 0.7159021406727829,
          "acc_stderr,none": 0.00788775387915694,
          "alias": "boolq"
        }
      },
      "piqa": {
        "accuracy": 0.7437431991294886,
        "full_results": {
          "acc,none": 0.7247007616974973,
          "acc_stderr,none": 0.010421429277369502,
          "acc_norm,none": 0.7437431991294886,
          "acc_norm_stderr,none": 0.010185787831565037,
          "alias": "piqa"
        }
      },
      "hellaswag": {
        "accuracy": 0.644991037641904,
        "full_results": {
          "acc,none": 0.46195976897032465,
          "acc_stderr,none": 0.004975319435776964,
          "acc_norm,none": 0.644991037641904,
          "acc_norm_stderr,none": 0.004775380866947924,
          "alias": "hellaswag"
        }
      },
      "winogrande": {
        "accuracy": 0.6779794790844514,
        "full_results": {
          "acc,none": 0.6779794790844514,
          "acc_stderr,none": 0.01313207020207106,
          "alias": "winogrande"
        }
      },
      "arc_easy": {
        "accuracy": 0.6923400673400674,
        "full_results": {
          "acc,none": 0.7142255892255892,
          "acc_stderr,none": 0.009270380606981266,
          "acc_norm,none": 0.6923400673400674,
          "acc_norm_stderr,none": 0.009470292575830977,
          "alias": "arc_easy"
        }
      },
      "arc_challenge": {
        "accuracy": 0.45051194539249145,
        "full_results": {
          "acc,none": 0.41552901023890787,
          "acc_stderr,none": 0.014401366641216409,
          "acc_norm,none": 0.45051194539249145,
          "acc_norm_stderr,none": 0.01453964609847157,
          "alias": "arc_challenge"
        }
      },
      "openbookqa": {
        "accuracy": 0.36,
        "full_results": {
          "acc,none": 0.264,
          "acc_stderr,none": 0.01973288558592215,
          "acc_norm,none": 0.36,
          "acc_norm_stderr,none": 0.02148775108972057,
          "alias": "openbookqa"
        }
      }
    },
    "avg_zeroshot_acc": 0.6122096956087407,
    "efficiency": {
      "model_info": {
        "total_params": 6424219648,
        "trainable_params": 6424219648,
        "total_params_M": 6424.219648,
        "total_params_B": 6.424219648,
        "num_layers": 32,
        "module_params": {
          "embedding": 525336576,
          "lm_head": 525336576,
          "final_norm": 4096,
          "attention": 1184890880,
          "mlp": 4188389376,
          "input_layernorm": 131072,
          "post_attention_layernorm": 131072,
          "total_accounted": 6424219648,
          "unaccounted": 0,
          "match": true
        },
        "attention_params": 1184890880,
        "mlp_params": 4188389376,
        "attention_params_M": 1184.89088,
        "mlp_params_M": 4188.389376,
        "attention_ratio": 0.18444121541966307,
        "mlp_ratio": 0.6519685822548015,
        "model_size_mb": 12253.226806640625,
        "model_size_gb": 11.966041803359985
      },
      "speed": {
        "batch_size_1": {
          "throughput_tokens_per_sec": 29.05772699114693,
          "latency_ms_per_token": 34.41425409168005,
          "total_time_sec": 220.25122618675232,
          "total_tokens": 6400
        },
        "batch_size_4": {
          "throughput_tokens_per_sec": 108.24793174096403,
          "latency_ms_per_token": 9.238051793848475,
          "total_time_sec": 56.75859022140503,
          "total_tokens": 6144
        }
      },
      "memory": {
        "model_memory_mb": 39979.07958984375,
        "inference_peak_mb": 40071.82861328125
      }
    }
  }
}