{
  "model_path": "results/search_Qwen_20/exp_015_taylor_seq_len256_taylor_num_samples512/pruned_model.bin",
  "timestamp": "2025-11-30T21:38:21.129642",
  "metrics": {
    "model_info": {
      "total_params": 6092498944,
      "trainable_params": 6092498944,
      "total_params_M": 6092.498944,
      "total_params_B": 6.092498944,
      "num_layers": 28,
      "module_params": {
        "embedding": 544997376,
        "lm_head": 544997376,
        "final_norm": 3584,
        "attention": 822212608,
        "mlp": 4180087296,
        "input_layernorm": 100352,
        "post_attention_layernorm": 100352,
        "total_accounted": 6092498944,
        "unaccounted": 0,
        "match": true
      },
      "attention_params": 822212608,
      "mlp_params": 4180087296,
      "attention_params_M": 822.212608,
      "mlp_params_M": 4180.087296,
      "attention_ratio": 0.1349549036540629,
      "mlp_ratio": 0.6861039016045499,
      "model_size_mb": 11620.519775390625,
      "model_size_gb": 11.348163843154907
    },
    "ppl_quick_128": {
      "wikitext2 (wikitext-2-raw-v1)": 42.80956268310547,
      "ptb": 64.54814147949219
    },
    "ppl_standard_2048_512": {
      "wikitext2 (wikitext-2-raw-v1)": 16.77242088317871,
      "ptb": 23.440357208251953
    },
    "ppl": {
      "wikitext2 (wikitext-2-raw-v1)": 16.77242088317871,
      "ptb": 23.440357208251953
    },
    "zeroshot": {
      "boolq": {
        "accuracy": 0.7941896024464832,
        "full_results": {
          "acc,none": 0.7941896024464832,
          "acc_stderr,none": 0.00707112140841783,
          "alias": "boolq"
        }
      },
      "piqa": {
        "accuracy": 0.7105549510337323,
        "full_results": {
          "acc,none": 0.7078346028291621,
          "acc_stderr,none": 0.010610252174513776,
          "acc_norm,none": 0.7105549510337323,
          "acc_norm_stderr,none": 0.010581014740675708,
          "alias": "piqa"
        }
      },
      "hellaswag": {
        "accuracy": 0.6276638119896435,
        "full_results": {
          "acc,none": 0.46554471220872334,
          "acc_stderr,none": 0.004977919906875265,
          "acc_norm,none": 0.6276638119896435,
          "acc_norm_stderr,none": 0.004824393076826597,
          "alias": "hellaswag"
        }
      },
      "winogrande": {
        "accuracy": 0.6432517758484609,
        "full_results": {
          "acc,none": 0.6432517758484609,
          "acc_stderr,none": 0.01346339395802877,
          "alias": "winogrande"
        }
      },
      "arc_easy": {
        "accuracy": 0.648989898989899,
        "full_results": {
          "acc,none": 0.6683501683501684,
          "acc_stderr,none": 0.00966073378092379,
          "acc_norm,none": 0.648989898989899,
          "acc_norm_stderr,none": 0.009793703885101085,
          "alias": "arc_easy"
        }
      },
      "arc_challenge": {
        "accuracy": 0.4180887372013652,
        "full_results": {
          "acc,none": 0.36689419795221845,
          "acc_stderr,none": 0.014084133118104419,
          "acc_norm,none": 0.4180887372013652,
          "acc_norm_stderr,none": 0.014413988396996116,
          "alias": "arc_challenge"
        }
      },
      "openbookqa": {
        "accuracy": 0.348,
        "full_results": {
          "acc,none": 0.24,
          "acc_stderr,none": 0.0191188666537598,
          "acc_norm,none": 0.348,
          "acc_norm_stderr,none": 0.021323728632807425,
          "alias": "openbookqa"
        }
      }
    },
    "avg_zeroshot_acc": 0.5986769682156549
  }
}