{
  "attention": {
    "0": 5.035847468761051,
    "1": 2.877378595427725,
    "2": 2.95089495609694,
    "3": 2.317338105452613,
    "4": 2.0258421561108575,
    "5": 1.8309514335452706,
    "6": 1.7080010444772258,
    "7": 1.7225415059803844,
    "8": 1.7924172869355868,
    "9": 1.7612990764580854,
    "10": 1.7121379532265202,
    "11": 1.7296257587469919,
    "12": 1.6896657744152481,
    "13": 1.7557149188222727,
    "14": 1.641020570635261,
    "15": 1.3706638223209007,
    "16": 1.2128097073736033,
    "17": 1.0445852627134107,
    "18": 0.9338358252215988,
    "19": 0.7986666318725217,
    "20": 0.7564369293962714,
    "21": 0.6971330020816158,
    "22": 0.6775579406185175,
    "23": 0.5856996452149072,
    "24": 0.5755329110697245,
    "25": 0.5159190791604762,
    "26": 0.4644100026343079,
    "27": 0.4188936168302866,
    "28": 0.3611084028566185,
    "29": 0.34092644404937333,
    "30": 0.2614559861754797,
    "31": 0.17161848067524543
  },
  "mlp": {
    "0": 3.9871205344506615,
    "1": 3.3757501555487,
    "2": 1.6300399788113809,
    "3": 1.2627979935730163,
    "4": 1.1323019756151775,
    "5": 1.029669173629829,
    "6": 0.9569526354828222,
    "7": 0.9107711555711888,
    "8": 0.9148265305121379,
    "9": 0.9462536124370557,
    "10": 0.9836167130947824,
    "11": 0.9545655129379931,
    "12": 0.9686250911165244,
    "13": 0.9270761408613399,
    "14": 0.9106845221355533,
    "15": 0.8216099088680227,
    "16": 0.7768078629033268,
    "17": 0.7321593542270057,
    "18": 0.6533822571393797,
    "19": 0.6279056325265286,
    "20": 0.6083874812931578,
    "21": 0.5794928681511871,
    "22": 0.5634586536652657,
    "23": 0.5260049739047905,
    "24": 0.5355914603077951,
    "25": 0.4754202920046975,
    "26": 0.4543671116166048,
    "27": 0.4684095633938705,
    "28": 0.43867112489024596,
    "29": 0.4054973583406749,
    "30": 0.5696268723150002,
    "31": 1.1530690189612463
  }
}