{
  "model_path": "results/search_Qwen-Instruct_blockwise_20/exp_014_taylor_seq_len128_taylor_num_samples256/pruned_model.bin",
  "timestamp": "2025-12-03T00:05:03.576881",
  "metrics": {
    "model_info": {
      "total_params": 6092498944,
      "trainable_params": 6092498944,
      "total_params_M": 6092.498944,
      "total_params_B": 6.092498944,
      "num_layers": 28,
      "module_params": {
        "embedding": 544997376,
        "lm_head": 544997376,
        "final_norm": 3584,
        "attention": 822212608,
        "mlp": 4180087296,
        "input_layernorm": 100352,
        "post_attention_layernorm": 100352,
        "total_accounted": 6092498944,
        "unaccounted": 0,
        "match": true
      },
      "attention_params": 822212608,
      "mlp_params": 4180087296,
      "attention_params_M": 822.212608,
      "mlp_params_M": 4180.087296,
      "attention_ratio": 0.1349549036540629,
      "mlp_ratio": 0.6861039016045499,
      "model_size_mb": 11620.519775390625,
      "model_size_gb": 11.348163843154907
    },
    "ppl_quick_128": {
      "wikitext2 (wikitext-2-raw-v1)": 71.06646728515625,
      "ptb": 102.63709259033203
    },
    "ppl_standard_2048_512": {
      "wikitext2 (wikitext-2-raw-v1)": 26.049766540527344,
      "ptb": 42.10797119140625
    },
    "ppl": {
      "wikitext2 (wikitext-2-raw-v1)": 26.049766540527344,
      "ptb": 42.10797119140625
    },
    "zeroshot": {
      "boolq": {
        "accuracy": 0.7079510703363915,
        "full_results": {
          "acc,none": 0.7079510703363915,
          "acc_stderr,none": 0.007952834971031426,
          "alias": "boolq"
        }
      },
      "piqa": {
        "accuracy": 0.7029379760609358,
        "full_results": {
          "acc,none": 0.6985854189336235,
          "acc_stderr,none": 0.010706248242753826,
          "acc_norm,none": 0.7029379760609358,
          "acc_norm_stderr,none": 0.010661725404814675,
          "alias": "piqa"
        }
      },
      "hellaswag": {
        "accuracy": 0.6042620991834295,
        "full_results": {
          "acc,none": 0.44961163114917346,
          "acc_stderr,none": 0.0049643787624251996,
          "acc_norm,none": 0.6042620991834295,
          "acc_norm_stderr,none": 0.004880092083408063,
          "alias": "hellaswag"
        }
      },
      "winogrande": {
        "accuracy": 0.6290449881610103,
        "full_results": {
          "acc,none": 0.6290449881610103,
          "acc_stderr,none": 0.013576399902231513,
          "alias": "winogrande"
        }
      },
      "arc_easy": {
        "accuracy": 0.5845959595959596,
        "full_results": {
          "acc,none": 0.6245791245791246,
          "acc_stderr,none": 0.009936218527114224,
          "acc_norm,none": 0.5845959595959596,
          "acc_norm_stderr,none": 0.010111869494911491,
          "alias": "arc_easy"
        }
      },
      "arc_challenge": {
        "accuracy": 0.386518771331058,
        "full_results": {
          "acc,none": 0.36860068259385664,
          "acc_stderr,none": 0.014097810678042156,
          "acc_norm,none": 0.386518771331058,
          "acc_norm_stderr,none": 0.01423008476191056,
          "alias": "arc_challenge"
        }
      },
      "openbookqa": {
        "accuracy": 0.334,
        "full_results": {
          "acc,none": 0.232,
          "acc_stderr,none": 0.01889619359195203,
          "acc_norm,none": 0.334,
          "acc_norm_stderr,none": 0.02111349234774381,
          "alias": "openbookqa"
        }
      }
    },
    "avg_zeroshot_acc": 0.5641872663812549
  }
}