{
  "model_path": "results/search_Qwen_layerwise_20/exp_002_taylor_seq_len16_taylor_num_samples256/pruned_model.bin",
  "timestamp": "2025-12-01T00:31:00.458198",
  "metrics": {
    "model_info": {
      "total_params": 6092480640,
      "trainable_params": 6092480640,
      "total_params_M": 6092.48064,
      "total_params_B": 6.09248064,
      "num_layers": 28,
      "module_params": {
        "embedding": 544997376,
        "lm_head": 544997376,
        "final_norm": 3584,
        "attention": 682730112,
        "mlp": 4319551488,
        "input_layernorm": 100352,
        "post_attention_layernorm": 100352,
        "total_accounted": 6092480640,
        "unaccounted": 0,
        "match": true
      },
      "attention_params": 682730112,
      "mlp_params": 4319551488,
      "attention_params_M": 682.730112,
      "mlp_params_M": 4319.551488,
      "attention_ratio": 0.11206110488354379,
      "mlp_ratio": 0.708997162771452,
      "model_size_mb": 11620.48486328125,
      "model_size_gb": 11.348129749298096
    },
    "ppl_quick_128": {
      "wikitext2 (wikitext-2-raw-v1)": 21.48428726196289,
      "ptb": 42.34028625488281
    },
    "ppl_standard_2048_512": {
      "wikitext2 (wikitext-2-raw-v1)": 10.417149543762207,
      "ptb": 17.433305740356445
    },
    "ppl": {
      "wikitext2 (wikitext-2-raw-v1)": 10.417149543762207,
      "ptb": 17.433305740356445
    },
    "zeroshot": {
      "boolq": {
        "accuracy": 0.5,
        "full_results": {
          "acc,none": 0.5,
          "acc_stderr,none": 0.008745054976398168,
          "alias": "boolq"
        }
      },
      "piqa": {
        "accuracy": 0.7682263329706203,
        "full_results": {
          "acc,none": 0.764417845484222,
          "acc_stderr,none": 0.009901067586473833,
          "acc_norm,none": 0.7682263329706203,
          "acc_norm_stderr,none": 0.009845143772794095,
          "alias": "piqa"
        }
      },
      "hellaswag": {
        "accuracy": 0.6405098585939056,
        "full_results": {
          "acc,none": 0.46654052977494526,
          "acc_stderr,none": 0.004978596394045333,
          "acc_norm,none": 0.6405098585939056,
          "acc_norm_stderr,none": 0.004788703173474955,
          "alias": "hellaswag"
        }
      },
      "winogrande": {
        "accuracy": 0.5761641673243884,
        "full_results": {
          "acc,none": 0.5761641673243884,
          "acc_stderr,none": 0.013888492389944529,
          "alias": "winogrande"
        }
      },
      "arc_easy": {
        "accuracy": 0.6376262626262627,
        "full_results": {
          "acc,none": 0.6999158249158249,
          "acc_stderr,none": 0.009404000558513162,
          "acc_norm,none": 0.6376262626262627,
          "acc_norm_stderr,none": 0.009863468202583702,
          "alias": "arc_easy"
        }
      },
      "arc_challenge": {
        "accuracy": 0.36006825938566556,
        "full_results": {
          "acc,none": 0.3412969283276451,
          "acc_stderr,none": 0.013855831287497686,
          "acc_norm,none": 0.36006825938566556,
          "acc_norm_stderr,none": 0.014027516814585158,
          "alias": "arc_challenge"
        }
      },
      "openbookqa": {
        "accuracy": 0.388,
        "full_results": {
          "acc,none": 0.288,
          "acc_stderr,none": 0.020271503835075255,
          "acc_norm,none": 0.388,
          "acc_norm_stderr,none": 0.021814300984787705,
          "alias": "openbookqa"
        }
      }
    },
    "avg_zeroshot_acc": 0.5529421258429775
  }
}