{
  "0": 7.839147567000456,
  "1": 0.08948929876884426,
  "2": 0.14894313677513793,
  "3": 0.41869847413322026,
  "4": 0.3425168198543589,
  "5": 0.0373763646959695,
  "6": 0.07725774783354522,
  "7": 0.06659736307674136,
  "8": 0.07707510273348017,
  "9": 0.19343634256201225,
  "10": 0.05138504056017279,
  "11": 0.04426398157511979,
  "12": 0.029678361101464823,
  "13": 0.053554053022124126,
  "14": 0.033172470621261496,
  "15": 0.028408420516333077,
  "16": 0.01754169767280933,
  "17": 0.020929025143992863,
  "18": 0.03745885715005537,
  "19": 0.11092083616945381,
  "20": 0.08189611223466331,
  "21": 0.07835009202852339,
  "22": 0.12480354299724938,
  "23": 0.12180144455593833,
  "24": 0.13404279301641875,
  "25": 0.1621516816657227,
  "26": 0.2542168815244499,
  "27": 1.3289171034350313
}