{
  "model_path": "results/search_Mistral_blockwise_20/exp_019_taylor_seq_len256_taylor_num_samples256/pruned_model.bin",
  "timestamp": "2025-12-02T05:18:13.358518",
  "metrics": {
    "model_info": {
      "total_params": 5798420480,
      "trainable_params": 5798420480,
      "total_params_M": 5798.42048,
      "total_params_B": 5.79842048,
      "num_layers": 32,
      "module_params": {
        "embedding": 134217728,
        "lm_head": 134217728,
        "final_norm": 4096,
        "attention": 1342177280,
        "mlp": 4187541504,
        "input_layernorm": 131072,
        "post_attention_layernorm": 131072,
        "total_accounted": 5798420480,
        "unaccounted": 0,
        "match": true
      },
      "attention_params": 1342177280,
      "mlp_params": 4187541504,
      "attention_params_M": 1342.17728,
      "mlp_params_M": 4187.541504,
      "attention_ratio": 0.23147291311995366,
      "mlp_ratio": 0.7221865883034408,
      "model_size_mb": 11059.609619140625,
      "model_size_gb": 10.800400018692017
    },
    "ppl_quick_128": {
      "wikitext2 (wikitext-2-raw-v1)": 56.98198318481445,
      "ptb": 196.34893798828125
    },
    "ppl_standard_2048_512": {
      "wikitext2 (wikitext-2-raw-v1)": 37.75407028198242,
      "ptb": 173.1873016357422
    },
    "ppl": {
      "wikitext2 (wikitext-2-raw-v1)": 37.75407028198242,
      "ptb": 173.1873016357422
    },
    "zeroshot": {
      "boolq": {
        "accuracy": 0.5773700305810398,
        "full_results": {
          "acc,none": 0.5773700305810398,
          "acc_stderr,none": 0.008639722698719238,
          "alias": "boolq"
        }
      },
      "piqa": {
        "accuracy": 0.6109902067464635,
        "full_results": {
          "acc,none": 0.6147986942328618,
          "acc_stderr,none": 0.011354179751257222,
          "acc_norm,none": 0.6109902067464635,
          "acc_norm_stderr,none": 0.0113747749744473,
          "alias": "piqa"
        }
      },
      "hellaswag": {
        "accuracy": 0.38966341366261703,
        "full_results": {
          "acc,none": 0.3258315076677953,
          "acc_stderr,none": 0.004677268282839363,
          "acc_norm,none": 0.38966341366261703,
          "acc_norm_stderr,none": 0.004866772373029655,
          "alias": "hellaswag"
        }
      },
      "winogrande": {
        "accuracy": 0.5477505919494869,
        "full_results": {
          "acc,none": 0.5477505919494869,
          "acc_stderr,none": 0.013988256216606014,
          "alias": "winogrande"
        }
      },
      "arc_easy": {
        "accuracy": 0.4078282828282828,
        "full_results": {
          "acc,none": 0.45707070707070707,
          "acc_stderr,none": 0.01022189756425604,
          "acc_norm,none": 0.4078282828282828,
          "acc_norm_stderr,none": 0.01008395024004126,
          "alias": "arc_easy"
        }
      },
      "arc_challenge": {
        "accuracy": 0.2363481228668942,
        "full_results": {
          "acc,none": 0.20051194539249148,
          "acc_stderr,none": 0.011700318050499469,
          "acc_norm,none": 0.2363481228668942,
          "acc_norm_stderr,none": 0.012414960524301884,
          "alias": "arc_challenge"
        }
      },
      "openbookqa": {
        "accuracy": 0.288,
        "full_results": {
          "acc,none": 0.184,
          "acc_stderr,none": 0.017346174781752842,
          "acc_norm,none": 0.288,
          "acc_norm_stderr,none": 0.020271503835075255,
          "alias": "openbookqa"
        }
      }
    },
    "avg_zeroshot_acc": 0.436850092662112
  }
}