{
  "0": 6.124900834766898,
  "1": 4.7418210581531675,
  "2": 0.3078697497450462,
  "3": 0.18651333756334187,
  "4": 0.18375790400767888,
  "5": 0.12319477524344391,
  "6": 0.10981877206817403,
  "7": 0.07664656263636793,
  "8": 0.058881592562817886,
  "9": 0.010506449721929378,
  "10": 0.031242483244167563,
  "11": 0.024232066522432927,
  "12": 0.049850888139619354,
  "13": 0.06874869376655646,
  "14": 0.04182622751851728,
  "15": 0.06484490304481305,
  "16": 0.13069733484523516,
  "17": 0.1353218104895646,
  "18": 0.09158505792692884,
  "19": 0.01567154606496235,
  "20": 0.0592051622435803,
  "21": 0.09226143078541194,
  "22": 0.14681364044429746,
  "23": 0.0633818183358259,
  "24": 0.07195080171419876,
  "25": 0.06206868952653544,
  "26": 0.04320438077130673,
  "27": 0.1710238156356212,
  "28": 0.023833869949100528,
  "29": 0.2511139948537031,
  "30": 0.44001586230721035,
  "31": 1.7139056742660643
}