{
  "0": 6103.2578125,
  "1": 4269.4921875,
  "2": 2661.947265625,
  "3": 2286.8046875,
  "4": 2431.61328125,
  "5": 2620.02734375,
  "6": 2479.93359375,
  "7": 2369.7734375,
  "8": 2191.646484375,
  "9": 1894.5625,
  "10": 1847.79296875,
  "11": 1625.6689453125,
  "12": 1504.3642578125,
  "13": 1472.0400390625,
  "14": 1556.9287109375,
  "15": 1549.2646484375,
  "16": 1575.3642578125,
  "17": 1551.2744140625,
  "18": 1532.78125,
  "19": 1506.1484375,
  "20": 1183.4296875,
  "21": 995.6201171875,
  "22": 818.2080078125,
  "23": 771.994140625,
  "24": 706.3037109375,
  "25": 696.64306640625,
  "26": 660.56201171875,
  "27": 666.49853515625,
  "28": 810.13037109375,
  "29": 988.333984375,
  "30": 904.91552734375,
  "31": 3165.515625
}