{
  "model_path": "results/search_Llama-Instruct_blockwise_20/exp_018_taylor_seq_len256_taylor_num_samples128/pruned_model.bin",
  "timestamp": "2025-12-02T17:03:02.510957",
  "metrics": {
    "model_info": {
      "total_params": 6424211456,
      "trainable_params": 6424211456,
      "total_params_M": 6424.211456,
      "total_params_B": 6.424211456,
      "num_layers": 32,
      "module_params": {
        "embedding": 525336576,
        "lm_head": 525336576,
        "final_norm": 4096,
        "attention": 1179648000,
        "mlp": 4193624064,
        "input_layernorm": 131072,
        "post_attention_layernorm": 131072,
        "total_accounted": 6424211456,
        "unaccounted": 0,
        "match": true
      },
      "attention_params": 1179648000,
      "mlp_params": 4193624064,
      "attention_params_M": 1179.648,
      "mlp_params_M": 4193.624064,
      "attention_ratio": 0.18362533800132746,
      "mlp_ratio": 0.6527842510668441,
      "model_size_mb": 12253.211181640625,
      "model_size_gb": 11.966026544570923
    },
    "ppl_quick_128": {
      "wikitext2 (wikitext-2-raw-v1)": 46.10755157470703,
      "ptb": 77.95484161376953
    },
    "ppl_standard_2048_512": {
      "wikitext2 (wikitext-2-raw-v1)": 18.537792205810547,
      "ptb": 28.615114212036133
    },
    "ppl": {
      "wikitext2 (wikitext-2-raw-v1)": 18.537792205810547,
      "ptb": 28.615114212036133
    },
    "zeroshot": {
      "boolq": {
        "accuracy": 0.7165137614678899,
        "full_results": {
          "acc,none": 0.7165137614678899,
          "acc_stderr,none": 0.007882623766693384,
          "alias": "boolq"
        }
      },
      "piqa": {
        "accuracy": 0.73449401523395,
        "full_results": {
          "acc,none": 0.719260065288357,
          "acc_stderr,none": 0.010484325438311801,
          "acc_norm,none": 0.73449401523395,
          "acc_norm_stderr,none": 0.01030330865302444,
          "alias": "piqa"
        }
      },
      "hellaswag": {
        "accuracy": 0.6398127862975503,
        "full_results": {
          "acc,none": 0.4553873730332603,
          "acc_stderr,none": 0.004969879532842992,
          "acc_norm,none": 0.6398127862975503,
          "acc_norm_stderr,none": 0.004790734683704785,
          "alias": "hellaswag"
        }
      },
      "winogrande": {
        "accuracy": 0.6692975532754538,
        "full_results": {
          "acc,none": 0.6692975532754538,
          "acc_stderr,none": 0.013222435887002683,
          "alias": "winogrande"
        }
      },
      "arc_easy": {
        "accuracy": 0.7053872053872053,
        "full_results": {
          "acc,none": 0.7192760942760943,
          "acc_stderr,none": 0.009220526174711252,
          "acc_norm,none": 0.7053872053872053,
          "acc_norm_stderr,none": 0.009354224395837284,
          "alias": "arc_easy"
        }
      },
      "arc_challenge": {
        "accuracy": 0.4641638225255973,
        "full_results": {
          "acc,none": 0.4129692832764505,
          "acc_stderr,none": 0.014388344935398392,
          "acc_norm,none": 0.4641638225255973,
          "acc_norm_stderr,none": 0.014573813664735622,
          "alias": "arc_challenge"
        }
      },
      "openbookqa": {
        "accuracy": 0.366,
        "full_results": {
          "acc,none": 0.268,
          "acc_stderr,none": 0.019827714859587477,
          "acc_norm,none": 0.366,
          "acc_norm_stderr,none": 0.021564276850201684,
          "alias": "openbookqa"
        }
      }
    },
    "avg_zeroshot_acc": 0.6136670205982353
  }
}