{
  "extreme_pruning_layers": [
    {
      "layer_idx": 27,
      "pruning_rate": 0.51220703125,
      "importance": 0.25018471479415894,
      "gradient_mean": 0.0019490989959902233,
      "gradient_norm": 9.090874777899849
    }
  ],
  "num_extreme_layers": 1,
  "gradient_statistics": {
    "mean_range": [
      0.0017204595108826954,
      0.012250897371106677
    ],
    "mean_ratio": 7.120711985108012,
    "norm_range": [
      8.009859402974447,
      79.39739312065973
    ],
    "norm_ratio": 9.91245777549908
  },
  "diagnosis": []
}