{
  "extreme_pruning_layers": [],
  "num_extreme_layers": 0,
  "gradient_statistics": {
    "mean_range": [
      0.16642262496882015,
      3.351724374211497
    ],
    "mean_ratio": 20.139835991803817,
    "norm_range": [
      945.0678198072645,
      Infinity
    ],
    "norm_ratio": Infinity
  },
  "diagnosis": []
}