{
  "model_path": "results/finetuned/Mistral/best_acc_finetuned/pruned_model.bin",
  "timestamp": "2025-12-04T01:03:23.359280",
  "metrics": {
    "model_info": {
      "total_params": 5798424576,
      "trainable_params": 0,
      "total_params_M": 5798.424576,
      "total_params_B": 5.798424576,
      "num_layers": 32,
      "module_params": {
        "embedding": 134217728,
        "lm_head": 134217728,
        "final_norm": 4096,
        "attention": 1305477120,
        "mlp": 4224245760,
        "input_layernorm": 131072,
        "post_attention_layernorm": 131072,
        "total_accounted": 5798424576,
        "unaccounted": 0,
        "match": true
      },
      "attention_params": 1305477120,
      "mlp_params": 4224245760,
      "attention_params_M": 1305.47712,
      "mlp_params_M": 4224.24576,
      "attention_ratio": 0.22514341661068457,
      "mlp_ratio": 0.7285161175475813,
      "model_size_mb": 11059.617309570312,
      "model_size_gb": 10.800407528877258
    },
    "ppl_quick_128": {
      "wikitext2 (wikitext-2-raw-v1)": 43.21624755859375,
      "ptb": 85.53514862060547
    },
    "ppl_standard_2048_512": {
      "wikitext2 (wikitext-2-raw-v1)": 10.46104621887207,
      "ptb": 27.8663272857666
    },
    "ppl": {
      "wikitext2 (wikitext-2-raw-v1)": 10.46104621887207,
      "ptb": 27.8663272857666
    },
    "zeroshot": {
      "boolq": {
        "accuracy": 0.7993883792048929,
        "full_results": {
          "acc,none": 0.7993883792048929,
          "acc_stderr,none": 0.00700405420325,
          "alias": "boolq"
        }
      },
      "piqa": {
        "accuracy": 0.736126224156692,
        "full_results": {
          "acc,none": 0.7323177366702938,
          "acc_stderr,none": 0.010330111189370297,
          "acc_norm,none": 0.736126224156692,
          "acc_norm_stderr,none": 0.010282996367695665,
          "alias": "piqa"
        }
      },
      "hellaswag": {
        "accuracy": 0.6957777335192192,
        "full_results": {
          "acc,none": 0.5152360087631945,
          "acc_stderr,none": 0.0049874642579997505,
          "acc_norm,none": 0.6957777335192192,
          "acc_norm_stderr,none": 0.004591369853276525,
          "alias": "hellaswag"
        }
      },
      "winogrande": {
        "accuracy": 0.6621941594317285,
        "full_results": {
          "acc,none": 0.6621941594317285,
          "acc_stderr,none": 0.013292583502910946,
          "alias": "winogrande"
        }
      },
      "arc_easy": {
        "accuracy": 0.6670875420875421,
        "full_results": {
          "acc,none": 0.7083333333333334,
          "acc_stderr,none": 0.009326752065621089,
          "acc_norm,none": 0.6670875420875421,
          "acc_norm_stderr,none": 0.009669958978395413,
          "alias": "arc_easy"
        }
      },
      "arc_challenge": {
        "accuracy": 0.431740614334471,
        "full_results": {
          "acc,none": 0.41638225255972694,
          "acc_stderr,none": 0.014405618279436053,
          "acc_norm,none": 0.431740614334471,
          "acc_norm_stderr,none": 0.014474591427196025,
          "alias": "arc_challenge"
        }
      },
      "openbookqa": {
        "accuracy": 0.38,
        "full_results": {
          "acc,none": 0.27,
          "acc_stderr,none": 0.019874354831287473,
          "acc_norm,none": 0.38,
          "acc_norm_stderr,none": 0.021728881438701678,
          "alias": "openbookqa"
        }
      }
    },
    "avg_zeroshot_acc": 0.624616378962078
  }
}