{
  "model_path": "results/search_Qwen-Instruct_blockwise_20/exp_017_taylor_seq_len256_taylor_num_samples64/pruned_model.bin",
  "timestamp": "2025-12-02T04:43:24.838294",
  "metrics": {
    "model_info": {
      "total_params": 6092498944,
      "trainable_params": 6092498944,
      "total_params_M": 6092.498944,
      "total_params_B": 6.092498944,
      "num_layers": 28,
      "module_params": {
        "embedding": 544997376,
        "lm_head": 544997376,
        "final_norm": 3584,
        "attention": 822212608,
        "mlp": 4180087296,
        "input_layernorm": 100352,
        "post_attention_layernorm": 100352,
        "total_accounted": 6092498944,
        "unaccounted": 0,
        "match": true
      },
      "attention_params": 822212608,
      "mlp_params": 4180087296,
      "attention_params_M": 822.212608,
      "mlp_params_M": 4180.087296,
      "attention_ratio": 0.1349549036540629,
      "mlp_ratio": 0.6861039016045499,
      "model_size_mb": 11620.519775390625,
      "model_size_gb": 11.348163843154907
    },
    "ppl_quick_128": {
      "wikitext2 (wikitext-2-raw-v1)": 35.62866973876953,
      "ptb": 58.59498977661133
    },
    "ppl_standard_2048_512": {
      "wikitext2 (wikitext-2-raw-v1)": 14.858684539794922,
      "ptb": 23.30990982055664
    },
    "ppl": {
      "wikitext2 (wikitext-2-raw-v1)": 14.858684539794922,
      "ptb": 23.30990982055664
    },
    "zeroshot": {
      "boolq": {
        "accuracy": 0.6889908256880733,
        "full_results": {
          "acc,none": 0.6889908256880733,
          "acc_stderr,none": 0.008096286339728427,
          "alias": "boolq"
        }
      },
      "piqa": {
        "accuracy": 0.7132752992383025,
        "full_results": {
          "acc,none": 0.7159956474428727,
          "acc_stderr,none": 0.01052114754245417,
          "acc_norm,none": 0.7132752992383025,
          "acc_norm_stderr,none": 0.010551314503108209,
          "alias": "piqa"
        }
      },
      "hellaswag": {
        "accuracy": 0.6191993626767576,
        "full_results": {
          "acc,none": 0.4534953196574388,
          "acc_stderr,none": 0.0049681518782113765,
          "acc_norm,none": 0.6191993626767576,
          "acc_norm_stderr,none": 0.004845912857338616,
          "alias": "hellaswag"
        }
      },
      "winogrande": {
        "accuracy": 0.6432517758484609,
        "full_results": {
          "acc,none": 0.6432517758484609,
          "acc_stderr,none": 0.01346339395802877,
          "alias": "winogrande"
        }
      },
      "arc_easy": {
        "accuracy": 0.6342592592592593,
        "full_results": {
          "acc,none": 0.6813973063973064,
          "acc_stderr,none": 0.009560775507673373,
          "acc_norm,none": 0.6342592592592593,
          "acc_norm_stderr,none": 0.009882988069418874,
          "alias": "arc_easy"
        }
      },
      "arc_challenge": {
        "accuracy": 0.4052901023890785,
        "full_results": {
          "acc,none": 0.38139931740614336,
          "acc_stderr,none": 0.014194389086685315,
          "acc_norm,none": 0.4052901023890785,
          "acc_norm_stderr,none": 0.01434686906022932,
          "alias": "arc_challenge"
        }
      },
      "openbookqa": {
        "accuracy": 0.35,
        "full_results": {
          "acc,none": 0.258,
          "acc_stderr,none": 0.019586711785215868,
          "acc_norm,none": 0.35,
          "acc_norm_stderr,none": 0.021352091786223066,
          "alias": "openbookqa"
        }
      }
    },
    "avg_zeroshot_acc": 0.5791809464428475
  }
}