{
  "model_path": "results/search_Qwen-Instruct_blockwise_20/exp_017_taylor_seq_len256_taylor_num_samples64/pruned_model.bin",
  "timestamp": "2025-12-03T00:57:28.451365",
  "metrics": {
    "model_info": {
      "total_params": 6092498944,
      "trainable_params": 6092498944,
      "total_params_M": 6092.498944,
      "total_params_B": 6.092498944,
      "num_layers": 28,
      "module_params": {
        "embedding": 544997376,
        "lm_head": 544997376,
        "final_norm": 3584,
        "attention": 822212608,
        "mlp": 4180087296,
        "input_layernorm": 100352,
        "post_attention_layernorm": 100352,
        "total_accounted": 6092498944,
        "unaccounted": 0,
        "match": true
      },
      "attention_params": 822212608,
      "mlp_params": 4180087296,
      "attention_params_M": 822.212608,
      "mlp_params_M": 4180.087296,
      "attention_ratio": 0.1349549036540629,
      "mlp_ratio": 0.6861039016045499,
      "model_size_mb": 11620.519775390625,
      "model_size_gb": 11.348163843154907
    },
    "ppl_quick_128": {
      "wikitext2 (wikitext-2-raw-v1)": 75.53840637207031,
      "ptb": 111.36466979980469
    },
    "ppl_standard_2048_512": {
      "wikitext2 (wikitext-2-raw-v1)": 27.21881866455078,
      "ptb": 45.65247344970703
    },
    "ppl": {
      "wikitext2 (wikitext-2-raw-v1)": 27.21881866455078,
      "ptb": 45.65247344970703
    },
    "zeroshot": {
      "boolq": {
        "accuracy": 0.7452599388379205,
        "full_results": {
          "acc,none": 0.7452599388379205,
          "acc_stderr,none": 0.00762070328169007,
          "alias": "boolq"
        }
      },
      "piqa": {
        "accuracy": 0.6920565832426551,
        "full_results": {
          "acc,none": 0.690968443960827,
          "acc_stderr,none": 0.010781419464406843,
          "acc_norm,none": 0.6920565832426551,
          "acc_norm_stderr,none": 0.010770892367463548,
          "alias": "piqa"
        }
      },
      "hellaswag": {
        "accuracy": 0.5993825931089425,
        "full_results": {
          "acc,none": 0.44901414060944034,
          "acc_stderr,none": 0.004963771168671997,
          "acc_norm,none": 0.5993825931089425,
          "acc_norm_stderr,none": 0.00489022101201512,
          "alias": "hellaswag"
        }
      },
      "winogrande": {
        "accuracy": 0.6408839779005525,
        "full_results": {
          "acc,none": 0.6408839779005525,
          "acc_stderr,none": 0.013483115202120267,
          "alias": "winogrande"
        }
      },
      "arc_easy": {
        "accuracy": 0.5698653198653199,
        "full_results": {
          "acc,none": 0.6127946127946128,
          "acc_stderr,none": 0.009995312065890286,
          "acc_norm,none": 0.5698653198653199,
          "acc_norm_stderr,none": 0.01015913044517858,
          "alias": "arc_easy"
        }
      },
      "arc_challenge": {
        "accuracy": 0.38993174061433444,
        "full_results": {
          "acc,none": 0.3455631399317406,
          "acc_stderr,none": 0.013896938461145866,
          "acc_norm,none": 0.38993174061433444,
          "acc_norm_stderr,none": 0.014252959848892797,
          "alias": "arc_challenge"
        }
      },
      "openbookqa": {
        "accuracy": 0.322,
        "full_results": {
          "acc,none": 0.224,
          "acc_stderr,none": 0.01866399446471086,
          "acc_norm,none": 0.322,
          "acc_norm_stderr,none": 0.020916668330019865,
          "alias": "openbookqa"
        }
      }
    },
    "avg_zeroshot_acc": 0.5656257362242464
  }
}