{
  "extreme_pruning_layers": [
    {
      "layer_idx": 0,
      "pruning_rate": 0.6860219594594594,
      "importance": 0.15636445835509613,
      "gradient_mean": 0.014998483005911112,
      "gradient_norm": 9.882726773619652
    },
    {
      "layer_idx": 1,
      "pruning_rate": 0.8473923141891891,
      "importance": 0.1000869483026248,
      "gradient_mean": 0.01149073902827998,
      "gradient_norm": 12.234799705445766
    },
    {
      "layer_idx": 2,
      "pruning_rate": 0.7400760135135135,
      "importance": 0.15325436136068626,
      "gradient_mean": 0.007418816171896954,
      "gradient_norm": 9.269033258159956
    }
  ],
  "num_extreme_layers": 3,
  "gradient_statistics": {
    "mean_range": [
      0.0030676956521347165,
      0.014998483005911112
    ],
    "mean_ratio": 4.88916901080367,
    "norm_range": [
      7.191769690563281,
      33.55569509540995
    ],
    "norm_ratio": 4.665846730182928
  },
  "diagnosis": [
    {
      "issue": "\u524d\u51e0\u5c42\u88ab\u8fc7\u5ea6\u526a\u679d",
      "severity": "critical",
      "description": "\u524d5\u5c42\u4e2d\u6709 3 \u5c42\u88ab\u8fc7\u5ea6\u526a\u679d",
      "recommendation": "\u524d\u51e0\u5c42\u901a\u5e38\u5f88\u91cd\u8981\uff0c\u5efa\u8bae\u4e3a\u5176\u8bbe\u7f6e\u8f83\u4f4e\u7684 max_rate"
    }
  ]
}