{
  "model_path": "results/search_Llama-Instruct_layerwise_20/exp_004_taylor_seq_len32_taylor_num_samples256/pruned_model.bin",
  "timestamp": "2025-12-01T17:09:59.330962",
  "metrics": {
    "model_info": {
      "total_params": 6424219648,
      "trainable_params": 6424219648,
      "total_params_M": 6424.219648,
      "total_params_B": 6.424219648,
      "num_layers": 32,
      "module_params": {
        "embedding": 525336576,
        "lm_head": 525336576,
        "final_norm": 4096,
        "attention": 1342177280,
        "mlp": 4031102976,
        "input_layernorm": 131072,
        "post_attention_layernorm": 131072,
        "total_accounted": 6424219648,
        "unaccounted": 0,
        "match": true
      },
      "attention_params": 1342177280,
      "mlp_params": 4031102976,
      "attention_params_M": 1342.17728,
      "mlp_params_M": 4031.102976,
      "attention_ratio": 0.20892456259926434,
      "mlp_ratio": 0.6274852350752003,
      "model_size_mb": 12253.226806640625,
      "model_size_gb": 11.966041803359985
    },
    "ppl_quick_128": {
      "wikitext2 (wikitext-2-raw-v1)": 31.331663131713867,
      "ptb": 49.536128997802734
    },
    "ppl_standard_2048_512": {
      "wikitext2 (wikitext-2-raw-v1)": 13.852347373962402,
      "ptb": 20.19964027404785
    },
    "ppl": {
      "wikitext2 (wikitext-2-raw-v1)": 13.852347373962402,
      "ptb": 20.19964027404785
    },
    "zeroshot": {
      "boolq": {
        "accuracy": 0.7217125382262997,
        "full_results": {
          "acc,none": 0.7217125382262997,
          "acc_stderr,none": 0.007838292838766765,
          "alias": "boolq"
        }
      },
      "piqa": {
        "accuracy": 0.7377584330794341,
        "full_results": {
          "acc,none": 0.7247007616974973,
          "acc_stderr,none": 0.010421429277369502,
          "acc_norm,none": 0.7377584330794341,
          "acc_norm_stderr,none": 0.010262502565172393,
          "alias": "piqa"
        }
      },
      "hellaswag": {
        "accuracy": 0.5802628958374826,
        "full_results": {
          "acc,none": 0.4309898426608245,
          "acc_stderr,none": 0.0049420262002794774,
          "acc_norm,none": 0.5802628958374826,
          "acc_norm_stderr,none": 0.004925072159723789,
          "alias": "hellaswag"
        }
      },
      "winogrande": {
        "accuracy": 0.6282557221783741,
        "full_results": {
          "acc,none": 0.6282557221783741,
          "acc_stderr,none": 0.013582306284992811,
          "alias": "winogrande"
        }
      },
      "arc_easy": {
        "accuracy": 0.5723905723905723,
        "full_results": {
          "acc,none": 0.6161616161616161,
          "acc_stderr,none": 0.009979061846649267,
          "acc_norm,none": 0.5723905723905723,
          "acc_norm_stderr,none": 0.010151683397430673,
          "alias": "arc_easy"
        }
      },
      "arc_challenge": {
        "accuracy": 0.3370307167235495,
        "full_results": {
          "acc,none": 0.31313993174061433,
          "acc_stderr,none": 0.013552671543623438,
          "acc_norm,none": 0.3370307167235495,
          "acc_norm_stderr,none": 0.013813476652902168,
          "alias": "arc_challenge"
        }
      },
      "openbookqa": {
        "accuracy": 0.344,
        "full_results": {
          "acc,none": 0.242,
          "acc_stderr,none": 0.019173085678337164,
          "acc_norm,none": 0.344,
          "acc_norm_stderr,none": 0.021265758037978793,
          "alias": "openbookqa"
        }
      }
    },
    "avg_zeroshot_acc": 0.5602015540622446
  }
}