{
  "model_path": "results/all_model_blockwise_128_128_8_finetuned/Qwen-Instruct/wanda/pruned_model.bin",
  "timestamp": "2025-12-12T04:35:30.964309",
  "metrics": {
    "model_info": {
      "total_params": 6092476544,
      "trainable_params": 0,
      "total_params_M": 6092.476544,
      "total_params_B": 6.092476544,
      "num_layers": 28,
      "module_params": {
        "embedding": 544997376,
        "lm_head": 544997376,
        "final_norm": 3584,
        "attention": 770824320,
        "mlp": 4231460352,
        "input_layernorm": 96768,
        "post_attention_layernorm": 96768,
        "total_accounted": 6092476544,
        "unaccounted": 0,
        "match": true
      },
      "attention_params": 770824320,
      "mlp_params": 4231460352,
      "attention_params_M": 770.82432,
      "mlp_params_M": 4231.460352,
      "attention_ratio": 0.1265206873482548,
      "mlp_ratio": 0.6945386365364397,
      "model_size_mb": 11620.476928710938,
      "model_size_gb": 11.348122000694275
    },
    "ppl_quick_128": {
      "wikitext2 (wikitext-2-raw-v1)": 34.87309265136719,
      "ptb": 65.30945587158203
    },
    "ppl_standard_2048_512": {
      "wikitext2 (wikitext-2-raw-v1)": 14.243515968322754,
      "ptb": 22.8831844329834
    },
    "ppl": {
      "wikitext2 (wikitext-2-raw-v1)": 14.243515968322754,
      "ptb": 22.8831844329834
    },
    "zeroshot": {
      "boolq": {
        "accuracy": 0.7339449541284404,
        "full_results": {
          "acc,none": 0.7339449541284404,
          "acc_stderr,none": 0.0077287637867916896,
          "alias": "boolq"
        }
      },
      "piqa": {
        "accuracy": 0.749727965179543,
        "full_results": {
          "acc,none": 0.7546245919477693,
          "acc_stderr,none": 0.010039831320422288,
          "acc_norm,none": 0.749727965179543,
          "acc_norm_stderr,none": 0.01010656188008975,
          "alias": "piqa"
        }
      },
      "hellaswag": {
        "accuracy": 0.6541525592511452,
        "full_results": {
          "acc,none": 0.4880501892053376,
          "acc_stderr,none": 0.004988356146499113,
          "acc_norm,none": 0.6541525592511452,
          "acc_norm_stderr,none": 0.004746716805735667,
          "alias": "hellaswag"
        }
      },
      "winogrande": {
        "accuracy": 0.5808997632202052,
        "full_results": {
          "acc,none": 0.5808997632202052,
          "acc_stderr,none": 0.013867325192210088,
          "alias": "winogrande"
        }
      },
      "arc_easy": {
        "accuracy": 0.7028619528619529,
        "full_results": {
          "acc,none": 0.7432659932659933,
          "acc_stderr,none": 0.008963590834042483,
          "acc_norm,none": 0.7028619528619529,
          "acc_norm_stderr,none": 0.009377397867796908,
          "alias": "arc_easy"
        }
      },
      "arc_challenge": {
        "accuracy": 0.4513651877133106,
        "full_results": {
          "acc,none": 0.4197952218430034,
          "acc_stderr,none": 0.014422181226303012,
          "acc_norm,none": 0.4513651877133106,
          "acc_norm_stderr,none": 0.014542104569955378,
          "alias": "arc_challenge"
        }
      },
      "openbookqa": {
        "accuracy": 0.384,
        "full_results": {
          "acc,none": 0.28,
          "acc_stderr,none": 0.020099950647503192,
          "acc_norm,none": 0.384,
          "acc_norm_stderr,none": 0.021772369465547118,
          "alias": "openbookqa"
        }
      }
    },
    "avg_zeroshot_acc": 0.6081360546220853
  }
}