{
  "extreme_pruning_layers": [
    {
      "layer_idx": 28,
      "pruning_rate": 0.7738560267857143,
      "importance": 0.22807510835783823,
      "gradient_mean": 0.0035446230322122574,
      "gradient_norm": 32.736998899115456
    },
    {
      "layer_idx": 29,
      "pruning_rate": 0.9063197544642857,
      "importance": 0.22794494458607265,
      "gradient_mean": 0.00430350083236893,
      "gradient_norm": 45.13540099064509
    },
    {
      "layer_idx": 30,
      "pruning_rate": 0.9556361607142857,
      "importance": 0.2679350631577628,
      "gradient_mean": 0.004182708811842733,
      "gradient_norm": 66.18774340218968
    },
    {
      "layer_idx": 31,
      "pruning_rate": 0.9617745535714286,
      "importance": 0.2891338084425245,
      "gradient_mean": 0.005902839100195302,
      "gradient_norm": 91.81624367502
    }
  ],
  "num_extreme_layers": 4,
  "gradient_statistics": {
    "mean_range": [
      0.003435372633652555,
      0.026345962865485087
    ],
    "mean_ratio": 7.669026014965645,
    "norm_range": [
      28.79898256725735,
      1011.9863435957167
    ],
    "norm_ratio": 35.13965610516978
  },
  "diagnosis": []
}