{
  "model_path": "results/search_mistral_layerwise_20/exp_010_taylor_seq_len128_taylor_num_samples128/pruned_model.bin",
  "timestamp": "2025-12-01T02:50:36.951052",
  "metrics": {
    "model_info": {
      "total_params": 5798420480,
      "trainable_params": 5798420480,
      "total_params_M": 5798.42048,
      "total_params_B": 5.79842048,
      "num_layers": 32,
      "module_params": {
        "embedding": 134217728,
        "lm_head": 134217728,
        "final_norm": 4096,
        "attention": 1342177280,
        "mlp": 4187541504,
        "input_layernorm": 131072,
        "post_attention_layernorm": 131072,
        "total_accounted": 5798420480,
        "unaccounted": 0,
        "match": true
      },
      "attention_params": 1342177280,
      "mlp_params": 4187541504,
      "attention_params_M": 1342.17728,
      "mlp_params_M": 4187.541504,
      "attention_ratio": 0.23147291311995366,
      "mlp_ratio": 0.7221865883034408,
      "model_size_mb": 11059.609619140625,
      "model_size_gb": 10.800400018692017
    },
    "ppl_quick_128": {
      "wikitext2 (wikitext-2-raw-v1)": 26.69591522216797,
      "ptb": 129.01524353027344
    },
    "ppl_standard_2048_512": {
      "wikitext2 (wikitext-2-raw-v1)": 13.236079216003418,
      "ptb": 95.55562591552734
    },
    "ppl": {
      "wikitext2 (wikitext-2-raw-v1)": 13.236079216003418,
      "ptb": 95.55562591552734
    },
    "zeroshot": {
      "boolq": {
        "accuracy": 0.6302752293577981,
        "full_results": {
          "acc,none": 0.6302752293577981,
          "acc_stderr,none": 0.00844300280133717,
          "alias": "boolq"
        }
      },
      "piqa": {
        "accuracy": 0.7159956474428727,
        "full_results": {
          "acc,none": 0.7083786724700761,
          "acc_stderr,none": 0.010604441527428973,
          "acc_norm,none": 0.7159956474428727,
          "acc_norm_stderr,none": 0.01052114754245417,
          "alias": "piqa"
        }
      },
      "hellaswag": {
        "accuracy": 0.485062736506672,
        "full_results": {
          "acc,none": 0.3752240589523999,
          "acc_stderr,none": 0.004831911860478841,
          "acc_norm,none": 0.485062736506672,
          "acc_norm_stderr,none": 0.0049875542559817835,
          "alias": "hellaswag"
        }
      },
      "winogrande": {
        "accuracy": 0.5603788476716653,
        "full_results": {
          "acc,none": 0.5603788476716653,
          "acc_stderr,none": 0.013949649776015625,
          "alias": "winogrande"
        }
      },
      "arc_easy": {
        "accuracy": 0.4819023569023569,
        "full_results": {
          "acc,none": 0.5547138047138047,
          "acc_stderr,none": 0.01019817113787389,
          "acc_norm,none": 0.4819023569023569,
          "acc_norm_stderr,none": 0.010253060653479045,
          "alias": "arc_easy"
        }
      },
      "arc_challenge": {
        "accuracy": 0.2687713310580205,
        "full_results": {
          "acc,none": 0.22781569965870307,
          "acc_stderr,none": 0.012256708602326964,
          "acc_norm,none": 0.2687713310580205,
          "acc_norm_stderr,none": 0.012955065963710852,
          "alias": "arc_challenge"
        }
      },
      "openbookqa": {
        "accuracy": 0.334,
        "full_results": {
          "acc,none": 0.188,
          "acc_stderr,none": 0.01749067888034626,
          "acc_norm,none": 0.334,
          "acc_norm_stderr,none": 0.02111349234774381,
          "alias": "openbookqa"
        }
      }
    },
    "avg_zeroshot_acc": 0.4966265927056265
  }
}