{
  "extreme_pruning_layers": [
    {
      "layer_idx": 28,
      "pruning_rate": 0.5620814732142857,
      "importance": 0.07858742773532867,
      "gradient_mean": 0.0012013812859853108,
      "gradient_norm": 10.410503307978312
    },
    {
      "layer_idx": 29,
      "pruning_rate": 0.7853655133928571,
      "importance": 0.07693392783403397,
      "gradient_mean": 0.0014269113954570559,
      "gradient_norm": 13.748154083887735
    },
    {
      "layer_idx": 30,
      "pruning_rate": 0.8326590401785714,
      "importance": 0.08616471822772707,
      "gradient_mean": 0.001343048902021514,
      "gradient_norm": 18.417420943578083
    },
    {
      "layer_idx": 31,
      "pruning_rate": 0.8101981026785714,
      "importance": 0.08685724224363055,
      "gradient_mean": 0.0017738936261998282,
      "gradient_norm": 24.983931806352402
    }
  ],
  "num_extreme_layers": 4,
  "gradient_statistics": {
    "mean_range": [
      0.0011776977529128392,
      0.006383413655890359
    ],
    "mean_ratio": 5.420247341117291,
    "norm_range": [
      9.66172413693534,
      225.4982736375597
    ],
    "norm_ratio": 23.339340933279107
  },
  "diagnosis": []
}