{
  "0": 3.4747477822026744,
  "1": 3.127036914247102,
  "2": 0.09428890498804643,
  "3": 0.08007661312133418,
  "4": 0.05992470451099274,
  "5": 0.06428810213665415,
  "6": 0.05242759726625579,
  "7": 0.04215270483021438,
  "8": 0.03701838711227623,
  "9": 0.03223930567797417,
  "10": 0.029455806058572787,
  "11": 0.025800509690177886,
  "12": 0.020054318731553167,
  "13": 0.027279265594540636,
  "14": 0.02158405355296278,
  "15": 0.02915195549555616,
  "16": 0.04972165199836853,
  "17": 0.06299102359391018,
  "18": 0.07805102161549815,
  "19": 0.14125963425718036,
  "20": 0.07670338167763235,
  "21": 0.06349622003534483,
  "22": 0.05229838649095875,
  "23": 0.0566003182671766,
  "24": 0.053637683235733924,
  "25": 0.05175752282519053,
  "26": 0.05429281543938114,
  "27": 0.047629250075059026,
  "28": 0.06015079435778059,
  "29": 0.09168150925983554,
  "30": 0.08656717180570217,
  "31": 0.2656282420547127
}