{
  "extreme_pruning_layers": [
    {
      "layer_idx": 28,
      "pruning_rate": 0.7059151785714286,
      "importance": 0.10315706900187901,
      "gradient_mean": 0.0015808343887329102,
      "gradient_norm": 13.286062121391296
    },
    {
      "layer_idx": 29,
      "pruning_rate": 0.8973911830357143,
      "importance": 0.10238777313913618,
      "gradient_mean": 0.001916191437178188,
      "gradient_norm": 17.268552170859444
    },
    {
      "layer_idx": 30,
      "pruning_rate": 0.95947265625,
      "importance": 0.11234333898339953,
      "gradient_mean": 0.0017320714477035734,
      "gradient_norm": 21.562240189976162
    },
    {
      "layer_idx": 31,
      "pruning_rate": 0.97216796875,
      "importance": 0.11008796628032412,
      "gradient_mean": 0.0021859105262491438,
      "gradient_norm": 27.76816209157308
    }
  ],
  "num_extreme_layers": 4,
  "gradient_statistics": {
    "mean_range": [
      0.0015490247557560604,
      0.007003893454869588
    ],
    "mean_ratio": 4.521485519643952,
    "norm_range": [
      12.724621772766113,
      229.847284105089
    ],
    "norm_ratio": 18.063191834527732
  },
  "diagnosis": []
}