{
  "0": 3.497551484107971,
  "1": 3.604765038490296,
  "2": 0.11655757904052733,
  "3": 0.08764226436615008,
  "4": 0.06345138549804696,
  "5": 0.062414212226867605,
  "6": 0.00764754295349146,
  "7": 0.007629671096801793,
  "8": 0.03878797531127942,
  "9": 0.024367909431457502,
  "10": 0.015114593505859641,
  "11": 0.0013148593902587713,
  "12": 0.015870213508605957,
  "13": 0.013495631217956827,
  "14": -0.0010804510116577681,
  "15": 0.009918451309204102,
  "16": 0.019750604629516832,
  "17": 0.05311657905578615,
  "18": 0.043381562232971405,
  "19": 0.21659077644348157,
  "20": 0.07074918270111086,
  "21": 0.0618807792663576,
  "22": 0.05696344852447499,
  "23": 0.04127819061279325,
  "24": 0.027384376525878995,
  "25": 0.04750082492828378,
  "26": 0.056281304359436124,
  "27": 0.017929024696350382,
  "28": 0.055358600616455256,
  "29": 0.09306478977203358,
  "30": 0.0324203824996947,
  "31": 0.36739673137664797
}