{
  "attention": {
    "0": 5.099470819790739,
    "1": 2.565230454289929,
    "2": 2.643637994321523,
    "3": 2.0137842864467412,
    "4": 1.7611981281516105,
    "5": 1.5888968368345084,
    "6": 1.4516025555653487,
    "7": 1.4197515602785815,
    "8": 1.4448011474218836,
    "9": 1.3355864640743604,
    "10": 1.3170441439476166,
    "11": 1.3039442218909016,
    "12": 1.2316228369425595,
    "13": 1.2700720005022799,
    "14": 1.1955543846246277,
    "15": 0.9415293873694961,
    "16": 0.8169089077013489,
    "17": 0.6868949241965736,
    "18": 0.6090948301388375,
    "19": 0.5050013696029292,
    "20": 0.4826809833985184,
    "21": 0.46404599009605807,
    "22": 0.45072533085922606,
    "23": 0.3881053673780106,
    "24": 0.37642550590488666,
    "25": 0.3406409181093446,
    "26": 0.2980850497986558,
    "27": 0.2755984146654842,
    "28": 0.2476969456578182,
    "29": 0.2394864991051362,
    "30": 0.1992425174505268,
    "31": 0.14194871613182514
  },
  "mlp": {
    "0": 4.238269191122118,
    "1": 3.375332147158594,
    "2": 1.3915630988432204,
    "3": 1.1387696364596778,
    "4": 0.9769453996868713,
    "5": 0.8678549223405998,
    "6": 0.7975719890002373,
    "7": 0.7143169984004931,
    "8": 0.6903880257430135,
    "9": 0.7023074188352103,
    "10": 0.6728213563305543,
    "11": 0.6607130202151037,
    "12": 0.6313276705055286,
    "13": 0.6024554566316591,
    "14": 0.5991013424872094,
    "15": 0.5213225414604934,
    "16": 0.48012536567299957,
    "17": 0.4456785407060049,
    "18": 0.4175095808553255,
    "19": 0.37982737663715005,
    "20": 0.36195283640013676,
    "21": 0.34583821251023883,
    "22": 0.3406933933457106,
    "23": 0.31730166325638454,
    "24": 0.32946302034108443,
    "25": 0.2833740811996761,
    "26": 0.27705574468703364,
    "27": 0.2706597665893198,
    "28": 0.29828942184246676,
    "29": 0.28134948074266486,
    "30": 0.4822113358832727,
    "31": 1.2125701929493022
  }
}