{
  "0": 6.477485903674303,
  "1": 3.8448556705240278,
  "2": 0.2643361224262466,
  "3": 0.22007493058200467,
  "4": 0.1992539312270516,
  "5": 0.1858598997442824,
  "6": 0.1523464672038357,
  "7": 0.14534667407436563,
  "8": 0.1103592790237804,
  "9": 0.11308013523654736,
  "10": 0.09136520751573318,
  "11": 0.10224174395487218,
  "12": 0.10760379343744919,
  "13": 0.137388287875174,
  "14": 0.14203725594203576,
  "15": 0.169571646973818,
  "16": 0.197007587957871,
  "17": 0.21490221400561138,
  "18": 0.2410882173485147,
  "19": 0.16281967044400236,
  "20": 0.1679900692985834,
  "21": 0.18024031365423898,
  "22": 0.1630161871847262,
  "23": 0.1572931213574389,
  "24": 0.15003544219590914,
  "25": 0.1154978467290606,
  "26": 0.12890104723884255,
  "27": 0.1564065970927695,
  "28": 0.16617704191808302,
  "29": 0.2501884944267885,
  "30": 0.42432091833033647,
  "31": 1.4614734847933097
}