{
  "attention": {
    "0": 6.884936529549147,
    "1": 5.493311792965599,
    "2": 6.485169467568248,
    "3": 5.685704579037404,
    "4": 6.084279588683154,
    "5": 6.0529880201084225,
    "6": 5.744552612833536,
    "7": 5.667174635564411,
    "8": 5.52309963921363,
    "9": 5.598416500857693,
    "10": 5.499596609583195,
    "11": 5.5013815303101286,
    "12": 5.54650809197155,
    "13": 5.262388020337106,
    "14": 5.304080819862882,
    "15": 4.988392222432347,
    "16": 4.596978126237634,
    "17": 3.7710821188016985,
    "18": 3.682460526259337,
    "19": 3.2090752918058727,
    "20": 2.985448444529984,
    "21": 2.681571816441546,
    "22": 2.5496330257781463,
    "23": 2.3846666149307167,
    "24": 2.357620072486672,
    "25": 2.2589322672663754,
    "26": 1.902369324065805,
    "27": 1.5920350506998027,
    "28": 1.2593749127308445,
    "29": 0.9319384302234384,
    "30": 0.5061451398437629,
    "31": 0.23700390949418493
  },
  "mlp": {
    "0": 6.12320059014213,
    "1": 6.713831012280494,
    "2": 5.043484208691671,
    "3": 5.550036859346777,
    "4": 5.998596117482466,
    "5": 6.023647927906811,
    "6": 5.774337220506965,
    "7": 5.749985585137749,
    "8": 5.550386570449367,
    "9": 5.393026933178906,
    "10": 5.022898382339934,
    "11": 4.88403164792031,
    "12": 4.837567188204261,
    "13": 4.751660197274827,
    "14": 4.387947760479971,
    "15": 4.218342414391122,
    "16": 4.10124372861139,
    "17": 3.666200720294714,
    "18": 3.3411483010694805,
    "19": 3.1855584450726435,
    "20": 3.2065053935542562,
    "21": 3.2508556866717098,
    "22": 3.1658755735486923,
    "23": 3.0819998742851413,
    "24": 3.0615086382800514,
    "25": 2.8765875626373734,
    "26": 2.5974720777523923,
    "27": 2.12032781678302,
    "28": 1.6167795336663824,
    "29": 1.0994636166324518,
    "30": 0.5735914446898533,
    "31": 0.31669056241957705
  }
}