{
  "model_path": "results/all_model_blockwise_128_128_8_finetuned/Mistral/magnitude/pruned_model.bin",
  "timestamp": "2025-12-12T01:06:15.651282",
  "metrics": {
    "model_info": {
      "total_params": 5798424576,
      "trainable_params": 0,
      "total_params_M": 5798.424576,
      "total_params_B": 5.798424576,
      "num_layers": 32,
      "module_params": {
        "embedding": 134217728,
        "lm_head": 134217728,
        "final_norm": 4096,
        "attention": 1242562560,
        "mlp": 4287160320,
        "input_layernorm": 131072,
        "post_attention_layernorm": 131072,
        "total_accounted": 5798424576,
        "unaccounted": 0,
        "match": true
      },
      "attention_params": 1242562560,
      "mlp_params": 4287160320,
      "attention_params_M": 1242.56256,
      "mlp_params_M": 4287.16032,
      "attention_ratio": 0.21429313147282025,
      "mlp_ratio": 0.7393664026854456,
      "model_size_mb": 11059.617309570312,
      "model_size_gb": 10.800407528877258
    },
    "ppl_quick_128": {
      "wikitext2 (wikitext-2-raw-v1)": 9578.994140625,
      "ptb": 416.3233642578125
    },
    "ppl_standard_2048_512": {
      "wikitext2 (wikitext-2-raw-v1)": 34.632362365722656,
      "ptb": 82.8319091796875
    },
    "ppl": {
      "wikitext2 (wikitext-2-raw-v1)": 34.632362365722656,
      "ptb": 82.8319091796875
    },
    "zeroshot": {
      "boolq": {
        "accuracy": 0.5837920489296636,
        "full_results": {
          "acc,none": 0.5837920489296636,
          "acc_stderr,none": 0.008621380519419186,
          "alias": "boolq"
        }
      },
      "piqa": {
        "accuracy": 0.6300326441784548,
        "full_results": {
          "acc,none": 0.6256800870511425,
          "acc_stderr,none": 0.011291276801195115,
          "acc_norm,none": 0.6300326441784548,
          "acc_norm_stderr,none": 0.011264415223415222,
          "alias": "piqa"
        }
      },
      "hellaswag": {
        "accuracy": 0.25951005775741887,
        "full_results": {
          "acc,none": 0.25473013343955386,
          "acc_stderr,none": 0.0043481894593367845,
          "acc_norm,none": 0.25951005775741887,
          "acc_norm_stderr,none": 0.004374699189284837,
          "alias": "hellaswag"
        }
      },
      "winogrande": {
        "accuracy": 0.489344909234412,
        "full_results": {
          "acc,none": 0.489344909234412,
          "acc_stderr,none": 0.014049294536290372,
          "alias": "winogrande"
        }
      },
      "arc_easy": {
        "accuracy": 0.29797979797979796,
        "full_results": {
          "acc,none": 0.31607744107744107,
          "acc_stderr,none": 0.009540440071928223,
          "acc_norm,none": 0.29797979797979796,
          "acc_norm_stderr,none": 0.00938504606669493,
          "alias": "arc_easy"
        }
      },
      "arc_challenge": {
        "accuracy": 0.2738907849829352,
        "full_results": {
          "acc,none": 0.23890784982935154,
          "acc_stderr,none": 0.012461071376316715,
          "acc_norm,none": 0.2738907849829352,
          "acc_norm_stderr,none": 0.013032004972989623,
          "alias": "arc_challenge"
        }
      },
      "openbookqa": {
        "accuracy": 0.26,
        "full_results": {
          "acc,none": 0.146,
          "acc_stderr,none": 0.015807205175834907,
          "acc_norm,none": 0.26,
          "acc_norm_stderr,none": 0.019635965529725526,
          "alias": "openbookqa"
        }
      }
    },
    "avg_zeroshot_acc": 0.39922146329466895
  }
}