{
  "attention": {
    "0": 5.211619122703346,
    "1": 2.3865889955150656,
    "2": 2.5708655745296154,
    "3": 1.9545697297828424,
    "4": 1.7031762602938398,
    "5": 1.5686267652529553,
    "6": 1.4133446179166649,
    "7": 1.3692494944364713,
    "8": 1.386592460741281,
    "9": 1.263360152061975,
    "10": 1.2611400624602682,
    "11": 1.2430633585631137,
    "12": 1.1810582384551314,
    "13": 1.2125132850184803,
    "14": 1.1682951511711126,
    "15": 0.9280628562347735,
    "16": 0.7911452102122336,
    "17": 0.6783705526975741,
    "18": 0.5812599368613243,
    "19": 0.4818294441931963,
    "20": 0.45827322191811914,
    "21": 0.4468469591314359,
    "22": 0.42566300845340743,
    "23": 0.3732474463882496,
    "24": 0.34719003272071536,
    "25": 0.3186813653525662,
    "26": 0.2721463887106301,
    "27": 0.266919424155188,
    "28": 0.22444337041439377,
    "29": 0.23262688594274517,
    "30": 0.19970382359966266,
    "31": 0.14542974874947845
  },
  "mlp": {
    "0": 4.701797697877854,
    "1": 3.682314404884525,
    "2": 1.305393513687287,
    "3": 1.1178602626019876,
    "4": 0.9814577276274159,
    "5": 0.8804289540328547,
    "6": 0.8013287337411521,
    "7": 0.7144054996840099,
    "8": 0.7006076694807017,
    "9": 0.7138957755788646,
    "10": 0.6914929285486466,
    "11": 0.6653770713482872,
    "12": 0.640296442136028,
    "13": 0.5944441253856079,
    "14": 0.6186850816292053,
    "15": 0.5252967536337181,
    "16": 0.47469713848039774,
    "17": 0.4614282579296276,
    "18": 0.3940720751236162,
    "19": 0.366303579805785,
    "20": 0.3463568798192105,
    "21": 0.34364974775631607,
    "22": 0.33791531396974817,
    "23": 0.3244798785100098,
    "24": 0.3269939049938082,
    "25": 0.28757182831892925,
    "26": 0.2764615946720026,
    "27": 0.2638148613419089,
    "28": 0.30120577051889486,
    "29": 0.29278018589821997,
    "30": 0.5063836082151978,
    "31": 1.35790309049914
  }
}