{
  "model_path": "results/search_Qwen-Instruct_blockwise_20/exp_020_taylor_seq_len256_taylor_num_samples512/pruned_model.bin",
  "timestamp": "2025-12-03T01:55:12.948387",
  "metrics": {
    "model_info": {
      "total_params": 6092498944,
      "trainable_params": 6092498944,
      "total_params_M": 6092.498944,
      "total_params_B": 6.092498944,
      "num_layers": 28,
      "module_params": {
        "embedding": 544997376,
        "lm_head": 544997376,
        "final_norm": 3584,
        "attention": 822212608,
        "mlp": 4180087296,
        "input_layernorm": 100352,
        "post_attention_layernorm": 100352,
        "total_accounted": 6092498944,
        "unaccounted": 0,
        "match": true
      },
      "attention_params": 822212608,
      "mlp_params": 4180087296,
      "attention_params_M": 822.212608,
      "mlp_params_M": 4180.087296,
      "attention_ratio": 0.1349549036540629,
      "mlp_ratio": 0.6861039016045499,
      "model_size_mb": 11620.519775390625,
      "model_size_gb": 11.348163843154907
    },
    "ppl_quick_128": {
      "wikitext2 (wikitext-2-raw-v1)": 71.97209930419922,
      "ptb": 106.03101348876953
    },
    "ppl_standard_2048_512": {
      "wikitext2 (wikitext-2-raw-v1)": 25.833763122558594,
      "ptb": 41.9737663269043
    },
    "ppl": {
      "wikitext2 (wikitext-2-raw-v1)": 25.833763122558594,
      "ptb": 41.9737663269043
    },
    "zeroshot": {
      "boolq": {
        "accuracy": 0.7036697247706422,
        "full_results": {
          "acc,none": 0.7036697247706422,
          "acc_stderr,none": 0.007986656109200088,
          "alias": "boolq"
        }
      },
      "piqa": {
        "accuracy": 0.7007616974972797,
        "full_results": {
          "acc,none": 0.7002176278563657,
          "acc_stderr,none": 0.010689686967138,
          "acc_norm,none": 0.7007616974972797,
          "acc_norm_stderr,none": 0.010684130673134598,
          "alias": "piqa"
        }
      },
      "hellaswag": {
        "accuracy": 0.6078470424218283,
        "full_results": {
          "acc,none": 0.45907189802828124,
          "acc_stderr,none": 0.004973036453863604,
          "acc_norm,none": 0.6078470424218283,
          "acc_norm_stderr,none": 0.004872326888655541,
          "alias": "hellaswag"
        }
      },
      "winogrande": {
        "accuracy": 0.611681136543015,
        "full_results": {
          "acc,none": 0.611681136543015,
          "acc_stderr,none": 0.013697456658457305,
          "alias": "winogrande"
        }
      },
      "arc_easy": {
        "accuracy": 0.5643939393939394,
        "full_results": {
          "acc,none": 0.6127946127946128,
          "acc_stderr,none": 0.009995312065890286,
          "acc_norm,none": 0.5643939393939394,
          "acc_norm_stderr,none": 0.010174341733665227,
          "alias": "arc_easy"
        }
      },
      "arc_challenge": {
        "accuracy": 0.3993174061433447,
        "full_results": {
          "acc,none": 0.35409556313993173,
          "acc_stderr,none": 0.013975454122756538,
          "acc_norm,none": 0.3993174061433447,
          "acc_norm_stderr,none": 0.014312094557946681,
          "alias": "arc_challenge"
        }
      },
      "openbookqa": {
        "accuracy": 0.32,
        "full_results": {
          "acc,none": 0.224,
          "acc_stderr,none": 0.01866399446471086,
          "acc_norm,none": 0.32,
          "acc_norm_stderr,none": 0.02088234048876172,
          "alias": "openbookqa"
        }
      }
    },
    "avg_zeroshot_acc": 0.5582387066814356
  }
}