{
  "attention": {
    "0": 6.713548761693849,
    "1": 5.392197635658633,
    "2": 6.3170925804943,
    "3": 5.543130899547482,
    "4": 5.905464739978571,
    "5": 5.8763880642527955,
    "6": 5.565998154780864,
    "7": 5.51404335301605,
    "8": 5.380382299281547,
    "9": 5.512122624365932,
    "10": 5.389624609756476,
    "11": 5.417584066253207,
    "12": 5.508984965774702,
    "13": 5.221212083405053,
    "14": 5.25549561203625,
    "15": 4.934548856572446,
    "16": 4.565463590243891,
    "17": 3.7670311051991057,
    "18": 3.665295418335065,
    "19": 3.2341788911417924,
    "20": 3.0066674762272285,
    "21": 2.6814731366848656,
    "22": 2.5695324721050916,
    "23": 2.389255165446614,
    "24": 2.355422000784464,
    "25": 2.2454137182782965,
    "26": 1.881057264602373,
    "27": 1.6175762317463245,
    "28": 1.297284788629777,
    "29": 0.9825313522562236,
    "30": 0.536999374313357,
    "31": 0.25568886881291375
  },
  "mlp": {
    "0": 6.130265513991125,
    "1": 6.646893114866511,
    "2": 4.9882038971195115,
    "3": 5.40722468697856,
    "4": 5.779871445605437,
    "5": 5.851628437988916,
    "6": 5.64374362810379,
    "7": 5.626581886487316,
    "8": 5.483631660847513,
    "9": 5.339044403990988,
    "10": 4.943240176295227,
    "11": 4.827676626896114,
    "12": 4.7802539615856805,
    "13": 4.664876310255672,
    "14": 4.319839479429346,
    "15": 4.16298957997674,
    "16": 4.064885560682822,
    "17": 3.65091241298153,
    "18": 3.3630254371012978,
    "19": 3.1931349174595294,
    "20": 3.230144787015245,
    "21": 3.2251455053676468,
    "22": 3.177822575055578,
    "23": 3.0704543970261904,
    "24": 3.0221997951838704,
    "25": 2.8456412906019493,
    "26": 2.5700821363639754,
    "27": 2.1309835073607974,
    "28": 1.6657413682534141,
    "29": 1.1402281502026548,
    "30": 0.6134266357608715,
    "31": 0.34109448078374793
  }
}