{
  "0": 6.2641273066813845,
  "1": 4.440534878475735,
  "2": 0.10299302715546155,
  "3": 0.08389218251193764,
  "4": 0.06251909163223957,
  "5": 0.06271857974654793,
  "6": 0.04829040634090109,
  "7": 0.04241695354589625,
  "8": 0.03465530804019501,
  "9": 0.031560076658869285,
  "10": 0.030784868958453337,
  "11": 0.028913843713103127,
  "12": 0.024471360784423357,
  "13": 0.02797675903436625,
  "14": 0.0330322121064861,
  "15": 0.0382278648435852,
  "16": 0.05021819738146682,
  "17": 0.05986951255688222,
  "18": 0.0723559951698034,
  "19": 0.08313112038148684,
  "20": 0.07167829585955321,
  "21": 0.06444380780091441,
  "22": 0.05194448941446339,
  "23": 0.058176672781251604,
  "24": 0.05582975522394573,
  "25": 0.05384557764298048,
  "26": 0.052348805924578024,
  "27": 0.05370679225003894,
  "28": 0.08407437889196512,
  "29": 0.14193962161186624,
  "30": 0.13106776214788196,
  "31": 0.2991172703679541
}