{
  "model_path": "results/search_Llama-Instruct_layerwise_20/exp_002_taylor_seq_len32_taylor_num_samples16/pruned_model.bin",
  "timestamp": "2025-12-02T12:26:01.859858",
  "metrics": {
    "model_info": {
      "total_params": 6424211456,
      "trainable_params": 6424211456,
      "total_params_M": 6424.211456,
      "total_params_B": 6.424211456,
      "num_layers": 32,
      "module_params": {
        "embedding": 525336576,
        "lm_head": 525336576,
        "final_norm": 4096,
        "attention": 880803840,
        "mlp": 4492468224,
        "input_layernorm": 131072,
        "post_attention_layernorm": 131072,
        "total_accounted": 6424211456,
        "unaccounted": 0,
        "match": true
      },
      "attention_params": 880803840,
      "mlp_params": 4492468224,
      "attention_params_M": 880.80384,
      "mlp_params_M": 4492.468224,
      "attention_ratio": 0.13710691904099118,
      "mlp_ratio": 0.6993026700271804,
      "model_size_mb": 12253.211181640625,
      "model_size_gb": 11.966026544570923
    },
    "ppl_quick_128": {
      "wikitext2 (wikitext-2-raw-v1)": 54.249908447265625,
      "ptb": 115.16654968261719
    },
    "ppl_standard_2048_512": {
      "wikitext2 (wikitext-2-raw-v1)": 32.0277214050293,
      "ptb": 62.03276443481445
    },
    "ppl": {
      "wikitext2 (wikitext-2-raw-v1)": 32.0277214050293,
      "ptb": 62.03276443481445
    },
    "zeroshot": {
      "boolq": {
        "accuracy": 0.5290519877675841,
        "full_results": {
          "acc,none": 0.5290519877675841,
          "acc_stderr,none": 0.008730280528451593,
          "alias": "boolq"
        }
      },
      "piqa": {
        "accuracy": 0.6779107725788901,
        "full_results": {
          "acc,none": 0.6822633297062024,
          "acc_stderr,none": 0.010863133246569371,
          "acc_norm,none": 0.6779107725788901,
          "acc_norm_stderr,none": 0.010902341695103377,
          "alias": "piqa"
        }
      },
      "hellaswag": {
        "accuracy": 0.433379804819757,
        "full_results": {
          "acc,none": 0.35222067317267475,
          "acc_stderr,none": 0.004766860907171736,
          "acc_norm,none": 0.433379804819757,
          "acc_norm_stderr,none": 0.004945291270072635,
          "alias": "hellaswag"
        }
      },
      "winogrande": {
        "accuracy": 0.5540647198105761,
        "full_results": {
          "acc,none": 0.5540647198105761,
          "acc_stderr,none": 0.013970093482330689,
          "alias": "winogrande"
        }
      },
      "arc_easy": {
        "accuracy": 0.5303030303030303,
        "full_results": {
          "acc,none": 0.5736531986531986,
          "acc_stderr,none": 0.010147858603835226,
          "acc_norm,none": 0.5303030303030303,
          "acc_norm_stderr,none": 0.010240923608726409,
          "alias": "arc_easy"
        }
      },
      "arc_challenge": {
        "accuracy": 0.302901023890785,
        "full_results": {
          "acc,none": 0.2781569965870307,
          "acc_stderr,none": 0.013094469919538899,
          "acc_norm,none": 0.302901023890785,
          "acc_norm_stderr,none": 0.013428241573185283,
          "alias": "arc_challenge"
        }
      },
      "openbookqa": {
        "accuracy": 0.314,
        "full_results": {
          "acc,none": 0.19,
          "acc_stderr,none": 0.01756180041075899,
          "acc_norm,none": 0.314,
          "acc_norm_stderr,none": 0.020776701920308973,
          "alias": "openbookqa"
        }
      }
    },
    "avg_zeroshot_acc": 0.4773730484529461
  }
}