{
  "attention": {
    "0": 5.029103958464992,
    "1": 2.2420502559354474,
    "2": 2.4559435949930273,
    "3": 1.793272081344257,
    "4": 1.5432012105555013,
    "5": 1.4259528022461239,
    "6": 1.2876983595177864,
    "7": 1.2629683194891146,
    "8": 1.3340939769971638,
    "9": 1.2482208063139466,
    "10": 1.24995947049505,
    "11": 1.2290448662941809,
    "12": 1.155806861985155,
    "13": 1.242702304923235,
    "14": 1.1750068586600189,
    "15": 0.9295565276511275,
    "16": 0.8096536641234295,
    "17": 0.671534027338343,
    "18": 0.5956457633638319,
    "19": 0.5243490350923574,
    "20": 0.5090098022784706,
    "21": 0.5205943849001722,
    "22": 0.524502635159612,
    "23": 0.46930042889505597,
    "24": 0.4671563126609377,
    "25": 0.43124994371809766,
    "26": 0.4172446249813193,
    "27": 0.42530173102647195,
    "28": 0.3640840352762642,
    "29": 0.39119468064415264,
    "30": 0.3514235915721957,
    "31": 0.1729137410497099
  },
  "mlp": {
    "0": 4.684966983064477,
    "1": 3.926304381936198,
    "2": 1.152694418691738,
    "3": 0.9045400422661909,
    "4": 0.7401709193597541,
    "5": 0.6566717129402462,
    "6": 0.5892142614096283,
    "7": 0.5295727302565125,
    "8": 0.5298613100417224,
    "9": 0.5721287386420539,
    "10": 0.5579589725800518,
    "11": 0.5292254882413139,
    "12": 0.49624370213701363,
    "13": 0.5081949562346133,
    "14": 0.4858085349339949,
    "15": 0.43959584450312317,
    "16": 0.42185065036090874,
    "17": 0.40425237489660004,
    "18": 0.39468034680642416,
    "19": 0.3995375242699404,
    "20": 0.39464444229120943,
    "21": 0.40190577538514205,
    "22": 0.4274077439087698,
    "23": 0.4045693164930002,
    "24": 0.44378622189223194,
    "25": 0.37659132535737916,
    "26": 0.3498701339038863,
    "27": 0.3949306956842995,
    "28": 0.3697314426165117,
    "29": 0.3539272230241539,
    "30": 0.5514794086528108,
    "31": 1.2036233612064327
  }
}