{
  "extreme_pruning_layers": [
    {
      "layer_idx": 30,
      "pruning_rate": 0.5474330357142857,
      "importance": 2.1955231768744334,
      "gradient_mean": 0.03414654535137945,
      "gradient_norm": 186.26856433020697
    }
  ],
  "num_extreme_layers": 1,
  "gradient_statistics": {
    "mean_range": [
      0.021102889027032588,
      0.2220223154872656
    ],
    "mean_ratio": 10.520944035234361,
    "norm_range": [
      120.33729479047987,
      1468.5624317593044
    ],
    "norm_ratio": 12.203718176605255
  },
  "diagnosis": []
}