{
  "0": 5.049500666332371,
  "1": 3.9165255196658273,
  "2": 0.12276006807896689,
  "3": 0.11681001701317184,
  "4": 0.07681259682187935,
  "5": 0.08413326189099068,
  "6": 0.0819424575827079,
  "7": 0.04224774599705228,
  "8": 0.03873860158882492,
  "9": 0.014052344557473617,
  "10": 0.03437261060962893,
  "11": 0.020819882499337083,
  "12": 0.00880230130576054,
  "13": 0.055972000094354435,
  "14": 0.06659827348893055,
  "15": 0.08441430897189894,
  "16": 0.11053071760595845,
  "17": 0.12114334326911624,
  "18": 0.13192807258041572,
  "19": 0.0751994804158076,
  "20": 0.07586932355535536,
  "21": 0.07534380491375137,
  "22": 0.08004346237944793,
  "23": 0.055580343091503615,
  "24": 0.08284939591289353,
  "25": 0.034153386143428666,
  "26": 0.026867288854981908,
  "27": 0.1716168471655095,
  "28": 0.09549187054879749,
  "29": 0.2143792928131285,
  "30": 0.24382847240453032,
  "31": 1.3127227736590243
}