{
  "model_path": "results/search_Llama_blockwise_20/exp_003_taylor_seq_len16_taylor_num_samples512/pruned_model.bin",
  "timestamp": "2025-11-30T23:33:32.994979",
  "metrics": {
    "model_info": {
      "total_params": 6424211456,
      "trainable_params": 6424211456,
      "total_params_M": 6424.211456,
      "total_params_B": 6.424211456,
      "num_layers": 32,
      "module_params": {
        "embedding": 525336576,
        "lm_head": 525336576,
        "final_norm": 4096,
        "attention": 927989760,
        "mlp": 4445282304,
        "input_layernorm": 131072,
        "post_attention_layernorm": 131072,
        "total_accounted": 6424211456,
        "unaccounted": 0,
        "match": true
      },
      "attention_params": 927989760,
      "mlp_params": 4445282304,
      "attention_params_M": 927.98976,
      "mlp_params_M": 4445.282304,
      "attention_ratio": 0.14445193256104427,
      "mlp_ratio": 0.6919576565071273,
      "model_size_mb": 12253.211181640625,
      "model_size_gb": 11.966026544570923
    },
    "ppl_quick_128": {
      "wikitext2 (wikitext-2-raw-v1)": 27.83031463623047,
      "ptb": 57.58352279663086
    },
    "ppl_standard_2048_512": {
      "wikitext2 (wikitext-2-raw-v1)": 13.242880821228027,
      "ptb": 25.675121307373047
    },
    "ppl": {
      "wikitext2 (wikitext-2-raw-v1)": 13.242880821228027,
      "ptb": 25.675121307373047
    },
    "zeroshot": {
      "boolq": {
        "accuracy": 0.4926605504587156,
        "full_results": {
          "acc,none": 0.4926605504587156,
          "acc_stderr,none": 0.00874411277680133,
          "alias": "boolq"
        }
      },
      "piqa": {
        "accuracy": 0.7584330794341676,
        "full_results": {
          "acc,none": 0.7415669205658324,
          "acc_stderr,none": 0.010213971636773348,
          "acc_norm,none": 0.7584330794341676,
          "acc_norm_stderr,none": 0.009986718001804345,
          "alias": "piqa"
        }
      },
      "hellaswag": {
        "accuracy": 0.6639115714001195,
        "full_results": {
          "acc,none": 0.4778928500298745,
          "acc_stderr,none": 0.004984901752846205,
          "acc_norm,none": 0.6639115714001195,
          "acc_norm_stderr,none": 0.0047140416525985815,
          "alias": "hellaswag"
        }
      },
      "winogrande": {
        "accuracy": 0.6677190213101816,
        "full_results": {
          "acc,none": 0.6677190213101816,
          "acc_stderr,none": 0.01323831655423641,
          "alias": "winogrande"
        }
      },
      "arc_easy": {
        "accuracy": 0.6557239057239057,
        "full_results": {
          "acc,none": 0.6742424242424242,
          "acc_stderr,none": 0.009616642976886159,
          "acc_norm,none": 0.6557239057239057,
          "acc_norm_stderr,none": 0.009749495321590905,
          "alias": "arc_easy"
        }
      },
      "arc_challenge": {
        "accuracy": 0.42662116040955633,
        "full_results": {
          "acc,none": 0.3796928327645051,
          "acc_stderr,none": 0.014182119866974712,
          "acc_norm,none": 0.42662116040955633,
          "acc_norm_stderr,none": 0.014453185592920293,
          "alias": "arc_challenge"
        }
      },
      "openbookqa": {
        "accuracy": 0.398,
        "full_results": {
          "acc,none": 0.302,
          "acc_stderr,none": 0.02055326917420912,
          "acc_norm,none": 0.398,
          "acc_norm_stderr,none": 0.021912377885779953,
          "alias": "openbookqa"
        }
      }
    },
    "avg_zeroshot_acc": 0.580438469819521
  }
}