{
  "attention": {
    "0": 5.21422196122918,
    "1": 2.220007325094829,
    "2": 2.610976820542744,
    "3": 1.8831846275980393,
    "4": 1.6211854053607455,
    "5": 1.5322276006533402,
    "6": 1.371295096054478,
    "7": 1.3843021586811135,
    "8": 1.4540510096262134,
    "9": 1.3910259843811277,
    "10": 1.4010168949137212,
    "11": 1.3565503950194113,
    "12": 1.3450514951090176,
    "13": 1.388161825695689,
    "14": 1.3474670201148884,
    "15": 1.1276259303405842,
    "16": 0.9260313873841692,
    "17": 0.7427088419596357,
    "18": 0.6171496496425837,
    "19": 0.5390530026803804,
    "20": 0.50514615426852,
    "21": 0.48723586900966387,
    "22": 0.4579181051629737,
    "23": 0.40870599296149335,
    "24": 0.4245373082598989,
    "25": 0.41555547964541617,
    "26": 0.38499126784757687,
    "27": 0.4080674673315734,
    "28": 0.3423746733527797,
    "29": 0.40596031954907996,
    "30": 0.32584973207608936,
    "31": 0.22152507899627283
  },
  "mlp": {
    "0": 5.2586469744134146,
    "1": 4.606966412286432,
    "2": 1.39578895306024,
    "3": 1.0087696529748875,
    "4": 0.8759580553360182,
    "5": 0.7673708879415759,
    "6": 0.6883218738976424,
    "7": 0.66110046516879,
    "8": 0.6615141170231373,
    "9": 0.7445557574274657,
    "10": 0.7980219454277222,
    "11": 0.7033844695003637,
    "12": 0.6990602053995207,
    "13": 0.6621862421511349,
    "14": 0.6462671612817159,
    "15": 0.6118063726450202,
    "16": 0.5241851550074701,
    "17": 0.5219968147478076,
    "18": 0.3879015358101352,
    "19": 0.47114781757665103,
    "20": 0.4398291592835757,
    "21": 0.4753070591002939,
    "22": 0.49250403914864593,
    "23": 0.43365087534186086,
    "24": 0.48973505140289575,
    "25": 0.4392361008901924,
    "26": 0.4261486880735461,
    "27": 0.46556755000837846,
    "28": 0.4203330412937274,
    "29": 0.42519499873864675,
    "30": 0.6508858504257802,
    "31": 1.3223543248464429
  }
}