{
  "model_path": "results/search_Mistral_blockwise_20/exp_020_taylor_seq_len256_taylor_num_samples512/pruned_model.bin",
  "timestamp": "2025-12-02T18:20:36.105268",
  "metrics": {
    "model_info": {
      "total_params": 5798420480,
      "trainable_params": 5798420480,
      "total_params_M": 5798.42048,
      "total_params_B": 5.79842048,
      "num_layers": 32,
      "module_params": {
        "embedding": 134217728,
        "lm_head": 134217728,
        "final_norm": 4096,
        "attention": 1342177280,
        "mlp": 4187541504,
        "input_layernorm": 131072,
        "post_attention_layernorm": 131072,
        "total_accounted": 5798420480,
        "unaccounted": 0,
        "match": true
      },
      "attention_params": 1342177280,
      "mlp_params": 4187541504,
      "attention_params_M": 1342.17728,
      "mlp_params_M": 4187.541504,
      "attention_ratio": 0.23147291311995366,
      "mlp_ratio": 0.7221865883034408,
      "model_size_mb": 11059.609619140625,
      "model_size_gb": 10.800400018692017
    },
    "ppl_quick_128": {
      "wikitext2 (wikitext-2-raw-v1)": 60.342613220214844,
      "ptb": 202.38612365722656
    },
    "ppl_standard_2048_512": {
      "wikitext2 (wikitext-2-raw-v1)": 37.59333419799805,
      "ptb": 186.99697875976562
    },
    "ppl": {
      "wikitext2 (wikitext-2-raw-v1)": 37.59333419799805,
      "ptb": 186.99697875976562
    },
    "zeroshot": {
      "boolq": {
        "accuracy": 0.5314984709480123,
        "full_results": {
          "acc,none": 0.5314984709480123,
          "acc_stderr,none": 0.008727684848615028,
          "alias": "boolq"
        }
      },
      "piqa": {
        "accuracy": 0.5973884657236126,
        "full_results": {
          "acc,none": 0.6077257889009793,
          "acc_stderr,none": 0.011391846744072072,
          "acc_norm,none": 0.5973884657236126,
          "acc_norm_stderr,none": 0.011442395233488875,
          "alias": "piqa"
        }
      },
      "hellaswag": {
        "accuracy": 0.36984664409480184,
        "full_results": {
          "acc,none": 0.3170683130850428,
          "acc_stderr,none": 0.004643832742876854,
          "acc_norm,none": 0.36984664409480184,
          "acc_norm_stderr,none": 0.004817763581410299,
          "alias": "hellaswag"
        }
      },
      "winogrande": {
        "accuracy": 0.5248618784530387,
        "full_results": {
          "acc,none": 0.5248618784530387,
          "acc_stderr,none": 0.01403510288362781,
          "alias": "winogrande"
        }
      },
      "arc_easy": {
        "accuracy": 0.38930976430976433,
        "full_results": {
          "acc,none": 0.4313973063973064,
          "acc_stderr,none": 0.010162752847747605,
          "acc_norm,none": 0.38930976430976433,
          "acc_norm_stderr,none": 0.010005212782878208,
          "alias": "arc_easy"
        }
      },
      "arc_challenge": {
        "accuracy": 0.23720136518771331,
        "full_results": {
          "acc,none": 0.1945392491467577,
          "acc_stderr,none": 0.011567709174648689,
          "acc_norm,none": 0.23720136518771331,
          "acc_norm_stderr,none": 0.01243039982926071,
          "alias": "arc_challenge"
        }
      },
      "openbookqa": {
        "accuracy": 0.284,
        "full_results": {
          "acc,none": 0.17,
          "acc_stderr,none": 0.016815633531393464,
          "acc_norm,none": 0.284,
          "acc_norm_stderr,none": 0.020186703693570774,
          "alias": "openbookqa"
        }
      }
    },
    "avg_zeroshot_acc": 0.41915808410242045
  }
}