{
  "model_path": "results/for_finetuning/Qwen/wanda/pruned_model.bin",
  "timestamp": "2025-12-04T19:56:57.375136",
  "metrics": {
    "model_info": {
      "total_params": 6092498944,
      "trainable_params": 6092498944,
      "total_params_M": 6092.498944,
      "total_params_B": 6.092498944,
      "num_layers": 28,
      "module_params": {
        "embedding": 544997376,
        "lm_head": 544997376,
        "final_norm": 3584,
        "attention": 822212608,
        "mlp": 4180087296,
        "input_layernorm": 100352,
        "post_attention_layernorm": 100352,
        "total_accounted": 6092498944,
        "unaccounted": 0,
        "match": true
      },
      "attention_params": 822212608,
      "mlp_params": 4180087296,
      "attention_params_M": 822.212608,
      "mlp_params_M": 4180.087296,
      "attention_ratio": 0.1349549036540629,
      "mlp_ratio": 0.6861039016045499,
      "model_size_mb": 11620.519775390625,
      "model_size_gb": 11.348163843154907
    },
    "ppl_quick_128": {
      "wikitext2 (wikitext-2-raw-v1)": 98.95404052734375,
      "ptb": 216.81430053710938
    },
    "ppl_standard_2048_512": {
      "wikitext2 (wikitext-2-raw-v1)": 62.13433074951172,
      "ptb": 119.55611419677734
    },
    "ppl": {
      "wikitext2 (wikitext-2-raw-v1)": 62.13433074951172,
      "ptb": 119.55611419677734
    },
    "zeroshot": {
      "boolq": {
        "accuracy": 0.6204892966360857,
        "full_results": {
          "acc,none": 0.6204892966360857,
          "acc_stderr,none": 0.008487341975756712,
          "alias": "boolq"
        }
      },
      "piqa": {
        "accuracy": 0.7312295973884657,
        "full_results": {
          "acc,none": 0.7187159956474428,
          "acc_stderr,none": 0.010490509832327499,
          "acc_norm,none": 0.7312295973884657,
          "acc_norm_stderr,none": 0.01034339294008991,
          "alias": "piqa"
        }
      },
      "hellaswag": {
        "accuracy": 0.5077673770165305,
        "full_results": {
          "acc,none": 0.38388767177853017,
          "acc_stderr,none": 0.004853371646239266,
          "acc_norm,none": 0.5077673770165305,
          "acc_norm_stderr,none": 0.0049891792866777595,
          "alias": "hellaswag"
        }
      },
      "winogrande": {
        "accuracy": 0.5327545382794001,
        "full_results": {
          "acc,none": 0.5327545382794001,
          "acc_stderr,none": 0.014022300570434274,
          "alias": "winogrande"
        }
      },
      "arc_easy": {
        "accuracy": 0.5656565656565656,
        "full_results": {
          "acc,none": 0.6182659932659933,
          "acc_stderr,none": 0.009968648851839831,
          "acc_norm,none": 0.5656565656565656,
          "acc_norm_stderr,none": 0.010170943451269407,
          "alias": "arc_easy"
        }
      },
      "arc_challenge": {
        "accuracy": 0.30887372013651876,
        "full_results": {
          "acc,none": 0.2738907849829352,
          "acc_stderr,none": 0.013032004972989623,
          "acc_norm,none": 0.30887372013651876,
          "acc_norm_stderr,none": 0.013501770929343924,
          "alias": "arc_challenge"
        }
      },
      "openbookqa": {
        "accuracy": 0.372,
        "full_results": {
          "acc,none": 0.242,
          "acc_stderr,none": 0.019173085678337164,
          "acc_norm,none": 0.372,
          "acc_norm_stderr,none": 0.021637197985722334,
          "alias": "openbookqa"
        }
      }
    },
    "avg_zeroshot_acc": 0.519824442159081,
    "efficiency": {
      "model_info": {
        "total_params": 6092498944,
        "trainable_params": 6092498944,
        "total_params_M": 6092.498944,
        "total_params_B": 6.092498944,
        "num_layers": 28,
        "module_params": {
          "embedding": 544997376,
          "lm_head": 544997376,
          "final_norm": 3584,
          "attention": 822212608,
          "mlp": 4180087296,
          "input_layernorm": 100352,
          "post_attention_layernorm": 100352,
          "total_accounted": 6092498944,
          "unaccounted": 0,
          "match": true
        },
        "attention_params": 822212608,
        "mlp_params": 4180087296,
        "attention_params_M": 822.212608,
        "mlp_params_M": 4180.087296,
        "attention_ratio": 0.1349549036540629,
        "mlp_ratio": 0.6861039016045499,
        "model_size_mb": 11620.519775390625,
        "model_size_gb": 11.348163843154907
      },
      "speed": {
        "batch_size_1": {
          "throughput_tokens_per_sec": 32.271042219281604,
          "latency_ms_per_token": 30.987533442676067,
          "total_time_sec": 198.32021403312683,
          "total_tokens": 6400
        },
        "batch_size_4": {
          "throughput_tokens_per_sec": 122.17452500664889,
          "latency_ms_per_token": 8.18501238245517,
          "total_time_sec": 50.288716077804565,
          "total_tokens": 6144
        }
      },
      "memory": {
        "model_memory_mb": 23283.48681640625,
        "inference_peak_mb": 23381.25830078125
      }
    }
  }
}