{
  "model_path": "results/search_Llama_layerwise_20/exp_016_taylor_seq_len256_taylor_num_samples4/pruned_model.bin",
  "timestamp": "2025-12-01T22:01:25.155416",
  "metrics": {
    "model_info": {
      "total_params": 6424219648,
      "trainable_params": 6424219648,
      "total_params_M": 6424.219648,
      "total_params_B": 6.424219648,
      "num_layers": 32,
      "module_params": {
        "embedding": 525336576,
        "lm_head": 525336576,
        "final_norm": 4096,
        "attention": 1342177280,
        "mlp": 4031102976,
        "input_layernorm": 131072,
        "post_attention_layernorm": 131072,
        "total_accounted": 6424219648,
        "unaccounted": 0,
        "match": true
      },
      "attention_params": 1342177280,
      "mlp_params": 4031102976,
      "attention_params_M": 1342.17728,
      "mlp_params_M": 4031.102976,
      "attention_ratio": 0.20892456259926434,
      "mlp_ratio": 0.6274852350752003,
      "model_size_mb": 12253.226806640625,
      "model_size_gb": 11.966041803359985
    },
    "ppl_quick_128": {
      "wikitext2 (wikitext-2-raw-v1)": 28.651363372802734,
      "ptb": 47.53376007080078
    },
    "ppl_standard_2048_512": {
      "wikitext2 (wikitext-2-raw-v1)": 13.1950044631958,
      "ptb": 18.49114418029785
    },
    "ppl": {
      "wikitext2 (wikitext-2-raw-v1)": 13.1950044631958,
      "ptb": 18.49114418029785
    },
    "zeroshot": {
      "boolq": {
        "accuracy": 0.5785932721712538,
        "full_results": {
          "acc,none": 0.5785932721712538,
          "acc_stderr,none": 0.008636344580414772,
          "alias": "boolq"
        }
      },
      "piqa": {
        "accuracy": 0.7268770402611534,
        "full_results": {
          "acc,none": 0.7116430903155604,
          "acc_stderr,none": 0.010569190399220779,
          "acc_norm,none": 0.7268770402611534,
          "acc_norm_stderr,none": 0.01039573026445318,
          "alias": "piqa"
        }
      },
      "hellaswag": {
        "accuracy": 0.5581557458673571,
        "full_results": {
          "acc,none": 0.41545508862776337,
          "acc_stderr,none": 0.004917931778592766,
          "acc_norm,none": 0.5581557458673571,
          "acc_norm_stderr,none": 0.004955914693718038,
          "alias": "hellaswag"
        }
      },
      "winogrande": {
        "accuracy": 0.6219415943172849,
        "full_results": {
          "acc,none": 0.6219415943172849,
          "acc_stderr,none": 0.013628165460523242,
          "alias": "winogrande"
        }
      },
      "arc_easy": {
        "accuracy": 0.4810606060606061,
        "full_results": {
          "acc,none": 0.5488215488215489,
          "acc_stderr,none": 0.010210757101073463,
          "acc_norm,none": 0.4810606060606061,
          "acc_norm_stderr,none": 0.010252420496894399,
          "alias": "arc_easy"
        }
      },
      "arc_challenge": {
        "accuracy": 0.31143344709897613,
        "full_results": {
          "acc,none": 0.2764505119453925,
          "acc_stderr,none": 0.013069662474252427,
          "acc_norm,none": 0.31143344709897613,
          "acc_norm_stderr,none": 0.01353247209985083,
          "alias": "arc_challenge"
        }
      },
      "openbookqa": {
        "accuracy": 0.358,
        "full_results": {
          "acc,none": 0.22,
          "acc_stderr,none": 0.01854421137582028,
          "acc_norm,none": 0.358,
          "acc_norm_stderr,none": 0.021461434862859133,
          "alias": "openbookqa"
        }
      }
    },
    "avg_zeroshot_acc": 0.5194373865395188
  }
}