{
  "model_path": "/newdata/LLMs/Qwen2.5-7B-Instruct/",
  "timestamp": "2025-11-29T21:12:48.419035",
  "metrics": {
    "model_info": {
      "total_params": 7615616512,
      "trainable_params": 7615616512,
      "total_params_M": 7615.616512,
      "total_params_B": 7.615616512,
      "num_layers": 28,
      "module_params": {
        "embedding": 544997376,
        "lm_head": 544997376,
        "final_norm": 3584,
        "attention": 822212608,
        "mlp": 5703204864,
        "input_layernorm": 100352,
        "post_attention_layernorm": 100352,
        "total_accounted": 7615616512,
        "unaccounted": 0,
        "match": true
      },
      "attention_params": 822212608,
      "mlp_params": 5703204864,
      "attention_params_M": 822.212608,
      "mlp_params_M": 5703.204864,
      "attention_ratio": 0.10796402454147103,
      "mlp_ratio": 0.748882884926441,
      "model_size_mb": 14525.635986328125,
      "model_size_gb": 14.18519139289856
    },
    "ppl_quick_128": {
      "wikitext2 (wikitext-2-raw-v1)": 17.05497169494629,
      "ptb": 35.060794830322266
    },
    "ppl_standard_2048_512": {
      "wikitext2 (wikitext-2-raw-v1)": 7.393181324005127,
      "ptb": 12.677013397216797
    },
    "ppl": {
      "wikitext2 (wikitext-2-raw-v1)": 7.393181324005127,
      "ptb": 12.677013397216797
    },
    "zeroshot": {
      "boolq": {
        "accuracy": 0.8642201834862385,
        "full_results": {
          "acc,none": 0.8642201834862385,
          "acc_stderr,none": 0.005991317719933075,
          "alias": "boolq"
        }
      },
      "piqa": {
        "accuracy": 0.8041349292709467,
        "full_results": {
          "acc,none": 0.795429815016322,
          "acc_stderr,none": 0.009411688039193577,
          "acc_norm,none": 0.8041349292709467,
          "acc_norm_stderr,none": 0.009259518041395621,
          "alias": "piqa"
        }
      },
      "hellaswag": {
        "accuracy": 0.8049193387771361,
        "full_results": {
          "acc,none": 0.6201951802429795,
          "acc_stderr,none": 0.004843462545943402,
          "acc_norm,none": 0.8049193387771361,
          "acc_norm_stderr,none": 0.003954529383268578,
          "alias": "hellaswag"
        }
      },
      "winogrande": {
        "accuracy": 0.7063930544593529,
        "full_results": {
          "acc,none": 0.7063930544593529,
          "acc_stderr,none": 0.012799397296204265,
          "alias": "winogrande"
        }
      },
      "arc_easy": {
        "accuracy": 0.8101851851851852,
        "full_results": {
          "acc,none": 0.8181818181818182,
          "acc_stderr,none": 0.00791428636483649,
          "acc_norm,none": 0.8101851851851852,
          "acc_norm_stderr,none": 0.008046840527852364,
          "alias": "arc_easy"
        }
      },
      "arc_challenge": {
        "accuracy": 0.5494880546075085,
        "full_results": {
          "acc,none": 0.5264505119453925,
          "acc_stderr,none": 0.014590931358120202,
          "acc_norm,none": 0.5494880546075085,
          "acc_norm_stderr,none": 0.01453964609847157,
          "alias": "arc_challenge"
        }
      },
      "openbookqa": {
        "accuracy": 0.48,
        "full_results": {
          "acc,none": 0.348,
          "acc_stderr,none": 0.021323728632807425,
          "acc_norm,none": 0.48,
          "acc_norm_stderr,none": 0.022365160424231326,
          "alias": "openbookqa"
        }
      }
    },
    "avg_zeroshot_acc": 0.717048677969481,
    "efficiency": {
      "model_info": {
        "total_params": 7615616512,
        "trainable_params": 7615616512,
        "total_params_M": 7615.616512,
        "total_params_B": 7.615616512,
        "num_layers": 28,
        "module_params": {
          "embedding": 544997376,
          "lm_head": 544997376,
          "final_norm": 3584,
          "attention": 822212608,
          "mlp": 5703204864,
          "input_layernorm": 100352,
          "post_attention_layernorm": 100352,
          "total_accounted": 7615616512,
          "unaccounted": 0,
          "match": true
        },
        "attention_params": 822212608,
        "mlp_params": 5703204864,
        "attention_params_M": 822.212608,
        "mlp_params_M": 5703.204864,
        "attention_ratio": 0.10796402454147103,
        "mlp_ratio": 0.748882884926441,
        "model_size_mb": 14525.635986328125,
        "model_size_gb": 14.18519139289856
      },
      "speed": {
        "batch_size_1": {
          "throughput_tokens_per_sec": 31.63168932586954,
          "latency_ms_per_token": 31.61386638879776,
          "total_time_sec": 202.32874488830566,
          "total_tokens": 6400
        },
        "batch_size_4": {
          "throughput_tokens_per_sec": 118.46524461841096,
          "latency_ms_per_token": 8.441294349419573,
          "total_time_sec": 51.86331248283386,
          "total_tokens": 6144
        }
      },
      "memory": {
        "model_memory_mb": 14576.76123046875,
        "inference_peak_mb": 14674.53271484375
      }
    }
  }
}