{
  "model_path": "results/search_Mistral-Instruct_layerwise_20/exp_013_taylor_seq_len128_taylor_num_samples128/pruned_model.bin",
  "timestamp": "2025-12-02T20:19:55.410859",
  "metrics": {
    "model_info": {
      "total_params": 5798420480,
      "trainable_params": 5798420480,
      "total_params_M": 5798.42048,
      "total_params_B": 5.79842048,
      "num_layers": 32,
      "module_params": {
        "embedding": 134217728,
        "lm_head": 134217728,
        "final_norm": 4096,
        "attention": 1342177280,
        "mlp": 4187541504,
        "input_layernorm": 131072,
        "post_attention_layernorm": 131072,
        "total_accounted": 5798420480,
        "unaccounted": 0,
        "match": true
      },
      "attention_params": 1342177280,
      "mlp_params": 4187541504,
      "attention_params_M": 1342.17728,
      "mlp_params_M": 4187.541504,
      "attention_ratio": 0.23147291311995366,
      "mlp_ratio": 0.7221865883034408,
      "model_size_mb": 11059.609619140625,
      "model_size_gb": 10.800400018692017
    },
    "ppl_quick_128": {
      "wikitext2 (wikitext-2-raw-v1)": 35.484859466552734,
      "ptb": 143.5745086669922
    },
    "ppl_standard_2048_512": {
      "wikitext2 (wikitext-2-raw-v1)": 19.047142028808594,
      "ptb": 74.72940826416016
    },
    "ppl": {
      "wikitext2 (wikitext-2-raw-v1)": 19.047142028808594,
      "ptb": 74.72940826416016
    },
    "zeroshot": {
      "boolq": {
        "accuracy": 0.6678899082568808,
        "full_results": {
          "acc,none": 0.6678899082568808,
          "acc_stderr,none": 0.008237321500082183,
          "alias": "boolq"
        }
      },
      "piqa": {
        "accuracy": 0.7034820457018498,
        "full_results": {
          "acc,none": 0.6964091403699674,
          "acc_stderr,none": 0.010728079893076493,
          "acc_norm,none": 0.7034820457018498,
          "acc_norm_stderr,none": 0.010656078922661127,
          "alias": "piqa"
        }
      },
      "hellaswag": {
        "accuracy": 0.5284803823939455,
        "full_results": {
          "acc,none": 0.40679147580163316,
          "acc_stderr,none": 0.004902314055725347,
          "acc_norm,none": 0.5284803823939455,
          "acc_norm_stderr,none": 0.004981680090303746,
          "alias": "hellaswag"
        }
      },
      "winogrande": {
        "accuracy": 0.5516969218626677,
        "full_results": {
          "acc,none": 0.5516969218626677,
          "acc_stderr,none": 0.01397717130712635,
          "alias": "winogrande"
        }
      },
      "arc_easy": {
        "accuracy": 0.5580808080808081,
        "full_results": {
          "acc,none": 0.6073232323232324,
          "acc_stderr,none": 0.010020646555538661,
          "acc_norm,none": 0.5580808080808081,
          "acc_norm_stderr,none": 0.01019032812307167,
          "alias": "arc_easy"
        }
      },
      "arc_challenge": {
        "accuracy": 0.30631399317406144,
        "full_results": {
          "acc,none": 0.29266211604095566,
          "acc_stderr,none": 0.013295916103619498,
          "acc_norm,none": 0.30631399317406144,
          "acc_norm_stderr,none": 0.013470584417276554,
          "alias": "arc_challenge"
        }
      },
      "openbookqa": {
        "accuracy": 0.344,
        "full_results": {
          "acc,none": 0.21,
          "acc_stderr,none": 0.01823362086530592,
          "acc_norm,none": 0.344,
          "acc_norm_stderr,none": 0.021265758037978793,
          "alias": "openbookqa"
        }
      }
    },
    "avg_zeroshot_acc": 0.5228491513528876
  }
}