{
  "extreme_pruning_layers": [
    {
      "layer_idx": 29,
      "pruning_rate": 0.8547014508928571,
      "importance": 0.12792785252843583,
      "gradient_mean": 0.0022539476760559613,
      "gradient_norm": 18.641074263387257
    },
    {
      "layer_idx": 30,
      "pruning_rate": 0.9437779017857143,
      "importance": 0.13774756448609488,
      "gradient_mean": 0.001988312436474694,
      "gradient_norm": 30.95232347647349
    },
    {
      "layer_idx": 31,
      "pruning_rate": 0.9136439732142857,
      "importance": 0.17715937324932643,
      "gradient_mean": 0.0026169619005587366,
      "gradient_norm": 31.167561504575943
    }
  ],
  "num_extreme_layers": 3,
  "gradient_statistics": {
    "mean_range": [
      0.0019382020044657919,
      0.0040677328490548665
    ],
    "mean_ratio": 2.098714494057376,
    "norm_range": [
      15.333356695042717,
      92.52223141988118
    ],
    "norm_ratio": 6.034049377406727
  },
  "diagnosis": []
}