{
  "attention": {
    "0": 5.734755249584422,
    "1": 4.199718952178955,
    "2": 5.021747860254026,
    "3": 4.26859757012012,
    "4": 4.5325813199959555,
    "5": 4.485049247741699,
    "6": 4.167203627380671,
    "7": 4.194259755751666,
    "8": 4.099367151073381,
    "9": 4.295239018458946,
    "10": 4.144457461787205,
    "11": 4.230459302079444,
    "12": 4.383717144236845,
    "13": 4.1567047998016955,
    "14": 4.188973366045484,
    "15": 3.929636394276339,
    "16": 3.695623294979918,
    "17": 3.15839994654936,
    "18": 3.0696945050183464,
    "19": 2.785580387302474,
    "20": 2.6599606439179064,
    "21": 2.440019397174611,
    "22": 2.3503282631144806,
    "23": 2.178014025968664,
    "24": 2.1574420765334485,
    "25": 2.0760977946075743,
    "26": 1.7791709058425011,
    "27": 1.5634402387282433,
    "28": 1.288835946251364,
    "29": 1.0161027066847863,
    "30": 0.57439210952497,
    "31": 0.31158708941702784
  },
  "mlp": {
    "0": 5.224644240211038,
    "1": 5.8566213168349925,
    "2": 4.099519982057459,
    "3": 4.321667156967463,
    "4": 4.467886882669786,
    "5": 4.5454046772975545,
    "6": 4.370556485419181,
    "7": 4.363148581747916,
    "8": 4.161822683670942,
    "9": 4.110052968941483,
    "10": 3.66484099743413,
    "11": 3.602421283721924,
    "12": 3.568050262974758,
    "13": 3.4999498900245216,
    "14": 3.2108069494658826,
    "15": 3.2074690332599713,
    "16": 3.15760568076489,
    "17": 2.9148554007212324,
    "18": 2.836552288018021,
    "19": 2.716857713811538,
    "20": 2.841772023369284,
    "21": 2.8928709450890038,
    "22": 2.8337710511450673,
    "23": 2.738532173867319,
    "24": 2.7085282615586825,
    "25": 2.5854851732067035,
    "26": 2.382032076517741,
    "27": 2.0549852707806755,
    "28": 1.650505301999111,
    "29": 1.1651673831191722,
    "30": 0.7860555169629118,
    "31": 0.6522886273907682
  }
}