{
  "extreme_pruning_layers": [
    {
      "layer_idx": 29,
      "pruning_rate": 0.6311383928571429,
      "importance": 0.27378598707062857,
      "gradient_mean": 0.004581122762627072,
      "gradient_norm": 41.07056167390611
    },
    {
      "layer_idx": 30,
      "pruning_rate": 0.8653738839285714,
      "importance": 0.29237231612205505,
      "gradient_mean": 0.0040454439715378815,
      "gradient_norm": 51.819134056568146
    },
    {
      "layer_idx": 31,
      "pruning_rate": 0.8031529017857143,
      "importance": 0.3620263125215258,
      "gradient_mean": 0.005222762572682566,
      "gradient_norm": 74.58391376336415
    }
  ],
  "num_extreme_layers": 3,
  "gradient_statistics": {
    "mean_range": [
      0.0037046456192102698,
      0.007863591942522261
    ],
    "mean_ratio": 2.1226299458936024,
    "norm_range": [
      31.917141429252094,
      192.34669778082105
    ],
    "norm_ratio": 6.026438746294882
  },
  "diagnosis": []
}