{
  "attention": {
    "0": 5.082834751996235,
    "1": 2.3516522253080243,
    "2": 2.592294372030672,
    "3": 1.9664783403628512,
    "4": 1.7212733166269487,
    "5": 1.5940960189137412,
    "6": 1.4027302887617248,
    "7": 1.3880961136064398,
    "8": 1.3902819418060757,
    "9": 1.2646534178491438,
    "10": 1.2876475416861197,
    "11": 1.28283713203236,
    "12": 1.2155267911402268,
    "13": 1.2528988578729274,
    "14": 1.2033643909793508,
    "15": 0.9727742738630871,
    "16": 0.8595249172729629,
    "17": 0.7363412622157561,
    "18": 0.6655031058760583,
    "19": 0.5448739873213171,
    "20": 0.5007401646737817,
    "21": 0.48702190014464364,
    "22": 0.45566325220640724,
    "23": 0.3878635413385285,
    "24": 0.35895793362304973,
    "25": 0.3327050118411896,
    "26": 0.27186898064620824,
    "27": 0.26003958465092003,
    "28": 0.21206154660013077,
    "29": 0.2278547354400664,
    "30": 0.19152100251749404,
    "31": 0.15401183274269403
  },
  "mlp": {
    "0": 4.601987699948502,
    "1": 3.709275389107151,
    "2": 1.2980293523505013,
    "3": 1.1285416946596891,
    "4": 0.9754861144198586,
    "5": 0.8858740571681487,
    "6": 0.7991947546493625,
    "7": 0.7280246371036423,
    "8": 0.7159687809100737,
    "9": 0.739240684862823,
    "10": 0.7129260679479295,
    "11": 0.6993988871836567,
    "12": 0.6717383000897867,
    "13": 0.6215449482099538,
    "14": 0.630668172437816,
    "15": 0.5690520020202388,
    "16": 0.5184579974182588,
    "17": 0.501924369607075,
    "18": 0.4695062564672483,
    "19": 0.4193669093542791,
    "20": 0.38978820307015827,
    "21": 0.35633427311031074,
    "22": 0.36696166599691926,
    "23": 0.35284764055856677,
    "24": 0.33493957106062666,
    "25": 0.2959936759474142,
    "26": 0.2832685351334314,
    "27": 0.26259636407073783,
    "28": 0.2934341937762328,
    "29": 0.27679769939646715,
    "30": 0.5096122122694777,
    "31": 1.3266566565229274
  }
}