{
  "attention": {
    "0": 6.17495673418045,
    "1": 4.737768909931182,
    "2": 5.593561260700225,
    "3": 4.836131489276886,
    "4": 5.143829300403594,
    "5": 5.071979277133941,
    "6": 4.707504904270172,
    "7": 4.702435600757598,
    "8": 4.5953900170326225,
    "9": 4.768669502735138,
    "10": 4.606925909519195,
    "11": 4.641345016956329,
    "12": 4.799657566547394,
    "13": 4.562510349750518,
    "14": 4.582718231678008,
    "15": 4.308312475681305,
    "16": 4.024115879535675,
    "17": 3.395439217090607,
    "18": 3.3293714451789858,
    "19": 3.025344240665435,
    "20": 2.8974080872535706,
    "21": 2.66968685388565,
    "22": 2.5735094428062433,
    "23": 2.425804846286774,
    "24": 2.3988889288902278,
    "25": 2.317921411991119,
    "26": 1.958553202152252,
    "27": 1.6938878321647644,
    "28": 1.3484127402305597,
    "29": 1.0354856801033017,
    "30": 0.5917997288703916,
    "31": 0.31716774702072126
  },
  "mlp": {
    "0": 5.660795338153838,
    "1": 6.328438770771026,
    "2": 4.542284195423125,
    "3": 4.909910719394684,
    "4": 5.087997324466704,
    "5": 5.144505693912505,
    "6": 4.886821548938752,
    "7": 4.914467585086822,
    "8": 4.773368036746978,
    "9": 4.640856564044952,
    "10": 4.159535038471221,
    "11": 4.049117805957794,
    "12": 4.02738258600235,
    "13": 3.9457485413551328,
    "14": 3.5999740242958063,
    "15": 3.5507239937782287,
    "16": 3.5058777260780336,
    "17": 3.19385249376297,
    "18": 3.0891177392005917,
    "19": 2.9933999180793758,
    "20": 3.1370807576179502,
    "21": 3.220002844333649,
    "22": 3.153992416858673,
    "23": 3.1073106122016907,
    "24": 3.101901767253876,
    "25": 2.9387010216712945,
    "26": 2.6854793190956117,
    "27": 2.239922959804535,
    "28": 1.7547740483283998,
    "29": 1.2158408522605897,
    "30": 0.7421186375617981,
    "31": 0.4697320485115051
  }
}