{
  "0": 5.223865025043487,
  "1": 4.760743134021759,
  "2": 0.11558005332946752,
  "3": 0.07461897850036614,
  "4": 0.06223257303237917,
  "5": 0.07015860319137568,
  "6": 0.03087443590164174,
  "7": 0.01971317529678318,
  "8": 0.028974175453186035,
  "9": 0.02110085487365687,
  "10": 0.02031858682632448,
  "11": 0.01383507251739502,
  "12": 0.005580666065216011,
  "13": 0.014035658836364373,
  "14": 0.01678642749786352,
  "15": 0.01556646108627291,
  "16": 0.016855528354644544,
  "17": 0.045305531024932844,
  "18": 0.049003336429595645,
  "19": 0.09335538864135717,
  "20": 0.06674758434295613,
  "21": 0.06467733144760102,
  "22": 0.06498290777206384,
  "23": 0.043461701869964564,
  "24": 0.04103170156478875,
  "25": 0.04700701713561983,
  "26": 0.05357206583023055,
  "27": 0.03584567308425868,
  "28": 0.1209194684028625,
  "29": 0.19614127397537207,
  "30": 0.13114836454391465,
  "31": 0.44436811685562105
}