{
  "attention": {
    "0": 7.71509462594986,
    "1": 2.166230261325836,
    "2": 0.4808552861213684,
    "3": 0.21919691562652588,
    "4": 0.20663601160049438,
    "5": 0.16003060340881348,
    "6": 0.12038332223892212,
    "7": 0.1214788556098938,
    "8": 0.09023159742355347,
    "9": 0.12536323070526123,
    "10": 0.04913461208343506,
    "11": 0.05837273597717285,
    "12": 0.07245755195617676,
    "13": 0.07159960269927979,
    "14": 0.07174843549728394,
    "15": 0.0305863618850708,
    "16": 0.08212172985076904,
    "17": 0.07212555408477783,
    "18": 0.13747793436050415,
    "19": 0.11306220293045044,
    "20": 0.05600917339324951,
    "21": 0.03986841440200806,
    "22": 0.050714850425720215,
    "23": 0.07093632221221924,
    "24": 0.004525959491729736,
    "25": 0.02265346050262451,
    "26": 0.026842832565307617,
    "27": 0.6298055052757263
  },
  "mlp": {
    "0": 1.7411521077156067,
    "1": 9.276462614536285,
    "2": 5.01615446805954,
    "3": 3.841314971446991,
    "4": 3.1956204771995544,
    "5": 1.9760863184928894,
    "6": 0.4299545884132385,
    "7": 0.2036014199256897,
    "8": 0.14631587266921997,
    "9": 0.3782261610031128,
    "10": 0.11180257797241211,
    "11": 0.17470240592956543,
    "12": 0.11481767892837524,
    "13": 0.08764028549194336,
    "14": 0.10291606187820435,
    "15": 0.07996004819869995,
    "16": 0.08075106143951416,
    "17": 0.06876063346862793,
    "18": 0.08431458473205566,
    "19": 0.14446789026260376,
    "20": 0.1503559947013855,
    "21": 0.022608041763305664,
    "22": 0.15516042709350586,
    "23": 0.12679028511047363,
    "24": 0.12994897365570068,
    "25": 0.15517687797546387,
    "26": 0.345727801322937,
    "27": 1.102552592754364
  }
}