{
  "model_path": "results/results/grid_search_taylor_32_block_32/Mistral-Instruct/ShortGPT_remove_6/pruned_model.bin",
  "timestamp": "2025-12-12T11:30:12.326223",
  "metrics": {
    "model_info": {
      "total_params": 5939351552,
      "trainable_params": 5939351552,
      "total_params_M": 5939.351552,
      "total_params_B": 5.939351552,
      "num_layers": 26,
      "module_params": {
        "embedding": 134217728,
        "lm_head": 134217728,
        "final_norm": 4096,
        "attention": 1090519040,
        "mlp": 4580179968,
        "input_layernorm": 106496,
        "post_attention_layernorm": 106496,
        "total_accounted": 5939351552,
        "unaccounted": 0,
        "match": true
      },
      "attention_params": 1090519040,
      "mlp_params": 4580179968,
      "attention_params_M": 1090.51904,
      "mlp_params_M": 4580.179968,
      "attention_ratio": 0.1836091079055224,
      "mlp_ratio": 0.7711582532031941,
      "model_size_mb": 11328.414306640625,
      "model_size_gb": 11.062904596328735
    },
    "ppl_quick_128": {
      "wikitext2 (wikitext-2-raw-v1)": 30.674724578857422,
      "ptb": 104.1489486694336
    },
    "ppl_standard_2048_512": {
      "wikitext2 (wikitext-2-raw-v1)": 12.675448417663574,
      "ptb": 35.41183853149414
    },
    "ppl": {
      "wikitext2 (wikitext-2-raw-v1)": 12.675448417663574,
      "ptb": 35.41183853149414
    },
    "zeroshot": {
      "boolq": {
        "accuracy": 0.8498470948012232,
        "full_results": {
          "acc,none": 0.8498470948012232,
          "acc_stderr,none": 0.006247838665976202,
          "alias": "boolq"
        }
      },
      "piqa": {
        "accuracy": 0.7295973884657236,
        "full_results": {
          "acc,none": 0.7247007616974973,
          "acc_stderr,none": 0.010421429277369502,
          "acc_norm,none": 0.7295973884657236,
          "acc_norm_stderr,none": 0.010363167031620654,
          "alias": "piqa"
        }
      },
      "hellaswag": {
        "accuracy": 0.7224656442939653,
        "full_results": {
          "acc,none": 0.5355506871141207,
          "acc_stderr,none": 0.004977152746478463,
          "acc_norm,none": 0.7224656442939653,
          "acc_norm_stderr,none": 0.004468672138910872,
          "alias": "hellaswag"
        }
      },
      "winogrande": {
        "accuracy": 0.7111286503551697,
        "full_results": {
          "acc,none": 0.7111286503551697,
          "acc_stderr,none": 0.012738241271018403,
          "alias": "winogrande"
        }
      },
      "arc_easy": {
        "accuracy": 0.6843434343434344,
        "full_results": {
          "acc,none": 0.6965488215488216,
          "acc_stderr,none": 0.009433837434252454,
          "acc_norm,none": 0.6843434343434344,
          "acc_norm_stderr,none": 0.009537019245566315,
          "alias": "arc_easy"
        }
      },
      "arc_challenge": {
        "accuracy": 0.5008532423208191,
        "full_results": {
          "acc,none": 0.4726962457337884,
          "acc_stderr,none": 0.01458958910198608,
          "acc_norm,none": 0.5008532423208191,
          "acc_norm_stderr,none": 0.014611369529813302,
          "alias": "arc_challenge"
        }
      },
      "openbookqa": {
        "accuracy": 0.382,
        "full_results": {
          "acc,none": 0.242,
          "acc_stderr,none": 0.019173085678337164,
          "acc_norm,none": 0.382,
          "acc_norm_stderr,none": 0.02175082059125093,
          "alias": "openbookqa"
        }
      }
    },
    "avg_zeroshot_acc": 0.6543193506543336
  }
}