{
  "0": 6.786100328205436,
  "1": 4.355487586015108,
  "2": 0.276724047850299,
  "3": 0.2106286888880442,
  "4": 0.2534314163473268,
  "5": 0.20686974430715788,
  "6": 0.13583185230659334,
  "7": 0.1400862444315525,
  "8": 0.0629501394878158,
  "9": 0.07158471685371648,
  "10": 0.06135587486999716,
  "11": 0.09169600720437154,
  "12": 0.10525521979426689,
  "13": 0.09396280516062339,
  "14": 0.13231004879174613,
  "15": 0.16136901189159847,
  "16": 0.23311306056597347,
  "17": 0.24667286272869982,
  "18": 0.31236084802261255,
  "19": 0.21373528471056202,
  "20": 0.17721151279297853,
  "21": 0.22121491021667872,
  "22": 0.1786364675357639,
  "23": 0.16897164891097693,
  "24": 0.1983592336540978,
  "25": 0.1297469928564614,
  "26": 0.15724301780296468,
  "27": 0.21877673224897576,
  "28": 0.1670059897252263,
  "29": 0.3436252875043855,
  "30": 0.4643232636104355,
  "31": 1.4372235812888237
}