{
  "model_path": "results/search_Mistral_20/exp_007_taylor_seq_len64_taylor_num_samples64/pruned_model.bin",
  "timestamp": "2025-12-02T01:20:03.936160",
  "metrics": {
    "model_info": {
      "total_params": 5798424576,
      "trainable_params": 5798424576,
      "total_params_M": 5798.424576,
      "total_params_B": 5.798424576,
      "num_layers": 32,
      "module_params": {
        "embedding": 134217728,
        "lm_head": 134217728,
        "final_norm": 4096,
        "attention": 1305477120,
        "mlp": 4224245760,
        "input_layernorm": 131072,
        "post_attention_layernorm": 131072,
        "total_accounted": 5798424576,
        "unaccounted": 0,
        "match": true
      },
      "attention_params": 1305477120,
      "mlp_params": 4224245760,
      "attention_params_M": 1305.47712,
      "mlp_params_M": 4224.24576,
      "attention_ratio": 0.22514341661068457,
      "mlp_ratio": 0.7285161175475813,
      "model_size_mb": 11059.617431640625,
      "model_size_gb": 10.800407648086548
    },
    "ppl_quick_128": {
      "wikitext2 (wikitext-2-raw-v1)": 54.88661575317383,
      "ptb": 137.18023681640625
    },
    "ppl_standard_2048_512": {
      "wikitext2 (wikitext-2-raw-v1)": 18.7897891998291,
      "ptb": 138.88671875
    },
    "ppl": {
      "wikitext2 (wikitext-2-raw-v1)": 18.7897891998291,
      "ptb": 138.88671875
    },
    "zeroshot": {
      "boolq": {
        "accuracy": 0.39571865443425075,
        "full_results": {
          "acc,none": 0.39571865443425075,
          "acc_stderr,none": 0.008552742471459849,
          "alias": "boolq"
        }
      },
      "piqa": {
        "accuracy": 0.7116430903155604,
        "full_results": {
          "acc,none": 0.705114254624592,
          "acc_stderr,none": 0.010639030620156836,
          "acc_norm,none": 0.7116430903155604,
          "acc_norm_stderr,none": 0.010569190399220779,
          "alias": "piqa"
        }
      },
      "hellaswag": {
        "accuracy": 0.47321250746863175,
        "full_results": {
          "acc,none": 0.36695877315275843,
          "acc_stderr,none": 0.0048099011512349205,
          "acc_norm,none": 0.47321250746863175,
          "acc_norm_stderr,none": 0.004982615233056769,
          "alias": "hellaswag"
        }
      },
      "winogrande": {
        "accuracy": 0.5343330702446725,
        "full_results": {
          "acc,none": 0.5343330702446725,
          "acc_stderr,none": 0.014019317531542567,
          "alias": "winogrande"
        }
      },
      "arc_easy": {
        "accuracy": 0.4292929292929293,
        "full_results": {
          "acc,none": 0.47474747474747475,
          "acc_stderr,none": 0.010246690042583878,
          "acc_norm,none": 0.4292929292929293,
          "acc_norm_stderr,none": 0.01015667807591118,
          "alias": "arc_easy"
        }
      },
      "arc_challenge": {
        "accuracy": 0.28754266211604096,
        "full_results": {
          "acc,none": 0.23122866894197952,
          "acc_stderr,none": 0.01232085883477234,
          "acc_norm,none": 0.28754266211604096,
          "acc_norm_stderr,none": 0.013226719056266044,
          "alias": "arc_challenge"
        }
      },
      "openbookqa": {
        "accuracy": 0.322,
        "full_results": {
          "acc,none": 0.192,
          "acc_stderr,none": 0.017632180454361008,
          "acc_norm,none": 0.322,
          "acc_norm_stderr,none": 0.020916668330019865,
          "alias": "openbookqa"
        }
      }
    },
    "avg_zeroshot_acc": 0.45053470198172657
  }
}