{
  "extreme_pruning_layers": [
    {
      "layer_idx": 25,
      "pruning_rate": 0.5793108258928571,
      "importance": 10.963655505861555,
      "gradient_mean": 0.1355537465877003,
      "gradient_norm": 723.614266289605
    },
    {
      "layer_idx": 26,
      "pruning_rate": 0.5682896205357143,
      "importance": 11.029567650386266,
      "gradient_mean": 0.14454668760299683,
      "gradient_norm": 752.7564917670356
    }
  ],
  "num_extreme_layers": 2,
  "gradient_statistics": {
    "mean_range": [
      0.09130169202884038,
      1.8459881800744269
    ],
    "mean_ratio": 20.21855386282941,
    "norm_range": [
      519.310425652398,
      7118.016370985243
    ],
    "norm_ratio": 13.706669497423759
  },
  "diagnosis": []
}