{
  "extreme_pruning_layers": [
    {
      "layer_idx": 0,
      "pruning_rate": 0.638988597972973,
      "importance": 0.052233119835019916,
      "gradient_mean": 0.0039114079748590784,
      "gradient_norm": 2.9488567113876343
    },
    {
      "layer_idx": 1,
      "pruning_rate": 0.8612753378378378,
      "importance": 0.030999659702206986,
      "gradient_mean": 0.00263129360973835,
      "gradient_norm": 3.1918419102827706
    },
    {
      "layer_idx": 2,
      "pruning_rate": 0.7619826858108109,
      "importance": 0.049738822457682644,
      "gradient_mean": 0.0017958686997493107,
      "gradient_norm": 2.873577336470286
    }
  ],
  "num_extreme_layers": 3,
  "gradient_statistics": {
    "mean_range": [
      0.0008009041969974836,
      0.0039114079748590784
    ],
    "mean_ratio": 4.883739529832199,
    "norm_range": [
      1.8131117274363835,
      10.152260884642601
    ],
    "norm_ratio": 5.599357574305292
  },
  "diagnosis": [
    {
      "issue": "\u524d\u51e0\u5c42\u88ab\u8fc7\u5ea6\u526a\u679d",
      "severity": "critical",
      "description": "\u524d5\u5c42\u4e2d\u6709 3 \u5c42\u88ab\u8fc7\u5ea6\u526a\u679d",
      "recommendation": "\u524d\u51e0\u5c42\u901a\u5e38\u5f88\u91cd\u8981\uff0c\u5efa\u8bae\u4e3a\u5176\u8bbe\u7f6e\u8f83\u4f4e\u7684 max_rate"
    }
  ]
}