{
  "extreme_pruning_layers": [
    {
      "layer_idx": 1,
      "pruning_rate": 0.8250633445945946,
      "importance": 0.004780673491139267,
      "gradient_mean": 0.0011039574940999348,
      "gradient_norm": 1.1966361999511719
    },
    {
      "layer_idx": 2,
      "pruning_rate": 0.7231313344594594,
      "importance": 0.006929889705183136,
      "gradient_mean": 0.000856513778368632,
      "gradient_norm": 1.3490950266520183
    },
    {
      "layer_idx": 3,
      "pruning_rate": 0.5487225506756757,
      "importance": 0.010339711817937929,
      "gradient_mean": 0.000897333025932312,
      "gradient_norm": 1.2122713724772136
    },
    {
      "layer_idx": 5,
      "pruning_rate": 0.619140625,
      "importance": 0.009727674662261395,
      "gradient_mean": 0.0009236286083857218,
      "gradient_norm": 1.2530797322591145
    }
  ],
  "num_extreme_layers": 4,
  "gradient_statistics": {
    "mean_range": [
      0.0001462399959564209,
      0.0016349802414576213
    ],
    "mean_ratio": 11.180109194846537,
    "norm_range": [
      0.48411957422892254,
      1.7144126892089844
    ],
    "norm_ratio": 3.5413000839420117
  },
  "diagnosis": [
    {
      "issue": "\u524d\u51e0\u5c42\u88ab\u8fc7\u5ea6\u526a\u679d",
      "severity": "critical",
      "description": "\u524d5\u5c42\u4e2d\u6709 3 \u5c42\u88ab\u8fc7\u5ea6\u526a\u679d",
      "recommendation": "\u524d\u51e0\u5c42\u901a\u5e38\u5f88\u91cd\u8981\uff0c\u5efa\u8bae\u4e3a\u5176\u8bbe\u7f6e\u8f83\u4f4e\u7684 max_rate"
    }
  ]
}