{
  "attention": {
    "0": 7.120291233062744,
    "1": 5.5880573987960815,
    "2": 6.58418345451355,
    "3": 5.730727910995483,
    "4": 6.156030893325806,
    "5": 6.117508888244629,
    "6": 5.776568055152893,
    "7": 5.7741475105285645,
    "8": 5.635233521461487,
    "9": 5.731586337089539,
    "10": 5.549183487892151,
    "11": 5.562636733055115,
    "12": 5.683401823043823,
    "13": 5.506282210350037,
    "14": 5.590046525001526,
    "15": 5.280492782592773,
    "16": 5.052443861961365,
    "17": 4.2175599336624146,
    "18": 4.067614674568176,
    "19": 3.6219213008880615,
    "20": 3.4208078384399414,
    "21": 3.1231600046157837,
    "22": 2.9880948066711426,
    "23": 2.7231388092041016,
    "24": 2.6623501777648926,
    "25": 2.563817024230957,
    "26": 2.199368417263031,
    "27": 1.8880518674850464,
    "28": 1.4669567942619324,
    "29": 1.137581706047058,
    "30": 0.6138601899147034,
    "31": 0.24547407031059265
  },
  "mlp": {
    "0": 5.309777855873108,
    "1": 8.23560619354248,
    "2": 5.567944049835205,
    "3": 5.958729982376099,
    "4": 6.275479078292847,
    "5": 6.291755437850952,
    "6": 5.826737999916077,
    "7": 5.950239300727844,
    "8": 5.594960451126099,
    "9": 5.473062992095947,
    "10": 5.17510449886322,
    "11": 5.026342153549194,
    "12": 5.110953330993652,
    "13": 5.130121350288391,
    "14": 4.790791392326355,
    "15": 4.643293380737305,
    "16": 4.683611869812012,
    "17": 4.215764760971069,
    "18": 3.8856706619262695,
    "19": 3.621845841407776,
    "20": 3.668687105178833,
    "21": 3.659394383430481,
    "22": 3.6154576539993286,
    "23": 3.4355030059814453,
    "24": 3.346215009689331,
    "25": 3.1490858793258667,
    "26": 2.8244582414627075,
    "27": 2.358952045440674,
    "28": 1.8035443425178528,
    "29": 1.2377404570579529,
    "30": 0.6697593331336975,
    "31": 0.34287574887275696
  }
}