{
  "model_path": "results/search_mistral_20/exp_008_taylor_seq_len64_taylor_num_samples256/pruned_model.bin",
  "timestamp": "2025-11-30T19:41:43.260061",
  "metrics": {
    "model_info": {
      "total_params": 5798420480,
      "trainable_params": 5798420480,
      "total_params_M": 5798.42048,
      "total_params_B": 5.79842048,
      "num_layers": 32,
      "module_params": {
        "embedding": 134217728,
        "lm_head": 134217728,
        "final_norm": 4096,
        "attention": 1342177280,
        "mlp": 4187541504,
        "input_layernorm": 131072,
        "post_attention_layernorm": 131072,
        "total_accounted": 5798420480,
        "unaccounted": 0,
        "match": true
      },
      "attention_params": 1342177280,
      "mlp_params": 4187541504,
      "attention_params_M": 1342.17728,
      "mlp_params_M": 4187.541504,
      "attention_ratio": 0.23147291311995366,
      "mlp_ratio": 0.7221865883034408,
      "model_size_mb": 11059.609619140625,
      "model_size_gb": 10.800400018692017
    },
    "ppl_quick_128": {
      "wikitext2 (wikitext-2-raw-v1)": 22.127899169921875,
      "ptb": 103.80664825439453
    },
    "ppl_standard_2048_512": {
      "wikitext2 (wikitext-2-raw-v1)": 12.008784294128418,
      "ptb": 118.75470733642578
    },
    "ppl": {
      "wikitext2 (wikitext-2-raw-v1)": 12.008784294128418,
      "ptb": 118.75470733642578
    },
    "zeroshot": {
      "boolq": {
        "accuracy": 0.6470948012232416,
        "full_results": {
          "acc,none": 0.6470948012232416,
          "acc_stderr,none": 0.0083580607438757,
          "alias": "boolq"
        }
      },
      "piqa": {
        "accuracy": 0.750816104461371,
        "full_results": {
          "acc,none": 0.736126224156692,
          "acc_stderr,none": 0.010282996367695665,
          "acc_norm,none": 0.750816104461371,
          "acc_norm_stderr,none": 0.010091882770120146,
          "alias": "piqa"
        }
      },
      "hellaswag": {
        "accuracy": 0.5770762796255726,
        "full_results": {
          "acc,none": 0.42850029874526985,
          "acc_stderr,none": 0.004938500303990386,
          "acc_norm,none": 0.5770762796255726,
          "acc_norm_stderr,none": 0.00493013884276815,
          "alias": "hellaswag"
        }
      },
      "winogrande": {
        "accuracy": 0.6022099447513812,
        "full_results": {
          "acc,none": 0.6022099447513812,
          "acc_stderr,none": 0.013755743513749094,
          "alias": "winogrande"
        }
      },
      "arc_easy": {
        "accuracy": 0.5736531986531986,
        "full_results": {
          "acc,none": 0.6241582491582491,
          "acc_stderr,none": 0.009938436373170647,
          "acc_norm,none": 0.5736531986531986,
          "acc_norm_stderr,none": 0.010147858603835226,
          "alias": "arc_easy"
        }
      },
      "arc_challenge": {
        "accuracy": 0.2977815699658703,
        "full_results": {
          "acc,none": 0.27986348122866894,
          "acc_stderr,none": 0.013119040897726017,
          "acc_norm,none": 0.2977815699658703,
          "acc_norm_stderr,none": 0.013363080107244428,
          "alias": "arc_challenge"
        }
      },
      "openbookqa": {
        "accuracy": 0.346,
        "full_results": {
          "acc,none": 0.24,
          "acc_stderr,none": 0.0191188666537598,
          "acc_norm,none": 0.346,
          "acc_norm_stderr,none": 0.021294951277234696,
          "alias": "openbookqa"
        }
      }
    },
    "avg_zeroshot_acc": 0.5420902712400908
  }
}