{
  "attention": {
    "0": 6.917638586185443,
    "1": 1.7283463479539494,
    "2": 0.417761533615455,
    "3": 0.19150075399609268,
    "4": 0.18069280986008085,
    "5": 0.10410557899378947,
    "6": 0.09953860195499242,
    "7": 0.08187607028942301,
    "8": 0.06321840889090513,
    "9": 0.08433504109174939,
    "10": 0.04179121776100203,
    "11": 0.04158778763182269,
    "12": 0.04470753549503348,
    "13": 0.05391804179609627,
    "14": 0.049734268092288314,
    "15": 0.050696165102915636,
    "16": 0.056105779322445315,
    "17": 0.061370682751611394,
    "18": 0.07410700726888475,
    "19": 0.07782763935630088,
    "20": 0.03960585996344079,
    "21": 0.04141284662602773,
    "22": 0.04305532337033169,
    "23": 0.051225813500062944,
    "24": 0.022026914356584548,
    "25": 0.02784362696282905,
    "26": 0.043816880592729035,
    "27": 0.7417781128488246
  },
  "mlp": {
    "0": 0.6945211870982724,
    "1": 7.167021524614898,
    "2": 4.029437018315613,
    "3": 3.1983274965325226,
    "4": 2.8731423572357526,
    "5": 1.9195739258767084,
    "6": 0.33145082947399596,
    "7": 0.13297554516043952,
    "8": 0.09110433407922747,
    "9": 0.2607390434884391,
    "10": 0.1012942377002064,
    "11": 0.12652559519207962,
    "12": 0.1018620087119686,
    "13": 0.06983930027471441,
    "14": 0.06049610092250024,
    "15": 0.058520251528593636,
    "16": 0.048294300349336794,
    "17": 0.05053573734355421,
    "18": 0.05631197590318404,
    "19": 0.059541434767391266,
    "20": 0.07277772410228334,
    "21": 0.0922987802102666,
    "22": 0.13816813675903905,
    "23": 0.14125856502441092,
    "24": 0.13922107709966403,
    "25": 0.16073472051452153,
    "26": 0.21825760497745073,
    "27": 0.8732007512340609
  }
}