{
  "extreme_pruning_layers": [
    {
      "layer_idx": 29,
      "pruning_rate": 0.7097516741071429,
      "importance": 0.0627180774297033,
      "gradient_mean": 0.0010997309452957576,
      "gradient_norm": 8.91791397995419
    },
    {
      "layer_idx": 30,
      "pruning_rate": 0.9107142857142857,
      "importance": 0.06577899094138827,
      "gradient_mean": 0.000936648084057702,
      "gradient_norm": 12.848576174841988
    },
    {
      "layer_idx": 31,
      "pruning_rate": 0.9239676339285714,
      "importance": 0.07924052008560725,
      "gradient_mean": 0.0011976398527622223,
      "gradient_norm": 12.69880157046848
    }
  ],
  "num_extreme_layers": 3,
  "gradient_statistics": {
    "mean_range": [
      0.0008512958884239197,
      0.002137160135640038
    ],
    "mean_ratio": 2.5104783350345086,
    "norm_range": [
      7.1453885369830665,
      43.89947170681424
    ],
    "norm_ratio": 6.143748723947648
  },
  "diagnosis": []
}