{
  "attention": {
    "0": 5.076356244993554,
    "1": 2.07632975154353,
    "2": 2.4400893950514773,
    "3": 1.781759259837849,
    "4": 1.533839417822212,
    "5": 1.4707273696152772,
    "6": 1.2760063555493062,
    "7": 1.2687268085611567,
    "8": 1.3021421265459798,
    "9": 1.2093673078211609,
    "10": 1.2527871313913046,
    "11": 1.2426392686018737,
    "12": 1.1802791421083096,
    "13": 1.277389420603118,
    "14": 1.222777217280142,
    "15": 0.9945915367031786,
    "16": 0.8993312328295477,
    "17": 0.7659501220458642,
    "18": 0.6866769426617276,
    "19": 0.5719113355906851,
    "20": 0.5317365921708426,
    "21": 0.539564410433468,
    "22": 0.5238943216825405,
    "23": 0.446770813492833,
    "24": 0.4279742243152871,
    "25": 0.4040659964552775,
    "26": 0.3681321351587341,
    "27": 0.3828575575160711,
    "28": 0.31735870016471335,
    "29": 0.36724511939626137,
    "30": 0.323877229055368,
    "31": 0.18683920069906357
  },
  "mlp": {
    "0": 5.167368154798406,
    "1": 4.530852872846713,
    "2": 1.11940010785682,
    "3": 0.9398224876618331,
    "4": 0.782573567746085,
    "5": 0.7263574410713289,
    "6": 0.6437277531721213,
    "7": 0.5979681191787458,
    "8": 0.6040362964963304,
    "9": 0.6617240465327772,
    "10": 0.6504870631055866,
    "11": 0.6246251435988439,
    "12": 0.5807218011579831,
    "13": 0.5762715956867401,
    "14": 0.553608407923309,
    "15": 0.5325110467994056,
    "16": 0.49458376319386677,
    "17": 0.4876806891792196,
    "18": 0.45934096432840743,
    "19": 0.4495533602514099,
    "20": 0.416888587474074,
    "21": 0.4028423847434581,
    "22": 0.44545866354733477,
    "23": 0.42007512766124666,
    "24": 0.41467987565997255,
    "25": 0.36166331830206033,
    "26": 0.3384101538398978,
    "27": 0.3635590576054426,
    "28": 0.35526270181773967,
    "29": 0.3734297505198052,
    "30": 0.59334915814593,
    "31": 1.2975896567321596
  }
}