{
  "extreme_pruning_layers": [
    {
      "layer_idx": 25,
      "pruning_rate": 0.552734375,
      "importance": 20.520254373550415,
      "gradient_mean": 0.24541721865534782,
      "gradient_norm": 1309.8252262539334
    },
    {
      "layer_idx": 26,
      "pruning_rate": 0.5633370535714286,
      "importance": 20.650798388889857,
      "gradient_mean": 0.26169971293873256,
      "gradient_norm": 1363.3686701456706
    }
  ],
  "num_extreme_layers": 2,
  "gradient_statistics": {
    "mean_range": [
      0.16642260510060522,
      3.351716445138057
    ],
    "mean_ratio": 20.139790751970924,
    "norm_range": [
      945.0685284932455,
      Infinity
    ],
    "norm_ratio": Infinity
  },
  "diagnosis": []
}