{
  "model_path": "/newdata/LLMs/Mistral-7B-v0.3",
  "timestamp": "2025-11-29T17:58:58.032475",
  "metrics": {
    "model_info": {
      "total_params": 7248023552,
      "trainable_params": 7248023552,
      "total_params_M": 7248.023552,
      "total_params_B": 7.248023552,
      "num_layers": 32,
      "module_params": {
        "embedding": 134217728,
        "lm_head": 134217728,
        "final_norm": 4096,
        "attention": 1342177280,
        "mlp": 5637144576,
        "input_layernorm": 131072,
        "post_attention_layernorm": 131072,
        "total_accounted": 7248023552,
        "unaccounted": 0,
        "match": true
      },
      "attention_params": 1342177280,
      "mlp_params": 5637144576,
      "attention_params_M": 1342.17728,
      "mlp_params_M": 5637.144576,
      "attention_ratio": 0.18517838281991278,
      "mlp_ratio": 0.7777492078436337,
      "model_size_mb": 13824.508056640625,
      "model_size_gb": 13.50049614906311
    },
    "ppl_quick_128": {
      "wikitext2 (wikitext-2-raw-v1)": 12.334037780761719,
      "ptb": 59.51766586303711
    },
    "ppl_standard_2048_512": {
      "wikitext2 (wikitext-2-raw-v1)": 5.37974739074707,
      "ptb": 29.273893356323242
    },
    "ppl": {
      "wikitext2 (wikitext-2-raw-v1)": 5.37974739074707,
      "ptb": 29.273893356323242
    },
    "zeroshot": {
      "boolq": {
        "accuracy": 0.8211009174311926,
        "full_results": {
          "acc,none": 0.8211009174311926,
          "acc_stderr,none": 0.006703395833491638,
          "alias": "boolq"
        }
      },
      "piqa": {
        "accuracy": 0.8226332970620239,
        "full_results": {
          "acc,none": 0.8025027203482046,
          "acc_stderr,none": 0.009288578108523179,
          "acc_norm,none": 0.8226332970620239,
          "acc_norm_stderr,none": 0.008912193564745215,
          "alias": "piqa"
        }
      },
      "hellaswag": {
        "accuracy": 0.8046205935072694,
        "full_results": {
          "acc,none": 0.6092411870145389,
          "acc_stderr,none": 0.004869232758103666,
          "acc_norm,none": 0.8046205935072694,
          "acc_norm_stderr,none": 0.003956821705018579,
          "alias": "hellaswag"
        }
      },
      "winogrande": {
        "accuracy": 0.7379636937647988,
        "full_results": {
          "acc,none": 0.7379636937647988,
          "acc_stderr,none": 0.012358944431637653,
          "alias": "winogrande"
        }
      },
      "arc_easy": {
        "accuracy": 0.781986531986532,
        "full_results": {
          "acc,none": 0.7954545454545454,
          "acc_stderr,none": 0.008276958800002964,
          "acc_norm,none": 0.781986531986532,
          "acc_norm_stderr,none": 0.00847245930314547,
          "alias": "arc_easy"
        }
      },
      "arc_challenge": {
        "accuracy": 0.5221843003412969,
        "full_results": {
          "acc,none": 0.48976109215017066,
          "acc_stderr,none": 0.014608326906285005,
          "acc_norm,none": 0.5221843003412969,
          "acc_norm_stderr,none": 0.014597001927076213,
          "alias": "arc_challenge"
        }
      },
      "openbookqa": {
        "accuracy": 0.442,
        "full_results": {
          "acc,none": 0.33,
          "acc_stderr,none": 0.02104961216613478,
          "acc_norm,none": 0.442,
          "acc_norm_stderr,none": 0.022231970696321195,
          "alias": "openbookqa"
        }
      }
    },
    "avg_zeroshot_acc": 0.7046413334418734,
    "efficiency": {
      "model_info": {
        "total_params": 7248023552,
        "trainable_params": 7248023552,
        "total_params_M": 7248.023552,
        "total_params_B": 7.248023552,
        "num_layers": 32,
        "module_params": {
          "embedding": 134217728,
          "lm_head": 134217728,
          "final_norm": 4096,
          "attention": 1342177280,
          "mlp": 5637144576,
          "input_layernorm": 131072,
          "post_attention_layernorm": 131072,
          "total_accounted": 7248023552,
          "unaccounted": 0,
          "match": true
        },
        "attention_params": 1342177280,
        "mlp_params": 5637144576,
        "attention_params_M": 1342.17728,
        "mlp_params_M": 5637.144576,
        "attention_ratio": 0.18517838281991278,
        "mlp_ratio": 0.7777492078436337,
        "model_size_mb": 13824.508056640625,
        "model_size_gb": 13.50049614906311
      },
      "speed": {
        "batch_size_1": {
          "throughput_tokens_per_sec": 29.5347932647257,
          "latency_ms_per_token": 33.858371414244175,
          "total_time_sec": 216.69357705116272,
          "total_tokens": 6400
        },
        "batch_size_4": {
          "throughput_tokens_per_sec": 111.10108496015101,
          "latency_ms_per_token": 9.000812191516161,
          "total_time_sec": 55.30099010467529,
          "total_tokens": 6144
        }
      },
      "memory": {
        "model_memory_mb": 13832.63330078125,
        "inference_peak_mb": 13954.90478515625
      }
    }
  }
}