{
  "extreme_pruning_layers": [
    {
      "layer_idx": 29,
      "pruning_rate": 0.5293666294642857,
      "importance": 0.4183587517057146,
      "gradient_mean": 0.003498163488176134,
      "gradient_norm": 25.551721784803604
    },
    {
      "layer_idx": 30,
      "pruning_rate": 0.6232561383928571,
      "importance": 0.37877397877829416,
      "gradient_mean": 0.0039862845506933,
      "gradient_norm": 20.830550723605686
    },
    {
      "layer_idx": 31,
      "pruning_rate": 0.59130859375,
      "importance": 0.37952609785965513,
      "gradient_mean": 0.006115280505683687,
      "gradient_norm": 27.57339816623264
    }
  ],
  "num_extreme_layers": 3,
  "gradient_statistics": {
    "mean_range": [
      0.0025352914300229815,
      0.023724435932106443
    ],
    "mean_ratio": 9.357675695737992,
    "norm_range": [
      13.415924496120876,
      161.1055213080512
    ],
    "norm_ratio": 12.00852921864855
  },
  "diagnosis": []
}