{
  "0": 8.385238856077194,
  "1": 0.17421481013298035,
  "2": 0.2433663010597229,
  "3": 0.6112424433231354,
  "4": 0.6840132772922516,
  "5": 0.06110373139381409,
  "6": 0.07236850261688232,
  "7": 0.08045756816864014,
  "8": 0.05529284477233887,
  "9": 0.2046363651752472,
  "10": 0.025147616863250732,
  "11": 0.053719013929367065,
  "12": 0.014456033706665039,
  "13": 0.0066796839237213135,
  "14": 0.017450004816055298,
  "15": 0.009220689535140991,
  "16": 0.009664028882980347,
  "17": 0.012154817581176758,
  "18": 0.04467427730560303,
  "19": 0.13977974653244019,
  "20": 0.08891978859901428,
  "21": 0.03044763207435608,
  "22": 0.1261710226535797,
  "23": 0.16820743680000305,
  "24": 0.11830848455429077,
  "25": 0.15686088800430298,
  "26": 0.2715808153152466,
  "27": 1.3896980583667755
}