{
  "model_path": "results/search_Llama-Instruct_layerwise_20/exp_006_taylor_seq_len64_taylor_num_samples4/pruned_model.bin",
  "timestamp": "2025-12-02T13:31:19.500098",
  "metrics": {
    "model_info": {
      "total_params": 6424211456,
      "trainable_params": 6424211456,
      "total_params_M": 6424.211456,
      "total_params_B": 6.424211456,
      "num_layers": 32,
      "module_params": {
        "embedding": 525336576,
        "lm_head": 525336576,
        "final_norm": 4096,
        "attention": 927989760,
        "mlp": 4445282304,
        "input_layernorm": 131072,
        "post_attention_layernorm": 131072,
        "total_accounted": 6424211456,
        "unaccounted": 0,
        "match": true
      },
      "attention_params": 927989760,
      "mlp_params": 4445282304,
      "attention_params_M": 927.98976,
      "mlp_params_M": 4445.282304,
      "attention_ratio": 0.14445193256104427,
      "mlp_ratio": 0.6919576565071273,
      "model_size_mb": 12253.211181640625,
      "model_size_gb": 11.966026544570923
    },
    "ppl_quick_128": {
      "wikitext2 (wikitext-2-raw-v1)": 65.20635986328125,
      "ptb": 122.59685516357422
    },
    "ppl_standard_2048_512": {
      "wikitext2 (wikitext-2-raw-v1)": 37.347900390625,
      "ptb": 72.69766235351562
    },
    "ppl": {
      "wikitext2 (wikitext-2-raw-v1)": 37.347900390625,
      "ptb": 72.69766235351562
    },
    "zeroshot": {
      "boolq": {
        "accuracy": 0.5070336391437309,
        "full_results": {
          "acc,none": 0.5070336391437309,
          "acc_stderr,none": 0.008744189661475249,
          "alias": "boolq"
        }
      },
      "piqa": {
        "accuracy": 0.6556039173014145,
        "full_results": {
          "acc,none": 0.661588683351469,
          "acc_stderr,none": 0.011039817512986966,
          "acc_norm,none": 0.6556039173014145,
          "acc_norm_stderr,none": 0.011086521237125654,
          "alias": "piqa"
        }
      },
      "hellaswag": {
        "accuracy": 0.39404501095399325,
        "full_results": {
          "acc,none": 0.3287193786098387,
          "acc_stderr,none": 0.004687877183164448,
          "acc_norm,none": 0.39404501095399325,
          "acc_norm_stderr,none": 0.004876459434619992,
          "alias": "hellaswag"
        }
      },
      "winogrande": {
        "accuracy": 0.526440410418311,
        "full_results": {
          "acc,none": 0.526440410418311,
          "acc_stderr,none": 0.014032823874407293,
          "alias": "winogrande"
        }
      },
      "arc_easy": {
        "accuracy": 0.5235690235690236,
        "full_results": {
          "acc,none": 0.5597643097643098,
          "acc_stderr,none": 0.010186228624515719,
          "acc_norm,none": 0.5235690235690236,
          "acc_norm_stderr,none": 0.010248378585554071,
          "alias": "arc_easy"
        }
      },
      "arc_challenge": {
        "accuracy": 0.2645051194539249,
        "full_results": {
          "acc,none": 0.23378839590443687,
          "acc_stderr,none": 0.01236822537850722,
          "acc_norm,none": 0.2645051194539249,
          "acc_norm_stderr,none": 0.012889272949313479,
          "alias": "arc_challenge"
        }
      },
      "openbookqa": {
        "accuracy": 0.286,
        "full_results": {
          "acc,none": 0.178,
          "acc_stderr,none": 0.01712362218906232,
          "acc_norm,none": 0.286,
          "acc_norm_stderr,none": 0.020229346329177604,
          "alias": "openbookqa"
        }
      }
    },
    "avg_zeroshot_acc": 0.45102816012005686
  }
}