{
  "extreme_pruning_layers": [
    {
      "layer_idx": 11,
      "pruning_rate": 1.0,
      "importance": 0.08209606472934995,
      "gradient_mean": 0.0017705470737483767,
      "gradient_norm": 15.567793501747978
    },
    {
      "layer_idx": 16,
      "pruning_rate": 1.0,
      "importance": 0.0992970849786486,
      "gradient_mean": 0.001882367663913303,
      "gradient_norm": 15.48151041401757
    },
    {
      "layer_idx": 30,
      "pruning_rate": 0.7532784598214286,
      "importance": 0.13965447034154618,
      "gradient_mean": 0.0019361325022247103,
      "gradient_norm": 23.189020607206558
    },
    {
      "layer_idx": 31,
      "pruning_rate": 0.7710658482142857,
      "importance": 0.16532573848962784,
      "gradient_mean": 0.0024249419156048032,
      "gradient_norm": 28.34335735109117
    }
  ],
  "num_extreme_layers": 4,
  "gradient_statistics": {
    "mean_range": [
      0.0017438682003153695,
      0.0040753185749053955
    ],
    "mean_ratio": 2.336941714100999,
    "norm_range": [
      15.244133181042141,
      83.4881984922621
    ],
    "norm_ratio": 5.476742921371335
  },
  "diagnosis": []
}