{
  "model_path": "results/all_model_blockwise_128_128_8/Mistral-Instruct/magnitude/pruned_model.bin",
  "timestamp": "2025-12-11T21:21:51.074342",
  "metrics": {
    "model_info": {
      "total_params": 5798424576,
      "trainable_params": 5798424576,
      "total_params_M": 5798.424576,
      "total_params_B": 5.798424576,
      "num_layers": 32,
      "module_params": {
        "embedding": 134217728,
        "lm_head": 134217728,
        "final_norm": 4096,
        "attention": 1242562560,
        "mlp": 4287160320,
        "input_layernorm": 131072,
        "post_attention_layernorm": 131072,
        "total_accounted": 5798424576,
        "unaccounted": 0,
        "match": true
      },
      "attention_params": 1242562560,
      "mlp_params": 4287160320,
      "attention_params_M": 1242.56256,
      "mlp_params_M": 4287.16032,
      "attention_ratio": 0.21429313147282025,
      "mlp_ratio": 0.7393664026854456,
      "model_size_mb": 11059.617431640625,
      "model_size_gb": 10.800407648086548
    },
    "ppl_quick_128": {
      "wikitext2 (wikitext-2-raw-v1)": 7091.68505859375,
      "ptb": 4275.322265625
    },
    "ppl_standard_2048_512": {
      "wikitext2 (wikitext-2-raw-v1)": 3248.8232421875,
      "ptb": 2675.12353515625
    },
    "ppl": {
      "wikitext2 (wikitext-2-raw-v1)": 3248.8232421875,
      "ptb": 2675.12353515625
    },
    "zeroshot": {
      "boolq": {
        "accuracy": 0.381651376146789,
        "full_results": {
          "acc,none": 0.381651376146789,
          "acc_stderr,none": 0.00849655074117818,
          "alias": "boolq"
        }
      },
      "piqa": {
        "accuracy": 0.49782372143634385,
        "full_results": {
          "acc,none": 0.5250272034820457,
          "acc_stderr,none": 0.011651200967623562,
          "acc_norm,none": 0.49782372143634385,
          "acc_norm_stderr,none": 0.011665713661738719,
          "alias": "piqa"
        }
      },
      "hellaswag": {
        "accuracy": 0.25632344154550885,
        "full_results": {
          "acc,none": 0.2582154949213304,
          "acc_stderr,none": 0.004367586801776807,
          "acc_norm,none": 0.25632344154550885,
          "acc_norm_stderr,none": 0.0043571019842782825,
          "alias": "hellaswag"
        }
      },
      "winogrande": {
        "accuracy": 0.49013417521704816,
        "full_results": {
          "acc,none": 0.49013417521704816,
          "acc_stderr,none": 0.014049749833367674,
          "alias": "winogrande"
        }
      },
      "arc_easy": {
        "accuracy": 0.26851851851851855,
        "full_results": {
          "acc,none": 0.2588383838383838,
          "acc_stderr,none": 0.008987501845757919,
          "acc_norm,none": 0.26851851851851855,
          "acc_norm_stderr,none": 0.009094042554994908,
          "alias": "arc_easy"
        }
      },
      "arc_challenge": {
        "accuracy": 0.27986348122866894,
        "full_results": {
          "acc,none": 0.2150170648464164,
          "acc_stderr,none": 0.012005717634133543,
          "acc_norm,none": 0.27986348122866894,
          "acc_norm_stderr,none": 0.013119040897726017,
          "alias": "arc_challenge"
        }
      },
      "openbookqa": {
        "accuracy": 0.244,
        "full_results": {
          "acc,none": 0.134,
          "acc_stderr,none": 0.01524969200385453,
          "acc_norm,none": 0.244,
          "acc_norm_stderr,none": 0.019226734893614636,
          "alias": "openbookqa"
        }
      }
    },
    "avg_zeroshot_acc": 0.34547353058469676
  }
}