{
  "0": 8.303988754749298,
  "1": 0.38626933097839355,
  "2": 0.5669499635696411,
  "3": 0.9514862298965454,
  "4": 1.9192748665809631,
  "5": 0.3416404128074646,
  "6": 0.2912590503692627,
  "7": 0.24323540925979614,
  "8": 0.15652251243591309,
  "9": 0.5770058631896973,
  "10": 0.18978649377822876,
  "11": 0.2975367307662964,
  "12": 0.22438925504684448,
  "13": 0.07959479093551636,
  "14": 0.03504246473312378,
  "15": 0.015440881252288818,
  "16": -0.006958425045013428,
  "17": 0.003625035285949707,
  "18": 0.07801920175552368,
  "19": 0.1345704197883606,
  "20": 0.12487536668777466,
  "21": 0.05812257528305054,
  "22": 0.19676244258880615,
  "23": 0.2833482623100281,
  "24": 0.2868378162384033,
  "25": 0.32034361362457275,
  "26": 0.4747878313064575,
  "27": 2.094533860683441
}