{
  "extreme_pruning_layers": [],
  "num_extreme_layers": 0,
  "gradient_statistics": {
    "mean_range": [
      0.019079999791251287,
      0.383864121304618
    ],
    "mean_ratio": 20.118664753275517,
    "norm_range": [
      108.26521470811632,
      1479.5629340277778
    ],
    "norm_ratio": 13.66609707481135
  },
  "diagnosis": []
}