{
  "model_path": "results/search_mistral_layerwise_20/exp_002_taylor_seq_len16_taylor_num_samples256/pruned_model.bin",
  "timestamp": "2025-11-30T23:03:58.943268",
  "metrics": {
    "model_info": {
      "total_params": 5798424576,
      "trainable_params": 5798424576,
      "total_params_M": 5798.424576,
      "total_params_B": 5.798424576,
      "num_layers": 32,
      "module_params": {
        "embedding": 134217728,
        "lm_head": 134217728,
        "final_norm": 4096,
        "attention": 1006632960,
        "mlp": 4523089920,
        "input_layernorm": 131072,
        "post_attention_layernorm": 131072,
        "total_accounted": 5798424576,
        "unaccounted": 0,
        "match": true
      },
      "attention_params": 1006632960,
      "mlp_params": 4523089920,
      "attention_params_M": 1006.63296,
      "mlp_params_M": 4523.08992,
      "attention_ratio": 0.17360456220582907,
      "mlp_ratio": 0.7800549719524368,
      "model_size_mb": 11059.617431640625,
      "model_size_gb": 10.800407648086548
    },
    "ppl_quick_128": {
      "wikitext2 (wikitext-2-raw-v1)": 22.88524627685547,
      "ptb": 114.05948638916016
    },
    "ppl_standard_2048_512": {
      "wikitext2 (wikitext-2-raw-v1)": 12.581755638122559,
      "ptb": 91.39637756347656
    },
    "ppl": {
      "wikitext2 (wikitext-2-raw-v1)": 12.581755638122559,
      "ptb": 91.39637756347656
    },
    "zeroshot": {
      "boolq": {
        "accuracy": 0.4874617737003058,
        "full_results": {
          "acc,none": 0.4874617737003058,
          "acc_stderr,none": 0.0087423049742181,
          "alias": "boolq"
        }
      },
      "piqa": {
        "accuracy": 0.749183895538629,
        "full_results": {
          "acc,none": 0.7377584330794341,
          "acc_stderr,none": 0.010262502565172393,
          "acc_norm,none": 0.749183895538629,
          "acc_norm_stderr,none": 0.010113869547069011,
          "alias": "piqa"
        }
      },
      "hellaswag": {
        "accuracy": 0.559151563433579,
        "full_results": {
          "acc,none": 0.40679147580163316,
          "acc_stderr,none": 0.004902314055725347,
          "acc_norm,none": 0.559151563433579,
          "acc_norm_stderr,none": 0.0049547408088372324,
          "alias": "hellaswag"
        }
      },
      "winogrande": {
        "accuracy": 0.5398579321231255,
        "full_results": {
          "acc,none": 0.5398579321231255,
          "acc_stderr,none": 0.014007765428365244,
          "alias": "winogrande"
        }
      },
      "arc_easy": {
        "accuracy": 0.5526094276094277,
        "full_results": {
          "acc,none": 0.6313131313131313,
          "acc_stderr,none": 0.009899640855681058,
          "acc_norm,none": 0.5526094276094277,
          "acc_norm_stderr,none": 0.010202832385415715,
          "alias": "arc_easy"
        }
      },
      "arc_challenge": {
        "accuracy": 0.28498293515358364,
        "full_results": {
          "acc,none": 0.26621160409556316,
          "acc_stderr,none": 0.012915774781523113,
          "acc_norm,none": 0.28498293515358364,
          "acc_norm_stderr,none": 0.013191348179838755,
          "alias": "arc_challenge"
        }
      },
      "openbookqa": {
        "accuracy": 0.36,
        "full_results": {
          "acc,none": 0.22,
          "acc_stderr,none": 0.01854421137582028,
          "acc_norm,none": 0.36,
          "acc_norm_stderr,none": 0.02148775108972057,
          "alias": "openbookqa"
        }
      }
    },
    "avg_zeroshot_acc": 0.504749646794093
  }
}