{
  "extreme_pruning_layers": [],
  "num_extreme_layers": 0,
  "gradient_statistics": {
    "mean_range": [
      0.005848285224702623,
      0.10459410399198532
    ],
    "mean_ratio": 17.884576108178134,
    "norm_range": [
      32.76910146077474,
      406.22650824652777
    ],
    "norm_ratio": 12.396632502467277
  },
  "diagnosis": []
}