{
  "attention": {
    "0": 6.751653879880905,
    "1": 1.2713057100772858,
    "2": 0.35399994254112244,
    "3": 0.1290084421634674,
    "4": 0.13092565536499023,
    "5": 0.08413276076316833,
    "6": 0.06874766945838928,
    "7": 0.07914486527442932,
    "8": 0.06100338697433472,
    "9": 0.08449727296829224,
    "10": 0.013051420450210571,
    "11": 0.027854323387145996,
    "12": 0.03627792000770569,
    "13": 0.004801273345947266,
    "14": 0.015480905771255493,
    "15": 0.040077537298202515,
    "16": 0.0383378267288208,
    "17": 0.0344429612159729,
    "18": 0.06461220979690552,
    "19": 0.07267284393310547,
    "20": 0.035850971937179565,
    "21": 0.03164267539978027,
    "22": 0.04858213663101196,
    "23": 0.07222780585289001,
    "24": 0.02022320032119751,
    "25": 0.03806108236312866,
    "26": 0.03188115358352661,
    "27": 0.6893462836742401
  },
  "mlp": {
    "0": 0.8043303787708282,
    "1": 8.51189860701561,
    "2": 4.995618671178818,
    "3": 3.9888151586055756,
    "4": 3.2811990678310394,
    "5": 2.2518604695796967,
    "6": 0.2910328209400177,
    "7": 0.15678831934928894,
    "8": 0.10647240281105042,
    "9": 0.24762248992919922,
    "10": 0.09881192445755005,
    "11": 0.12532082200050354,
    "12": 0.09616932272911072,
    "13": 0.06759652495384216,
    "14": 0.048769742250442505,
    "15": 0.054089128971099854,
    "16": 0.04608854651451111,
    "17": 0.04916921257972717,
    "18": 0.04298722743988037,
    "19": 0.08050388097763062,
    "20": 0.10073962807655334,
    "21": 0.07289156317710876,
    "22": 0.1550518274307251,
    "23": 0.1532476842403412,
    "24": 0.13820788264274597,
    "25": 0.15423938632011414,
    "26": 0.2451155185699463,
    "27": 0.8978450000286102
  }
}