{
  "attention": {
    "0": 7.006770431995392,
    "1": 5.466923773288727,
    "2": 6.279204189777374,
    "3": 5.560862958431244,
    "4": 5.79484361410141,
    "5": 5.711120069026947,
    "6": 5.38465815782547,
    "7": 5.375785529613495,
    "8": 5.259947240352631,
    "9": 5.465433418750763,
    "10": 5.312193214893341,
    "11": 5.3453773856163025,
    "12": 5.497462213039398,
    "13": 5.3929800391197205,
    "14": 5.430457651615143,
    "15": 5.170036613941193,
    "16": 5.020666539669037,
    "17": 4.22783499956131,
    "18": 4.113695800304413,
    "19": 3.7124497294425964,
    "20": 3.483854115009308,
    "21": 3.273753821849823,
    "22": 3.1162917017936707,
    "23": 2.8827860951423645,
    "24": 2.754596769809723,
    "25": 2.669726073741913,
    "26": 2.25858873128891,
    "27": 2.0345608592033386,
    "28": 1.5322850346565247,
    "29": 1.1665723323822021,
    "30": 0.7352728247642517,
    "31": 0.30680474638938904
  },
  "mlp": {
    "0": 6.218212187290192,
    "1": 6.825677692890167,
    "2": 5.040993511676788,
    "3": 5.46169775724411,
    "4": 5.702639520168304,
    "5": 5.775276482105255,
    "6": 5.352621376514435,
    "7": 5.401424944400787,
    "8": 5.1575194001197815,
    "9": 5.1456093192100525,
    "10": 4.790834367275238,
    "11": 4.677532732486725,
    "12": 4.807751834392548,
    "13": 4.845803320407867,
    "14": 4.46307498216629,
    "15": 4.426179349422455,
    "16": 4.526435554027557,
    "17": 4.058683335781097,
    "18": 3.8969902396202087,
    "19": 3.623798668384552,
    "20": 3.667295515537262,
    "21": 3.790107786655426,
    "22": 3.705508768558502,
    "23": 3.5871134400367737,
    "24": 3.42852383852005,
    "25": 3.26360946893692,
    "26": 2.90718275308609,
    "27": 2.5145679116249084,
    "28": 1.8727689385414124,
    "29": 1.3370886445045471,
    "30": 0.7998833656311035,
    "31": 0.40121275186538696
  }
}