{
  "model_path": "results/search_Mistral-Instruct_blockwise_20/exp_019_taylor_seq_len256_taylor_num_samples256/pruned_model.bin",
  "timestamp": "2025-12-02T04:52:56.174006",
  "metrics": {
    "model_info": {
      "total_params": 5798420480,
      "trainable_params": 5798420480,
      "total_params_M": 5798.42048,
      "total_params_B": 5.79842048,
      "num_layers": 32,
      "module_params": {
        "embedding": 134217728,
        "lm_head": 134217728,
        "final_norm": 4096,
        "attention": 1342177280,
        "mlp": 4187541504,
        "input_layernorm": 131072,
        "post_attention_layernorm": 131072,
        "total_accounted": 5798420480,
        "unaccounted": 0,
        "match": true
      },
      "attention_params": 1342177280,
      "mlp_params": 4187541504,
      "attention_params_M": 1342.17728,
      "mlp_params_M": 4187.541504,
      "attention_ratio": 0.23147291311995366,
      "mlp_ratio": 0.7221865883034408,
      "model_size_mb": 11059.609619140625,
      "model_size_gb": 10.800400018692017
    },
    "ppl_quick_128": {
      "wikitext2 (wikitext-2-raw-v1)": 48.000091552734375,
      "ptb": 172.9008026123047
    },
    "ppl_standard_2048_512": {
      "wikitext2 (wikitext-2-raw-v1)": 24.069923400878906,
      "ptb": 114.25022888183594
    },
    "ppl": {
      "wikitext2 (wikitext-2-raw-v1)": 24.069923400878906,
      "ptb": 114.25022888183594
    },
    "zeroshot": {
      "boolq": {
        "accuracy": 0.5571865443425077,
        "full_results": {
          "acc,none": 0.5571865443425077,
          "acc_stderr,none": 0.00868766876693075,
          "alias": "boolq"
        }
      },
      "piqa": {
        "accuracy": 0.6474428726877041,
        "full_results": {
          "acc,none": 0.64689880304679,
          "acc_stderr,none": 0.011150983944502387,
          "acc_norm,none": 0.6474428726877041,
          "acc_norm_stderr,none": 0.011147074365010454,
          "alias": "piqa"
        }
      },
      "hellaswag": {
        "accuracy": 0.45309699263095,
        "full_results": {
          "acc,none": 0.3657637920732922,
          "acc_stderr,none": 0.00480659342494242,
          "acc_norm,none": 0.45309699263095,
          "acc_norm_stderr,none": 0.004967778940012014,
          "alias": "hellaswag"
        }
      },
      "winogrande": {
        "accuracy": 0.5359116022099447,
        "full_results": {
          "acc,none": 0.5359116022099447,
          "acc_stderr,none": 0.014016193433958156,
          "alias": "winogrande"
        }
      },
      "arc_easy": {
        "accuracy": 0.5138888888888888,
        "full_results": {
          "acc,none": 0.5631313131313131,
          "acc_stderr,none": 0.0101776729281577,
          "acc_norm,none": 0.5138888888888888,
          "acc_norm_stderr,none": 0.010255824507190398,
          "alias": "arc_easy"
        }
      },
      "arc_challenge": {
        "accuracy": 0.27559726962457337,
        "full_results": {
          "acc,none": 0.26023890784982934,
          "acc_stderr,none": 0.012821930225112672,
          "acc_norm,none": 0.27559726962457337,
          "acc_norm_stderr,none": 0.013057169655761753,
          "alias": "arc_challenge"
        }
      },
      "openbookqa": {
        "accuracy": 0.296,
        "full_results": {
          "acc,none": 0.182,
          "acc_stderr,none": 0.017272773297730436,
          "acc_norm,none": 0.296,
          "acc_norm_stderr,none": 0.020435342091896222,
          "alias": "openbookqa"
        }
      }
    },
    "avg_zeroshot_acc": 0.46844631005493836
  }
}