{
  "model_path": "results/search_Llama-Instruct_blockwise_20/exp_010_taylor_seq_len64_taylor_num_samples512/pruned_model.bin",
  "timestamp": "2025-12-02T14:47:04.135046",
  "metrics": {
    "model_info": {
      "total_params": 6424219648,
      "trainable_params": 6424219648,
      "total_params_M": 6424.219648,
      "total_params_B": 6.424219648,
      "num_layers": 32,
      "module_params": {
        "embedding": 525336576,
        "lm_head": 525336576,
        "final_norm": 4096,
        "attention": 1184890880,
        "mlp": 4188389376,
        "input_layernorm": 131072,
        "post_attention_layernorm": 131072,
        "total_accounted": 6424219648,
        "unaccounted": 0,
        "match": true
      },
      "attention_params": 1184890880,
      "mlp_params": 4188389376,
      "attention_params_M": 1184.89088,
      "mlp_params_M": 4188.389376,
      "attention_ratio": 0.18444121541966307,
      "mlp_ratio": 0.6519685822548015,
      "model_size_mb": 12253.226806640625,
      "model_size_gb": 11.966041803359985
    },
    "ppl_quick_128": {
      "wikitext2 (wikitext-2-raw-v1)": 38.07818603515625,
      "ptb": 54.034915924072266
    },
    "ppl_standard_2048_512": {
      "wikitext2 (wikitext-2-raw-v1)": 15.098211288452148,
      "ptb": 20.511253356933594
    },
    "ppl": {
      "wikitext2 (wikitext-2-raw-v1)": 15.098211288452148,
      "ptb": 20.511253356933594
    },
    "zeroshot": {
      "boolq": {
        "accuracy": 0.8318042813455657,
        "full_results": {
          "acc,none": 0.8318042813455657,
          "acc_stderr,none": 0.006542000663167939,
          "alias": "boolq"
        }
      },
      "piqa": {
        "accuracy": 0.7295973884657236,
        "full_results": {
          "acc,none": 0.7241566920565833,
          "acc_stderr,none": 0.010427805502729186,
          "acc_norm,none": 0.7295973884657236,
          "acc_norm_stderr,none": 0.010363167031620654,
          "alias": "piqa"
        }
      },
      "hellaswag": {
        "accuracy": 0.6601274646484764,
        "full_results": {
          "acc,none": 0.47829117705636326,
          "acc_stderr,none": 0.004985076094464659,
          "acc_norm,none": 0.6601274646484764,
          "acc_norm_stderr,none": 0.004726976607130948,
          "alias": "hellaswag"
        }
      },
      "winogrande": {
        "accuracy": 0.691397000789266,
        "full_results": {
          "acc,none": 0.691397000789266,
          "acc_stderr,none": 0.012982160200926605,
          "alias": "winogrande"
        }
      },
      "arc_easy": {
        "accuracy": 0.6401515151515151,
        "full_results": {
          "acc,none": 0.7125420875420876,
          "acc_stderr,none": 0.009286682281593562,
          "acc_norm,none": 0.6401515151515151,
          "acc_norm_stderr,none": 0.009848484848484848,
          "alias": "arc_easy"
        }
      },
      "arc_challenge": {
        "accuracy": 0.42918088737201365,
        "full_results": {
          "acc,none": 0.4232081911262799,
          "acc_stderr,none": 0.014438036220848015,
          "acc_norm,none": 0.42918088737201365,
          "acc_norm_stderr,none": 0.014464085894870677,
          "alias": "arc_challenge"
        }
      },
      "openbookqa": {
        "accuracy": 0.368,
        "full_results": {
          "acc,none": 0.252,
          "acc_stderr,none": 0.019435727282249564,
          "acc_norm,none": 0.368,
          "acc_norm_stderr,none": 0.021588982568353548,
          "alias": "openbookqa"
        }
      }
    },
    "avg_zeroshot_acc": 0.6214655053960801
  }
}