{
  "model_path": "results/search_Llama-Instruct_blockwise_20/exp_010_taylor_seq_len64_taylor_num_samples512/pruned_model.bin",
  "timestamp": "2025-12-01T20:04:10.130984",
  "metrics": {
    "model_info": {
      "total_params": 6424215552,
      "trainable_params": 6424215552,
      "total_params_M": 6424.215552,
      "total_params_B": 6.424215552,
      "num_layers": 32,
      "module_params": {
        "embedding": 525336576,
        "lm_head": 525336576,
        "final_norm": 4096,
        "attention": 1300234240,
        "mlp": 4073041920,
        "input_layernorm": 131072,
        "post_attention_layernorm": 131072,
        "total_accounted": 6424215552,
        "unaccounted": 0,
        "match": true
      },
      "attention_params": 1300234240,
      "mlp_params": 4073041920,
      "attention_params_M": 1300.23424,
      "mlp_params_M": 4073.04192,
      "attention_ratio": 0.2023957990630013,
      "mlp_ratio": 0.6340138943083833,
      "model_size_mb": 12253.218994140625,
      "model_size_gb": 11.966034173965454
    },
    "ppl_quick_128": {
      "wikitext2 (wikitext-2-raw-v1)": 39.062252044677734,
      "ptb": 54.460601806640625
    },
    "ppl_standard_2048_512": {
      "wikitext2 (wikitext-2-raw-v1)": 15.39830207824707,
      "ptb": 20.78585433959961
    },
    "ppl": {
      "wikitext2 (wikitext-2-raw-v1)": 15.39830207824707,
      "ptb": 20.78585433959961
    },
    "zeroshot": {
      "boolq": {
        "accuracy": 0.7091743119266055,
        "full_results": {
          "acc,none": 0.7091743119266055,
          "acc_stderr,none": 0.007943015679324308,
          "alias": "boolq"
        }
      },
      "piqa": {
        "accuracy": 0.7306855277475517,
        "full_results": {
          "acc,none": 0.7230685527747551,
          "acc_stderr,none": 0.010440499969334648,
          "acc_norm,none": 0.7306855277475517,
          "acc_norm_stderr,none": 0.010350004070588812,
          "alias": "piqa"
        }
      },
      "hellaswag": {
        "accuracy": 0.6566421031666999,
        "full_results": {
          "acc,none": 0.47868950408285205,
          "acc_stderr,none": 0.004985247260303788,
          "acc_norm,none": 0.6566421031666999,
          "acc_norm_stderr,none": 0.004738592900280155,
          "alias": "hellaswag"
        }
      },
      "winogrande": {
        "accuracy": 0.7016574585635359,
        "full_results": {
          "acc,none": 0.7016574585635359,
          "acc_stderr,none": 0.012858885010030283,
          "alias": "winogrande"
        }
      },
      "arc_easy": {
        "accuracy": 0.6481481481481481,
        "full_results": {
          "acc,none": 0.6990740740740741,
          "acc_stderr,none": 0.009411516193787045,
          "acc_norm,none": 0.6481481481481481,
          "acc_norm_stderr,none": 0.009799078929868853,
          "alias": "arc_easy"
        }
      },
      "arc_challenge": {
        "accuracy": 0.4300341296928328,
        "full_results": {
          "acc,none": 0.42406143344709896,
          "acc_stderr,none": 0.014441889627464344,
          "acc_norm,none": 0.4300341296928328,
          "acc_norm_stderr,none": 0.014467631559137991,
          "alias": "arc_challenge"
        }
      },
      "openbookqa": {
        "accuracy": 0.37,
        "full_results": {
          "acc,none": 0.26,
          "acc_stderr,none": 0.019635965529725526,
          "acc_norm,none": 0.37,
          "acc_norm_stderr,none": 0.021613289165165816,
          "alias": "openbookqa"
        }
      }
    },
    "avg_zeroshot_acc": 0.6066202398921963
  }
}