{
  "model_path": "results/search_Qwen-Instruct_layerwise_20/exp_008_taylor_seq_len64_taylor_num_samples128/pruned_model.bin",
  "timestamp": "2025-12-02T22:12:45.726321",
  "metrics": {
    "model_info": {
      "total_params": 6092493056,
      "trainable_params": 6092493056,
      "total_params_M": 6092.493056,
      "total_params_B": 6.092493056,
      "num_layers": 28,
      "module_params": {
        "embedding": 544997376,
        "lm_head": 544997376,
        "final_norm": 3584,
        "attention": 807530240,
        "mlp": 4194763776,
        "input_layernorm": 100352,
        "post_attention_layernorm": 100352,
        "total_accounted": 6092493056,
        "unaccounted": 0,
        "match": true
      },
      "attention_params": 807530240,
      "mlp_params": 4194763776,
      "attention_params_M": 807.53024,
      "mlp_params_M": 4194.763776,
      "attention_ratio": 0.13254512275639432,
      "mlp_ratio": 0.6885135095671416,
      "model_size_mb": 11620.508544921875,
      "model_size_gb": 11.348152875900269
    },
    "ppl_quick_128": {
      "wikitext2 (wikitext-2-raw-v1)": 37.11418914794922,
      "ptb": 57.832801818847656
    },
    "ppl_standard_2048_512": {
      "wikitext2 (wikitext-2-raw-v1)": 14.883255004882812,
      "ptb": 21.740365982055664
    },
    "ppl": {
      "wikitext2 (wikitext-2-raw-v1)": 14.883255004882812,
      "ptb": 21.740365982055664
    },
    "zeroshot": {
      "boolq": {
        "accuracy": 0.8412844036697248,
        "full_results": {
          "acc,none": 0.8412844036697248,
          "acc_stderr,none": 0.006391072749843351,
          "alias": "boolq"
        }
      },
      "piqa": {
        "accuracy": 0.7241566920565833,
        "full_results": {
          "acc,none": 0.7181719260065288,
          "acc_stderr,none": 0.010496675231258095,
          "acc_norm,none": 0.7241566920565833,
          "acc_norm_stderr,none": 0.010427805502729186,
          "alias": "piqa"
        }
      },
      "hellaswag": {
        "accuracy": 0.6527584146584345,
        "full_results": {
          "acc,none": 0.4772953594901414,
          "acc_stderr,none": 0.004984634285101701,
          "acc_norm,none": 0.6527584146584345,
          "acc_norm_stderr,none": 0.0047512033788882566,
          "alias": "hellaswag"
        }
      },
      "winogrande": {
        "accuracy": 0.6219415943172849,
        "full_results": {
          "acc,none": 0.6219415943172849,
          "acc_stderr,none": 0.013628165460523242,
          "alias": "winogrande"
        }
      },
      "arc_easy": {
        "accuracy": 0.6001683501683501,
        "full_results": {
          "acc,none": 0.6515151515151515,
          "acc_stderr,none": 0.009777377947106498,
          "acc_norm,none": 0.6001683501683501,
          "acc_norm_stderr,none": 0.010051788039412915,
          "alias": "arc_easy"
        }
      },
      "arc_challenge": {
        "accuracy": 0.4035836177474403,
        "full_results": {
          "acc,none": 0.37542662116040953,
          "acc_stderr,none": 0.014150631435111728,
          "acc_norm,none": 0.4035836177474403,
          "acc_norm_stderr,none": 0.014337158914268453,
          "alias": "arc_challenge"
        }
      },
      "openbookqa": {
        "accuracy": 0.342,
        "full_results": {
          "acc,none": 0.23,
          "acc_stderr,none": 0.018839050391123182,
          "acc_norm,none": 0.342,
          "acc_norm_stderr,none": 0.021236147199899316,
          "alias": "openbookqa"
        }
      }
    },
    "avg_zeroshot_acc": 0.5979847246596882
  }
}