{
  "0": 5.415936083214305,
  "1": 3.7621210855115614,
  "2": 0.13638135822391195,
  "3": 0.1240897284304241,
  "4": 0.08354804118474313,
  "5": 0.09822574625505442,
  "6": 0.07200539793552263,
  "7": 0.06433500677254322,
  "8": 0.046065392449637255,
  "9": 0.03038896129138724,
  "10": 0.02778258034001979,
  "11": 0.02102959727943876,
  "12": 0.010479670577331568,
  "13": 0.04645727664882138,
  "14": 0.06838930882397465,
  "15": 0.08973153339368167,
  "16": 0.11750255841703794,
  "17": 0.14142017646742033,
  "18": 0.12516657459401648,
  "19": 0.0863620543034278,
  "20": 0.09444875007849252,
  "21": 0.08610959803203944,
  "22": 0.09580900773081069,
  "23": 0.06077212956835565,
  "24": 0.08474062046157993,
  "25": 0.034579263075118494,
  "26": 0.035046194312728485,
  "27": 0.17407280652322488,
  "28": 0.10630996268114945,
  "29": 0.22837472931246872,
  "30": 0.2877211989643418,
  "31": 1.3024186169247014
}