{
  "params": {},
  "metrics": {
    "acc_mean": 0.6096022676937657,
    "ppl": 14.920433044433594,
    "grad_norm_ratio": 5.599357574305292
  },
  "output_dir": "results/search_Qwen_20/exp_004_taylor_seq_len32_taylor_num_samples128"
}