{
  "model_path": "results/search_Qwen_blockwise_20/exp_002_taylor_seq_len16_taylor_num_samples256/pruned_model.bin",
  "timestamp": "2025-11-30T23:19:15.480945",
  "metrics": {
    "model_info": {
      "total_params": 6092422912,
      "trainable_params": 6092422912,
      "total_params_M": 6092.422912,
      "total_params_B": 6.092422912,
      "num_layers": 28,
      "module_params": {
        "embedding": 544997376,
        "lm_head": 544997376,
        "final_norm": 3584,
        "attention": 337694464,
        "mlp": 4664529408,
        "input_layernorm": 100352,
        "post_attention_layernorm": 100352,
        "total_accounted": 6092422912,
        "unaccounted": 0,
        "match": true
      },
      "attention_params": 337694464,
      "mlp_params": 4664529408,
      "attention_params_M": 337.694464,
      "mlp_params_M": 4664.529408,
      "attention_ratio": 0.05542859858511411,
      "mlp_ratio": 0.7656279735296222,
      "model_size_mb": 11620.374755859375,
      "model_size_gb": 11.348022222518921
    },
    "ppl_quick_128": {
      "wikitext2 (wikitext-2-raw-v1)": 169.2924346923828,
      "ptb": 438.8053283691406
    },
    "ppl_standard_2048_512": {
      "wikitext2 (wikitext-2-raw-v1)": 166.5930938720703,
      "ptb": 328.7933044433594
    },
    "ppl": {
      "wikitext2 (wikitext-2-raw-v1)": 166.5930938720703,
      "ptb": 328.7933044433594
    },
    "zeroshot": {
      "boolq": {
        "accuracy": 0.4073394495412844,
        "full_results": {
          "acc,none": 0.4073394495412844,
          "acc_stderr,none": 0.008593573302606825,
          "alias": "boolq"
        }
      },
      "piqa": {
        "accuracy": 0.6485310119695321,
        "full_results": {
          "acc,none": 0.6485310119695321,
          "acc_stderr,none": 0.011139207691931123,
          "acc_norm,none": 0.6485310119695321,
          "acc_norm_stderr,none": 0.011139207691931123,
          "alias": "piqa"
        }
      },
      "hellaswag": {
        "accuracy": 0.4336785500896236,
        "full_results": {
          "acc,none": 0.33897629954192393,
          "acc_stderr,none": 0.004723943549006124,
          "acc_norm,none": 0.4336785500896236,
          "acc_norm_stderr,none": 0.004945691164809835,
          "alias": "hellaswag"
        }
      },
      "winogrande": {
        "accuracy": 0.5185477505919495,
        "full_results": {
          "acc,none": 0.5185477505919495,
          "acc_stderr,none": 0.014042813708888347,
          "alias": "winogrande"
        }
      },
      "arc_easy": {
        "accuracy": 0.39015151515151514,
        "full_results": {
          "acc,none": 0.4297138047138047,
          "acc_stderr,none": 0.010157908005763489,
          "acc_norm,none": 0.39015151515151514,
          "acc_norm_stderr,none": 0.010009118166667455,
          "alias": "arc_easy"
        }
      },
      "arc_challenge": {
        "accuracy": 0.30631399317406144,
        "full_results": {
          "acc,none": 0.2636518771331058,
          "acc_stderr,none": 0.012875929151296968,
          "acc_norm,none": 0.30631399317406144,
          "acc_norm_stderr,none": 0.013470584417276554,
          "alias": "arc_challenge"
        }
      },
      "openbookqa": {
        "accuracy": 0.32,
        "full_results": {
          "acc,none": 0.194,
          "acc_stderr,none": 0.017701827855304598,
          "acc_norm,none": 0.32,
          "acc_norm_stderr,none": 0.02088234048876172,
          "alias": "openbookqa"
        }
      }
    },
    "avg_zeroshot_acc": 0.43208032435970944
  }
}