{
  "model_path": "results/search_Llama_blockwise_20/exp_014_taylor_seq_len128_taylor_num_samples256/pruned_model.bin",
  "timestamp": "2025-12-01T21:23:00.260787",
  "metrics": {
    "model_info": {
      "total_params": 6424211456,
      "trainable_params": 6424211456,
      "total_params_M": 6424.211456,
      "total_params_B": 6.424211456,
      "num_layers": 32,
      "module_params": {
        "embedding": 525336576,
        "lm_head": 525336576,
        "final_norm": 4096,
        "attention": 1305477120,
        "mlp": 4067794944,
        "input_layernorm": 131072,
        "post_attention_layernorm": 131072,
        "total_accounted": 6424211456,
        "unaccounted": 0,
        "match": true
      },
      "attention_params": 1305477120,
      "mlp_params": 4067794944,
      "attention_params_M": 1305.47712,
      "mlp_params_M": 4067.794944,
      "attention_ratio": 0.20321204072146906,
      "mlp_ratio": 0.6331975483467025,
      "model_size_mb": 12253.211181640625,
      "model_size_gb": 11.966026544570923
    },
    "ppl_quick_128": {
      "wikitext2 (wikitext-2-raw-v1)": 34.439762115478516,
      "ptb": 51.31818771362305
    },
    "ppl_standard_2048_512": {
      "wikitext2 (wikitext-2-raw-v1)": 13.684122085571289,
      "ptb": 18.159286499023438
    },
    "ppl": {
      "wikitext2 (wikitext-2-raw-v1)": 13.684122085571289,
      "ptb": 18.159286499023438
    },
    "zeroshot": {
      "boolq": {
        "accuracy": 0.7009174311926606,
        "full_results": {
          "acc,none": 0.7009174311926606,
          "acc_stderr,none": 0.008007953102490825,
          "alias": "boolq"
        }
      },
      "piqa": {
        "accuracy": 0.7410228509249184,
        "full_results": {
          "acc,none": 0.7247007616974973,
          "acc_stderr,none": 0.010421429277369502,
          "acc_norm,none": 0.7410228509249184,
          "acc_norm_stderr,none": 0.01022096603140558,
          "alias": "piqa"
        }
      },
      "hellaswag": {
        "accuracy": 0.6398127862975503,
        "full_results": {
          "acc,none": 0.4662417845050787,
          "acc_stderr,none": 0.004978395540514315,
          "acc_norm,none": 0.6398127862975503,
          "acc_norm_stderr,none": 0.004790734683704785,
          "alias": "hellaswag"
        }
      },
      "winogrande": {
        "accuracy": 0.6937647987371744,
        "full_results": {
          "acc,none": 0.6937647987371744,
          "acc_stderr,none": 0.01295438597280241,
          "alias": "winogrande"
        }
      },
      "arc_easy": {
        "accuracy": 0.5993265993265994,
        "full_results": {
          "acc,none": 0.6283670033670034,
          "acc_stderr,none": 0.009915897123658517,
          "acc_norm,none": 0.5993265993265994,
          "acc_norm_stderr,none": 0.010055304474255589,
          "alias": "arc_easy"
        }
      },
      "arc_challenge": {
        "accuracy": 0.39761092150170646,
        "full_results": {
          "acc,none": 0.36945392491467577,
          "acc_stderr,none": 0.014104578366491963,
          "acc_norm,none": 0.39761092150170646,
          "acc_norm_stderr,none": 0.014301752223279512,
          "alias": "arc_challenge"
        }
      },
      "openbookqa": {
        "accuracy": 0.382,
        "full_results": {
          "acc,none": 0.28,
          "acc_stderr,none": 0.020099950647503192,
          "acc_norm,none": 0.382,
          "acc_norm_stderr,none": 0.02175082059125093,
          "alias": "openbookqa"
        }
      }
    },
    "avg_zeroshot_acc": 0.5934936268543728
  }
}