{
  "extreme_pruning_layers": [],
  "num_extreme_layers": 0,
  "gradient_statistics": {
    "mean_range": [
      0.0070253825849956935,
      0.10636888465119733
    ],
    "mean_ratio": 15.140653459116518,
    "norm_range": [
      38.18878587086996,
      422.3015492757161
    ],
    "norm_ratio": 11.058260681619048
  },
  "diagnosis": []
}