{
  "0": 8.135206470489502,
  "1": 0.15517323493957536,
  "2": 0.26834077835083026,
  "3": 0.804426908493042,
  "4": 1.5094912815093995,
  "5": 0.2526880550384525,
  "6": 0.32272360801696776,
  "7": 0.13948650836944587,
  "8": 0.0913472080230715,
  "9": 0.43323339462280286,
  "10": 0.092674345970154,
  "11": 0.22422993659973178,
  "12": 0.17754091262817395,
  "13": 0.06497053146362308,
  "14": 0.025133252143859863,
  "15": 0.020647974014282422,
  "16": 0.0053855991363525035,
  "17": 0.014543924331665181,
  "18": 0.01666496276855467,
  "19": 0.058233103752136195,
  "20": 0.052313513755798624,
  "21": 0.06171645641326906,
  "22": 0.12548387527465854,
  "23": 0.15468588352203394,
  "24": 0.1885118722915653,
  "25": 0.21909414291381868,
  "26": 0.4148688411712649,
  "27": 1.7832345962524414
}