{
  "0": 8.38448128709027,
  "1": 0.226171607696374,
  "2": 0.2981652191707065,
  "3": 1.0265749652717533,
  "4": 1.2802203718977134,
  "5": 0.07717026325181386,
  "6": 0.1619445520409184,
  "7": 0.12073751989863934,
  "8": 0.06751526564195176,
  "9": 0.320782776334986,
  "10": 0.06373841012642467,
  "11": 0.05651656430897578,
  "12": 0.03752631705498688,
  "13": 0.03298482304332717,
  "14": 0.03669513916399181,
  "15": 0.03053822947162388,
  "16": 0.014195922545170436,
  "17": 0.0024639563206729775,
  "18": 0.027033621661141094,
  "19": 0.09917929755771615,
  "20": 0.08649219229936156,
  "21": 0.0794303681790498,
  "22": 0.12728849164844647,
  "23": 0.13310702325083001,
  "24": 0.13934039046324376,
  "25": 0.21684059886242402,
  "26": 0.36959972021990506,
  "27": 1.55248805717922
}