{
  "model_path": "results/search_Mistral_layerwise_20/exp_004_taylor_seq_len32_taylor_num_samples256/pruned_model.bin",
  "timestamp": "2025-12-02T00:33:59.616171",
  "metrics": {
    "model_info": {
      "total_params": 5798420480,
      "trainable_params": 5798420480,
      "total_params_M": 5798.42048,
      "total_params_B": 5.79842048,
      "num_layers": 32,
      "module_params": {
        "embedding": 134217728,
        "lm_head": 134217728,
        "final_norm": 4096,
        "attention": 1342177280,
        "mlp": 4187541504,
        "input_layernorm": 131072,
        "post_attention_layernorm": 131072,
        "total_accounted": 5798420480,
        "unaccounted": 0,
        "match": true
      },
      "attention_params": 1342177280,
      "mlp_params": 4187541504,
      "attention_params_M": 1342.17728,
      "mlp_params_M": 4187.541504,
      "attention_ratio": 0.23147291311995366,
      "mlp_ratio": 0.7221865883034408,
      "model_size_mb": 11059.609619140625,
      "model_size_gb": 10.800400018692017
    },
    "ppl_quick_128": {
      "wikitext2 (wikitext-2-raw-v1)": 23.39173698425293,
      "ptb": 109.76548767089844
    },
    "ppl_standard_2048_512": {
      "wikitext2 (wikitext-2-raw-v1)": 10.572253227233887,
      "ptb": 79.84219360351562
    },
    "ppl": {
      "wikitext2 (wikitext-2-raw-v1)": 10.572253227233887,
      "ptb": 79.84219360351562
    },
    "zeroshot": {
      "boolq": {
        "accuracy": 0.6470948012232416,
        "full_results": {
          "acc,none": 0.6470948012232416,
          "acc_stderr,none": 0.0083580607438757,
          "alias": "boolq"
        }
      },
      "piqa": {
        "accuracy": 0.7230685527747551,
        "full_results": {
          "acc,none": 0.720892274211099,
          "acc_stderr,none": 0.010465657948498215,
          "acc_norm,none": 0.7230685527747551,
          "acc_norm_stderr,none": 0.010440499969334648,
          "alias": "piqa"
        }
      },
      "hellaswag": {
        "accuracy": 0.5545708026289584,
        "full_results": {
          "acc,none": 0.41127265484963155,
          "acc_stderr,none": 0.004910588449329684,
          "acc_norm,none": 0.5545708026289584,
          "acc_norm_stderr,none": 0.004959973514772777,
          "alias": "hellaswag"
        }
      },
      "winogrande": {
        "accuracy": 0.5564325177584846,
        "full_results": {
          "acc,none": 0.5564325177584846,
          "acc_stderr,none": 0.013962694907620256,
          "alias": "winogrande"
        }
      },
      "arc_easy": {
        "accuracy": 0.48484848484848486,
        "full_results": {
          "acc,none": 0.5677609427609428,
          "acc_stderr,none": 0.010165130379698675,
          "acc_norm,none": 0.48484848484848486,
          "acc_norm_stderr,none": 0.01025507179453148,
          "alias": "arc_easy"
        }
      },
      "arc_challenge": {
        "accuracy": 0.2935153583617747,
        "full_results": {
          "acc,none": 0.2713310580204778,
          "acc_stderr,none": 0.012993807727545919,
          "acc_norm,none": 0.2935153583617747,
          "acc_norm_stderr,none": 0.013307250444941061,
          "alias": "arc_challenge"
        }
      },
      "openbookqa": {
        "accuracy": 0.316,
        "full_results": {
          "acc,none": 0.21,
          "acc_stderr,none": 0.01823362086530592,
          "acc_norm,none": 0.316,
          "acc_norm_stderr,none": 0.020812359515855822,
          "alias": "openbookqa"
        }
      }
    },
    "avg_zeroshot_acc": 0.5107900739422427
  }
}