{
  "model_path": "results/search_Mistral_layerwise_20/exp_004_taylor_seq_len32_taylor_num_samples256/pruned_model.bin",
  "timestamp": "2025-12-02T13:19:12.359520",
  "metrics": {
    "model_info": {
      "total_params": 5798424576,
      "trainable_params": 5798424576,
      "total_params_M": 5798.424576,
      "total_params_B": 5.798424576,
      "num_layers": 32,
      "module_params": {
        "embedding": 134217728,
        "lm_head": 134217728,
        "final_norm": 4096,
        "attention": 912261120,
        "mlp": 4617461760,
        "input_layernorm": 131072,
        "post_attention_layernorm": 131072,
        "total_accounted": 5798424576,
        "unaccounted": 0,
        "match": true
      },
      "attention_params": 912261120,
      "mlp_params": 4617461760,
      "attention_params_M": 912.26112,
      "mlp_params_M": 4617.46176,
      "attention_ratio": 0.15732913449903257,
      "mlp_ratio": 0.7963303996592332,
      "model_size_mb": 11059.617431640625,
      "model_size_gb": 10.800407648086548
    },
    "ppl_quick_128": {
      "wikitext2 (wikitext-2-raw-v1)": 40.48823547363281,
      "ptb": 159.3412628173828
    },
    "ppl_standard_2048_512": {
      "wikitext2 (wikitext-2-raw-v1)": 20.45355224609375,
      "ptb": 168.0499725341797
    },
    "ppl": {
      "wikitext2 (wikitext-2-raw-v1)": 20.45355224609375,
      "ptb": 168.0499725341797
    },
    "zeroshot": {
      "boolq": {
        "accuracy": 0.5382262996941896,
        "full_results": {
          "acc,none": 0.5382262996941896,
          "acc_stderr,none": 0.008719460098106691,
          "alias": "boolq"
        }
      },
      "piqa": {
        "accuracy": 0.7524483133841132,
        "full_results": {
          "acc,none": 0.749183895538629,
          "acc_stderr,none": 0.010113869547069011,
          "acc_norm,none": 0.7524483133841132,
          "acc_norm_stderr,none": 0.010069703966857201,
          "alias": "piqa"
        }
      },
      "hellaswag": {
        "accuracy": 0.5278828918542123,
        "full_results": {
          "acc,none": 0.39075881298546106,
          "acc_stderr,none": 0.004869232758103666,
          "acc_norm,none": 0.5278828918542123,
          "acc_norm_stderr,none": 0.0049820167024457575,
          "alias": "hellaswag"
        }
      },
      "winogrande": {
        "accuracy": 0.5398579321231255,
        "full_results": {
          "acc,none": 0.5398579321231255,
          "acc_stderr,none": 0.014007765428365244,
          "alias": "winogrande"
        }
      },
      "arc_easy": {
        "accuracy": 0.492003367003367,
        "full_results": {
          "acc,none": 0.5492424242424242,
          "acc_stderr,none": 0.010209906101011159,
          "acc_norm,none": 0.492003367003367,
          "acc_norm_stderr,none": 0.010258471289841994,
          "alias": "arc_easy"
        }
      },
      "arc_challenge": {
        "accuracy": 0.3250853242320819,
        "full_results": {
          "acc,none": 0.30631399317406144,
          "acc_stderr,none": 0.013470584417276554,
          "acc_norm,none": 0.3250853242320819,
          "acc_norm_stderr,none": 0.013688147309729217,
          "alias": "arc_challenge"
        }
      },
      "openbookqa": {
        "accuracy": 0.338,
        "full_results": {
          "acc,none": 0.228,
          "acc_stderr,none": 0.018781306529363172,
          "acc_norm,none": 0.338,
          "acc_norm_stderr,none": 0.021175665695209452,
          "alias": "openbookqa"
        }
      }
    },
    "avg_zeroshot_acc": 0.5019291611844413
  }
}