{
  "attention": {
    "0": 4.79198326444412,
    "1": 2.4571339271528303,
    "2": 2.656619569467679,
    "3": 1.9800513783199727,
    "4": 1.7144279893381893,
    "5": 1.5704308643112985,
    "6": 1.4330656257623695,
    "7": 1.4563205333034017,
    "8": 1.6160282527384733,
    "9": 1.611084062422338,
    "10": 1.5646000806526215,
    "11": 1.572272294839936,
    "12": 1.5100969487776132,
    "13": 1.6056292181770542,
    "14": 1.5130511789578498,
    "15": 1.2197986969498777,
    "16": 1.0254862766451187,
    "17": 0.8838337672309136,
    "18": 0.7623695981520351,
    "19": 0.6589537741357434,
    "20": 0.628940048595537,
    "21": 0.6033770359150497,
    "22": 0.5908483436111198,
    "23": 0.5168184081178788,
    "24": 0.5155718964489764,
    "25": 0.4649233534731674,
    "26": 0.46314052526904526,
    "27": 0.4470311403274536,
    "28": 0.3724273468168682,
    "29": 0.40051562761155646,
    "30": 0.3362891727498827,
    "31": 0.17829720232697
  },
  "mlp": {
    "0": 4.1815321680676245,
    "1": 3.643951495132104,
    "2": 1.2923855238074862,
    "3": 0.9273450991141599,
    "4": 0.7989814539839513,
    "5": 0.7094131275142792,
    "6": 0.6298391070601119,
    "7": 0.6061811088981117,
    "8": 0.6279396561763746,
    "9": 0.7017732129859642,
    "10": 0.7623599083434307,
    "11": 0.710666431083451,
    "12": 0.6982645537642975,
    "13": 0.6873636142377184,
    "14": 0.6519773441223466,
    "15": 0.5777463278606514,
    "16": 0.5376860853089704,
    "17": 0.5362287692068581,
    "18": 0.49477405273682695,
    "19": 0.5225666394326365,
    "20": 0.5267246936646992,
    "21": 0.5301675133640993,
    "22": 0.533039501251483,
    "23": 0.5061716976365345,
    "24": 0.5348372307949893,
    "25": 0.4461210679223897,
    "26": 0.42883952939813286,
    "27": 0.49926516810162,
    "28": 0.4134001510916625,
    "29": 0.4038195501350321,
    "30": 0.5675249657466988,
    "31": 1.0732532377913038
  }
}