{
  "model_path": "results/search_mistral_blockwise_20/exp_003_taylor_seq_len16_taylor_num_samples512/pruned_model.bin",
  "timestamp": "2025-11-30T18:47:43.262527",
  "metrics": {
    "model_info": {
      "total_params": 5798424576,
      "trainable_params": 5798424576,
      "total_params_M": 5798.424576,
      "total_params_B": 5.798424576,
      "num_layers": 32,
      "module_params": {
        "embedding": 134217728,
        "lm_head": 134217728,
        "final_norm": 4096,
        "attention": 833617920,
        "mlp": 4696104960,
        "input_layernorm": 131072,
        "post_attention_layernorm": 131072,
        "total_accounted": 5798424576,
        "unaccounted": 0,
        "match": true
      },
      "attention_params": 833617920,
      "mlp_params": 4696104960,
      "attention_params_M": 833.61792,
      "mlp_params_M": 4696.10496,
      "attention_ratio": 0.1437662780767022,
      "mlp_ratio": 0.8098932560815636,
      "model_size_mb": 11059.617431640625,
      "model_size_gb": 10.800407648086548
    },
    "ppl_quick_128": {
      "wikitext2 (wikitext-2-raw-v1)": 107.13058471679688,
      "ptb": 308.2082824707031
    },
    "ppl_standard_2048_512": {
      "wikitext2 (wikitext-2-raw-v1)": 53.240562438964844,
      "ptb": 313.96124267578125
    },
    "ppl": {
      "wikitext2 (wikitext-2-raw-v1)": 53.240562438964844,
      "ptb": 313.96124267578125
    },
    "zeroshot": {
      "boolq": {
        "accuracy": 0.5718654434250765,
        "full_results": {
          "acc,none": 0.5718654434250765,
          "acc_stderr,none": 0.008654253415780999,
          "alias": "boolq"
        }
      },
      "piqa": {
        "accuracy": 0.7404787812840044,
        "full_results": {
          "acc,none": 0.733949945593036,
          "acc_stderr,none": 0.010310039263352765,
          "acc_norm,none": 0.7404787812840044,
          "acc_norm_stderr,none": 0.010227939888174076,
          "alias": "piqa"
        }
      },
      "hellaswag": {
        "accuracy": 0.585839474208325,
        "full_results": {
          "acc,none": 0.4214299940250946,
          "acc_stderr,none": 0.004927790036726553,
          "acc_norm,none": 0.585839474208325,
          "acc_norm_stderr,none": 0.004915697886905884,
          "alias": "hellaswag"
        }
      },
      "winogrande": {
        "accuracy": 0.5019731649565904,
        "full_results": {
          "acc,none": 0.5019731649565904,
          "acc_stderr,none": 0.014052376259225643,
          "alias": "winogrande"
        }
      },
      "arc_easy": {
        "accuracy": 0.5092592592592593,
        "full_results": {
          "acc,none": 0.5374579124579124,
          "acc_stderr,none": 0.010230952104570675,
          "acc_norm,none": 0.5092592592592593,
          "acc_norm_stderr,none": 0.010258024147860666,
          "alias": "arc_easy"
        }
      },
      "arc_challenge": {
        "accuracy": 0.37542662116040953,
        "full_results": {
          "acc,none": 0.3412969283276451,
          "acc_stderr,none": 0.013855831287497686,
          "acc_norm,none": 0.37542662116040953,
          "acc_norm_stderr,none": 0.014150631435111728,
          "alias": "arc_challenge"
        }
      },
      "openbookqa": {
        "accuracy": 0.288,
        "full_results": {
          "acc,none": 0.162,
          "acc_stderr,none": 0.016494123566423557,
          "acc_norm,none": 0.288,
          "acc_norm_stderr,none": 0.020271503835075255,
          "alias": "openbookqa"
        }
      }
    },
    "avg_zeroshot_acc": 0.5104061063276665
  }
}