{
  "model_path": "results/search_Llama_blockwise_20/exp_014_taylor_seq_len128_taylor_num_samples256/pruned_model.bin",
  "timestamp": "2025-12-02T16:10:44.840672",
  "metrics": {
    "model_info": {
      "total_params": 6427058176,
      "trainable_params": 6427058176,
      "total_params_M": 6427.058176,
      "total_params_B": 6.427058176,
      "num_layers": 32,
      "module_params": {
        "embedding": 525336576,
        "lm_head": 525336576,
        "final_norm": 4096,
        "attention": 1216348160,
        "mlp": 4159770624,
        "input_layernorm": 131072,
        "post_attention_layernorm": 131072,
        "total_accounted": 6427058176,
        "unaccounted": 0,
        "match": true
      },
      "attention_params": 1216348160,
      "mlp_params": 4159770624,
      "attention_params_M": 1216.34816,
      "mlp_params_M": 4159.770624,
      "attention_ratio": 0.1892542632556373,
      "mlp_ratio": 0.6472277844836487,
      "model_size_mb": 12258.640869140625,
      "model_size_gb": 11.971328973770142
    },
    "ppl_quick_128": {
      "wikitext2 (wikitext-2-raw-v1)": 32.18962478637695,
      "ptb": 49.054969787597656
    },
    "ppl_standard_2048_512": {
      "wikitext2 (wikitext-2-raw-v1)": 13.381951332092285,
      "ptb": 17.984481811523438
    },
    "ppl": {
      "wikitext2 (wikitext-2-raw-v1)": 13.381951332092285,
      "ptb": 17.984481811523438
    },
    "zeroshot": {
      "boolq": {
        "accuracy": 0.6593272171253822,
        "full_results": {
          "acc,none": 0.6593272171253822,
          "acc_stderr,none": 0.008289183631379305,
          "alias": "boolq"
        }
      },
      "piqa": {
        "accuracy": 0.7410228509249184,
        "full_results": {
          "acc,none": 0.7323177366702938,
          "acc_stderr,none": 0.010330111189370297,
          "acc_norm,none": 0.7410228509249184,
          "acc_norm_stderr,none": 0.01022096603140558,
          "alias": "piqa"
        }
      },
      "hellaswag": {
        "accuracy": 0.63752240589524,
        "full_results": {
          "acc,none": 0.46335391356303524,
          "acc_stderr,none": 0.004976361454341516,
          "acc_norm,none": 0.63752240589524,
          "acc_norm_stderr,none": 0.004797332565990061,
          "alias": "hellaswag"
        }
      },
      "winogrande": {
        "accuracy": 0.6819258089976322,
        "full_results": {
          "acc,none": 0.6819258089976322,
          "acc_stderr,none": 0.013089285079884758,
          "alias": "winogrande"
        }
      },
      "arc_easy": {
        "accuracy": 0.5972222222222222,
        "full_results": {
          "acc,none": 0.6624579124579124,
          "acc_stderr,none": 0.009703117820790056,
          "acc_norm,none": 0.5972222222222222,
          "acc_norm_stderr,none": 0.010063960494989253,
          "alias": "arc_easy"
        }
      },
      "arc_challenge": {
        "accuracy": 0.39078498293515357,
        "full_results": {
          "acc,none": 0.3677474402730375,
          "acc_stderr,none": 0.01409099561816849,
          "acc_norm,none": 0.39078498293515357,
          "acc_norm_stderr,none": 0.014258563880513803,
          "alias": "arc_challenge"
        }
      },
      "openbookqa": {
        "accuracy": 0.396,
        "full_results": {
          "acc,none": 0.29,
          "acc_stderr,none": 0.020313179231745138,
          "acc_norm,none": 0.396,
          "acc_norm_stderr,none": 0.021893529941665716,
          "alias": "openbookqa"
        }
      }
    },
    "avg_zeroshot_acc": 0.586257926871507
  }
}