{
  "model_path": "results/search_Llama_blockwise_20/exp_008_taylor_seq_len64_taylor_num_samples128/pruned_model.bin",
  "timestamp": "2025-12-02T14:13:37.226696",
  "metrics": {
    "model_info": {
      "total_params": 6424522752,
      "trainable_params": 6424522752,
      "total_params_M": 6424.522752,
      "total_params_B": 6.424522752,
      "num_layers": 32,
      "module_params": {
        "embedding": 525336576,
        "lm_head": 525336576,
        "final_norm": 4096,
        "attention": 1205862400,
        "mlp": 4167720960,
        "input_layernorm": 131072,
        "post_attention_layernorm": 131072,
        "total_accounted": 6424522752,
        "unaccounted": 0,
        "match": true
      },
      "attention_params": 1205862400,
      "mlp_params": 4167720960,
      "attention_params_M": 1205.8624,
      "mlp_params_M": 4167.72096,
      "attention_ratio": 0.18769680590275853,
      "mlp_ratio": 0.6487207098305564,
      "model_size_mb": 12253.804931640625,
      "model_size_gb": 11.966606378555298
    },
    "ppl_quick_128": {
      "wikitext2 (wikitext-2-raw-v1)": 31.53695297241211,
      "ptb": 48.70234298706055
    },
    "ppl_standard_2048_512": {
      "wikitext2 (wikitext-2-raw-v1)": 12.941551208496094,
      "ptb": 18.009002685546875
    },
    "ppl": {
      "wikitext2 (wikitext-2-raw-v1)": 12.941551208496094,
      "ptb": 18.009002685546875
    },
    "zeroshot": {
      "boolq": {
        "accuracy": 0.6889908256880733,
        "full_results": {
          "acc,none": 0.6889908256880733,
          "acc_stderr,none": 0.008096286339728427,
          "alias": "boolq"
        }
      },
      "piqa": {
        "accuracy": 0.7295973884657236,
        "full_results": {
          "acc,none": 0.7274211099020674,
          "acc_stderr,none": 0.010389256803295867,
          "acc_norm,none": 0.7295973884657236,
          "acc_norm_stderr,none": 0.010363167031620654,
          "alias": "piqa"
        }
      },
      "hellaswag": {
        "accuracy": 0.6276638119896435,
        "full_results": {
          "acc,none": 0.465345548695479,
          "acc_stderr,none": 0.004977782217581942,
          "acc_norm,none": 0.6276638119896435,
          "acc_norm_stderr,none": 0.004824393076826597,
          "alias": "hellaswag"
        }
      },
      "winogrande": {
        "accuracy": 0.67008681925809,
        "full_results": {
          "acc,none": 0.67008681925809,
          "acc_stderr,none": 0.01321443254251756,
          "alias": "winogrande"
        }
      },
      "arc_easy": {
        "accuracy": 0.5925925925925926,
        "full_results": {
          "acc,none": 0.63510101010101,
          "acc_stderr,none": 0.009878157021155564,
          "acc_norm,none": 0.5925925925925926,
          "acc_norm_stderr,none": 0.010082326627832898,
          "alias": "arc_easy"
        }
      },
      "arc_challenge": {
        "accuracy": 0.3643344709897611,
        "full_results": {
          "acc,none": 0.34726962457337884,
          "acc_stderr,none": 0.013913034529620455,
          "acc_norm,none": 0.3643344709897611,
          "acc_norm_stderr,none": 0.014063260279882467,
          "alias": "arc_challenge"
        }
      },
      "openbookqa": {
        "accuracy": 0.384,
        "full_results": {
          "acc,none": 0.272,
          "acc_stderr,none": 0.019920483209566107,
          "acc_norm,none": 0.384,
          "acc_norm_stderr,none": 0.021772369465547118,
          "alias": "openbookqa"
        }
      }
    },
    "avg_zeroshot_acc": 0.5796094155691263
  }
}