{
  "extreme_pruning_layers": [
    {
      "layer_idx": 0,
      "pruning_rate": 0.637035472972973,
      "importance": 0.11763710665793435,
      "gradient_mean": 0.01063845733491083,
      "gradient_norm": 7.263317594925563
    },
    {
      "layer_idx": 1,
      "pruning_rate": 0.8364653716216216,
      "importance": 0.07605684753759084,
      "gradient_mean": 0.00765492507101347,
      "gradient_norm": 8.698754467070103
    },
    {
      "layer_idx": 2,
      "pruning_rate": 0.7111486486486487,
      "importance": 0.11806549763659367,
      "gradient_mean": 0.004848964046686888,
      "gradient_norm": 6.601921930909157
    }
  ],
  "num_extreme_layers": 3,
  "gradient_statistics": {
    "mean_range": [
      0.0019559424836188555,
      0.01063845733491083
    ],
    "mean_ratio": 5.439043775624393,
    "norm_range": [
      4.352089033772548,
      25.254933959494036
    ],
    "norm_ratio": 5.802945151841678
  },
  "diagnosis": [
    {
      "issue": "\u524d\u51e0\u5c42\u88ab\u8fc7\u5ea6\u526a\u679d",
      "severity": "critical",
      "description": "\u524d5\u5c42\u4e2d\u6709 3 \u5c42\u88ab\u8fc7\u5ea6\u526a\u679d",
      "recommendation": "\u524d\u51e0\u5c42\u901a\u5e38\u5f88\u91cd\u8981\uff0c\u5efa\u8bae\u4e3a\u5176\u8bbe\u7f6e\u8f83\u4f4e\u7684 max_rate"
    }
  ]
}