{
  "attention": {
    "0": 4.841799946170551,
    "1": 2.776727145839585,
    "2": 2.858139268965589,
    "3": 2.1810688180885762,
    "4": 1.8678695538298413,
    "5": 1.6147964608527925,
    "6": 1.5123398426493164,
    "7": 1.5499661864028145,
    "8": 1.6483443716297979,
    "9": 1.6762560445800596,
    "10": 1.6131892741433242,
    "11": 1.6564564648353062,
    "12": 1.6239897573418296,
    "13": 1.6552245795962364,
    "14": 1.5186745814183955,
    "15": 1.2919851367181465,
    "16": 1.164777242147875,
    "17": 1.026463668808164,
    "18": 0.9582699782292359,
    "19": 0.7785395963389883,
    "20": 0.7597284665691992,
    "21": 0.6864629682344878,
    "22": 0.6915973872535313,
    "23": 0.5657083092942066,
    "24": 0.5628619311826499,
    "25": 0.4947036745048794,
    "26": 0.4358810209945254,
    "27": 0.40593548772834476,
    "28": 0.32169478165773535,
    "29": 0.31120176513204445,
    "30": 0.2397564828631431,
    "31": 0.1430639848407549
  },
  "mlp": {
    "0": 3.870984470420204,
    "1": 3.1562624505386045,
    "2": 1.4195262862759614,
    "3": 1.022289548937982,
    "4": 0.9622294714328326,
    "5": 0.8436377453709776,
    "6": 0.7711853396751192,
    "7": 0.7462341940921284,
    "8": 0.8036226887005591,
    "9": 0.8668008760030088,
    "10": 0.8941982098718877,
    "11": 0.8610071396168038,
    "12": 0.8850384870536714,
    "13": 0.8246197658094019,
    "14": 0.846679371336232,
    "15": 0.746038945296065,
    "16": 0.6988316072305669,
    "17": 0.7173011882503042,
    "18": 0.6376538092911006,
    "19": 0.6166785022486807,
    "20": 0.6518342801233525,
    "21": 0.5803069804496914,
    "22": 0.5906095547167207,
    "23": 0.5174343557697036,
    "24": 0.5557312315160576,
    "25": 0.4586817228746978,
    "26": 0.4529072131092837,
    "27": 0.4906631854211856,
    "28": 0.4263843877513418,
    "29": 0.3847846381749087,
    "30": 0.5397803010676689,
    "31": 1.0847350071541402
  }
}