{
  "model_path": "results/search_Llama-Instruct_blockwise_20/exp_008_taylor_seq_len64_taylor_num_samples128/pruned_model.bin",
  "timestamp": "2025-12-02T14:05:34.086688",
  "metrics": {
    "model_info": {
      "total_params": 6424211456,
      "trainable_params": 6424211456,
      "total_params_M": 6424.211456,
      "total_params_B": 6.424211456,
      "num_layers": 32,
      "module_params": {
        "embedding": 525336576,
        "lm_head": 525336576,
        "final_norm": 4096,
        "attention": 1179648000,
        "mlp": 4193624064,
        "input_layernorm": 131072,
        "post_attention_layernorm": 131072,
        "total_accounted": 6424211456,
        "unaccounted": 0,
        "match": true
      },
      "attention_params": 1179648000,
      "mlp_params": 4193624064,
      "attention_params_M": 1179.648,
      "mlp_params_M": 4193.624064,
      "attention_ratio": 0.18362533800132746,
      "mlp_ratio": 0.6527842510668441,
      "model_size_mb": 12253.211181640625,
      "model_size_gb": 11.966026544570923
    },
    "ppl_quick_128": {
      "wikitext2 (wikitext-2-raw-v1)": 40.85627365112305,
      "ptb": 67.59840393066406
    },
    "ppl_standard_2048_512": {
      "wikitext2 (wikitext-2-raw-v1)": 15.787209510803223,
      "ptb": 24.916481018066406
    },
    "ppl": {
      "wikitext2 (wikitext-2-raw-v1)": 15.787209510803223,
      "ptb": 24.916481018066406
    },
    "zeroshot": {
      "boolq": {
        "accuracy": 0.8238532110091743,
        "full_results": {
          "acc,none": 0.8238532110091743,
          "acc_stderr,none": 0.006662770043725553,
          "alias": "boolq"
        }
      },
      "piqa": {
        "accuracy": 0.7306855277475517,
        "full_results": {
          "acc,none": 0.7247007616974973,
          "acc_stderr,none": 0.010421429277369502,
          "acc_norm,none": 0.7306855277475517,
          "acc_norm_stderr,none": 0.010350004070588812,
          "alias": "piqa"
        }
      },
      "hellaswag": {
        "accuracy": 0.6548496315475005,
        "full_results": {
          "acc,none": 0.46922923720374426,
          "acc_stderr,none": 0.0049803234000314845,
          "acc_norm,none": 0.6548496315475005,
          "acc_norm_stderr,none": 0.004744456628455279,
          "alias": "hellaswag"
        }
      },
      "winogrande": {
        "accuracy": 0.6835043409629045,
        "full_results": {
          "acc,none": 0.6835043409629045,
          "acc_stderr,none": 0.013071868328051517,
          "alias": "winogrande"
        }
      },
      "arc_easy": {
        "accuracy": 0.6439393939393939,
        "full_results": {
          "acc,none": 0.7129629629629629,
          "acc_stderr,none": 0.009282621598983217,
          "acc_norm,none": 0.6439393939393939,
          "acc_norm_stderr,none": 0.009825454608416157,
          "alias": "arc_easy"
        }
      },
      "arc_challenge": {
        "accuracy": 0.42406143344709896,
        "full_results": {
          "acc,none": 0.4197952218430034,
          "acc_stderr,none": 0.014422181226303012,
          "acc_norm,none": 0.42406143344709896,
          "acc_norm_stderr,none": 0.014441889627464344,
          "alias": "arc_challenge"
        }
      },
      "openbookqa": {
        "accuracy": 0.372,
        "full_results": {
          "acc,none": 0.276,
          "acc_stderr,none": 0.02001121929807355,
          "acc_norm,none": 0.372,
          "acc_norm_stderr,none": 0.021637197985722334,
          "alias": "openbookqa"
        }
      }
    },
    "avg_zeroshot_acc": 0.6189847912362321
  }
}