{
  "model_path": "results/search_Mistral_20/exp_008_taylor_seq_len64_taylor_num_samples128/pruned_model.bin",
  "timestamp": "2025-12-02T01:37:16.419917",
  "metrics": {
    "model_info": {
      "total_params": 5798424576,
      "trainable_params": 5798424576,
      "total_params_M": 5798.424576,
      "total_params_B": 5.798424576,
      "num_layers": 32,
      "module_params": {
        "embedding": 134217728,
        "lm_head": 134217728,
        "final_norm": 4096,
        "attention": 1336934400,
        "mlp": 4192788480,
        "input_layernorm": 131072,
        "post_attention_layernorm": 131072,
        "total_accounted": 5798424576,
        "unaccounted": 0,
        "match": true
      },
      "attention_params": 1336934400,
      "mlp_params": 4192788480,
      "attention_params_M": 1336.9344,
      "mlp_params_M": 4192.78848,
      "attention_ratio": 0.23056855917961672,
      "mlp_ratio": 0.723090974978649,
      "model_size_mb": 11059.617431640625,
      "model_size_gb": 10.800407648086548
    },
    "ppl_quick_128": {
      "wikitext2 (wikitext-2-raw-v1)": 19.95462417602539,
      "ptb": 93.25822448730469
    },
    "ppl_standard_2048_512": {
      "wikitext2 (wikitext-2-raw-v1)": 9.725076675415039,
      "ptb": 80.70710754394531
    },
    "ppl": {
      "wikitext2 (wikitext-2-raw-v1)": 9.725076675415039,
      "ptb": 80.70710754394531
    },
    "zeroshot": {
      "boolq": {
        "accuracy": 0.6464831804281346,
        "full_results": {
          "acc,none": 0.6464831804281346,
          "acc_stderr,none": 0.008361346005339268,
          "alias": "boolq"
        }
      },
      "piqa": {
        "accuracy": 0.7568008705114254,
        "full_results": {
          "acc,none": 0.7366702937976061,
          "acc_stderr,none": 0.010276185322196763,
          "acc_norm,none": 0.7568008705114254,
          "acc_norm_stderr,none": 0.010009611953858851,
          "alias": "piqa"
        }
      },
      "hellaswag": {
        "accuracy": 0.5830511850229038,
        "full_results": {
          "acc,none": 0.4329814777932683,
          "acc_stderr,none": 0.004944755230598518,
          "acc_norm,none": 0.5830511850229038,
          "acc_norm_stderr,none": 0.004920465936068888,
          "alias": "hellaswag"
        }
      },
      "winogrande": {
        "accuracy": 0.5951065509076559,
        "full_results": {
          "acc,none": 0.5951065509076559,
          "acc_stderr,none": 0.013795927003124962,
          "alias": "winogrande"
        }
      },
      "arc_easy": {
        "accuracy": 0.5576599326599326,
        "full_results": {
          "acc,none": 0.6153198653198653,
          "acc_stderr,none": 0.009983171707008973,
          "acc_norm,none": 0.5576599326599326,
          "acc_norm_stderr,none": 0.010191334444220676,
          "alias": "arc_easy"
        }
      },
      "arc_challenge": {
        "accuracy": 0.30802047781569963,
        "full_results": {
          "acc,none": 0.28498293515358364,
          "acc_stderr,none": 0.013191348179838755,
          "acc_norm,none": 0.30802047781569963,
          "acc_norm_stderr,none": 0.013491429517292,
          "alias": "arc_challenge"
        }
      },
      "openbookqa": {
        "accuracy": 0.364,
        "full_results": {
          "acc,none": 0.242,
          "acc_stderr,none": 0.019173085678337164,
          "acc_norm,none": 0.364,
          "acc_norm_stderr,none": 0.021539170637317653,
          "alias": "openbookqa"
        }
      }
    },
    "avg_zeroshot_acc": 0.5444460281922503
  }
}