{
  "attention": {
    "0": 6.1023753516795445,
    "1": 4.73945872436325,
    "2": 5.605444939906002,
    "3": 4.77652728730818,
    "4": 5.118863385651542,
    "5": 5.057280469164917,
    "6": 4.759614963120398,
    "7": 4.809171895547611,
    "8": 4.701368362217367,
    "9": 4.92100701845672,
    "10": 4.713215413438865,
    "11": 4.803713226568744,
    "12": 4.955576502195221,
    "13": 4.684567611577645,
    "14": 4.710867343709967,
    "15": 4.434482512419907,
    "16": 4.140719855744435,
    "17": 3.4614919938655664,
    "18": 3.372701601953585,
    "19": 3.0437845234935548,
    "20": 2.8859195384601923,
    "21": 2.644654516073822,
    "22": 2.5481942684051537,
    "23": 2.3717028525216577,
    "24": 2.3581875730221755,
    "25": 2.2481591197826853,
    "26": 1.9107259687071307,
    "27": 1.6514293426907765,
    "28": 1.318459408232866,
    "29": 1.0100700957738145,
    "30": 0.5256258289315268,
    "31": 0.23698011046146572
  },
  "mlp": {
    "0": 4.659018279461215,
    "1": 7.2802162354122615,
    "2": 4.79642678998681,
    "3": 5.044279106226083,
    "4": 5.203544203360769,
    "5": 5.22927465993765,
    "6": 5.081403040160975,
    "7": 5.125347938303518,
    "8": 4.975478292923588,
    "9": 4.8227219713492655,
    "10": 4.364933323548644,
    "11": 4.282761683931629,
    "12": 4.269119138522002,
    "13": 4.116148063152145,
    "14": 3.8157509144212263,
    "15": 3.766303039060028,
    "16": 3.657919723918578,
    "17": 3.385816207166731,
    "18": 3.190019782958763,
    "19": 3.0585960507145415,
    "20": 3.1481561587689226,
    "21": 3.1876707368462442,
    "22": 3.144856344781555,
    "23": 3.0159233650571338,
    "24": 2.983408413318826,
    "25": 2.805634292261783,
    "26": 2.5557980079443583,
    "27": 2.1434278464576444,
    "28": 1.6847869090099943,
    "29": 1.197230265390627,
    "30": 0.6020406653031225,
    "31": 0.3982628520001774
  }
}