{
  "model_path": "results/search_Qwen-Instruct_blockwise_20/exp_005_taylor_seq_len32_taylor_num_samples512/pruned_model.bin",
  "timestamp": "2025-12-02T21:26:00.657970",
  "metrics": {
    "model_info": {
      "total_params": 6092480640,
      "trainable_params": 6092480640,
      "total_params_M": 6092.48064,
      "total_params_B": 6.09248064,
      "num_layers": 28,
      "module_params": {
        "embedding": 544997376,
        "lm_head": 544997376,
        "final_norm": 3584,
        "attention": 682730112,
        "mlp": 4319551488,
        "input_layernorm": 100352,
        "post_attention_layernorm": 100352,
        "total_accounted": 6092480640,
        "unaccounted": 0,
        "match": true
      },
      "attention_params": 682730112,
      "mlp_params": 4319551488,
      "attention_params_M": 682.730112,
      "mlp_params_M": 4319.551488,
      "attention_ratio": 0.11206110488354379,
      "mlp_ratio": 0.708997162771452,
      "model_size_mb": 11620.48486328125,
      "model_size_gb": 11.348129749298096
    },
    "ppl_quick_128": {
      "wikitext2 (wikitext-2-raw-v1)": 28.2169246673584,
      "ptb": 65.43828582763672
    },
    "ppl_standard_2048_512": {
      "wikitext2 (wikitext-2-raw-v1)": 14.489730834960938,
      "ptb": 24.301769256591797
    },
    "ppl": {
      "wikitext2 (wikitext-2-raw-v1)": 14.489730834960938,
      "ptb": 24.301769256591797
    },
    "zeroshot": {
      "boolq": {
        "accuracy": 0.6935779816513762,
        "full_results": {
          "acc,none": 0.6935779816513762,
          "acc_stderr,none": 0.00806306522406454,
          "alias": "boolq"
        }
      },
      "piqa": {
        "accuracy": 0.764417845484222,
        "full_results": {
          "acc,none": 0.7584330794341676,
          "acc_stderr,none": 0.009986718001804345,
          "acc_norm,none": 0.764417845484222,
          "acc_norm_stderr,none": 0.009901067586473833,
          "alias": "piqa"
        }
      },
      "hellaswag": {
        "accuracy": 0.6635132443736308,
        "full_results": {
          "acc,none": 0.48247361083449514,
          "acc_stderr,none": 0.004986715003838793,
          "acc_norm,none": 0.6635132443736308,
          "acc_norm_stderr,none": 0.0047154191396971855,
          "alias": "hellaswag"
        }
      },
      "winogrande": {
        "accuracy": 0.584846093133386,
        "full_results": {
          "acc,none": 0.584846093133386,
          "acc_stderr,none": 0.013848684086658566,
          "alias": "winogrande"
        }
      },
      "arc_easy": {
        "accuracy": 0.6620370370370371,
        "full_results": {
          "acc,none": 0.7091750841750841,
          "acc_stderr,none": 0.00931881592117676,
          "acc_norm,none": 0.6620370370370371,
          "acc_norm_stderr,none": 0.009706080538632696,
          "alias": "arc_easy"
        }
      },
      "arc_challenge": {
        "accuracy": 0.42150170648464164,
        "full_results": {
          "acc,none": 0.3967576791808874,
          "acc_stderr,none": 0.014296513020180628,
          "acc_norm,none": 0.42150170648464164,
          "acc_norm_stderr,none": 0.014430197069326089,
          "alias": "arc_challenge"
        }
      },
      "openbookqa": {
        "accuracy": 0.394,
        "full_results": {
          "acc,none": 0.288,
          "acc_stderr,none": 0.020271503835075255,
          "acc_norm,none": 0.394,
          "acc_norm_stderr,none": 0.02187429930168918,
          "alias": "openbookqa"
        }
      }
    },
    "avg_zeroshot_acc": 0.5976991297377562
  }
}