{
  "0": 8.280320295477441,
  "1": 0.07628883923614849,
  "2": 0.1792508424645627,
  "3": 0.4125599032936833,
  "4": 0.6346297387589406,
  "5": 0.08941805856662555,
  "6": 0.13450116808243218,
  "7": 0.08897382696030531,
  "8": 0.07304034163938677,
  "9": 0.2402991123950282,
  "10": 0.05579942794135917,
  "11": 0.10385100024839788,
  "12": 0.06601481806507392,
  "13": 0.044491947026542356,
  "14": 0.018698099403750224,
  "15": 0.02113243608184945,
  "16": 0.0019272873744120567,
  "17": 0.026619810425774215,
  "18": 0.03245184368850085,
  "19": 0.09042317794831423,
  "20": 0.08506707575439743,
  "21": 0.08479965342342499,
  "22": 0.15021846126456273,
  "23": 0.13837474172945186,
  "24": 0.13972451624290727,
  "25": 0.18496310068757493,
  "26": 0.2618463930174788,
  "27": 1.3729702035037192
}