{
  "model_path": "results/search_Llama_layerwise_20/exp_007_taylor_seq_len64_taylor_num_samples128/pruned_model.bin",
  "timestamp": "2025-12-01T00:39:34.857088",
  "metrics": {
    "model_info": {
      "total_params": 6426996736,
      "trainable_params": 6426996736,
      "total_params_M": 6426.996736,
      "total_params_B": 6.426996736,
      "num_layers": 32,
      "module_params": {
        "embedding": 525336576,
        "lm_head": 525336576,
        "final_norm": 4096,
        "attention": 1200619520,
        "mlp": 4175437824,
        "input_layernorm": 131072,
        "post_attention_layernorm": 131072,
        "total_accounted": 6426996736,
        "unaccounted": 0,
        "match": true
      },
      "attention_params": 1200619520,
      "mlp_params": 4175437824,
      "attention_params_M": 1200.61952,
      "mlp_params_M": 4175.437824,
      "attention_ratio": 0.18680879566577083,
      "mlp_ratio": 0.6496716888950355,
      "model_size_mb": 12258.523681640625,
      "model_size_gb": 11.971214532852173
    },
    "ppl_quick_128": {
      "wikitext2 (wikitext-2-raw-v1)": 28.164243698120117,
      "ptb": 48.218746185302734
    },
    "ppl_standard_2048_512": {
      "wikitext2 (wikitext-2-raw-v1)": 12.994007110595703,
      "ptb": 19.317707061767578
    },
    "ppl": {
      "wikitext2 (wikitext-2-raw-v1)": 12.994007110595703,
      "ptb": 19.317707061767578
    },
    "zeroshot": {
      "boolq": {
        "accuracy": 0.5015290519877675,
        "full_results": {
          "acc,none": 0.5015290519877675,
          "acc_stderr,none": 0.008745014084425821,
          "alias": "boolq"
        }
      },
      "piqa": {
        "accuracy": 0.7306855277475517,
        "full_results": {
          "acc,none": 0.7219804134929271,
          "acc_stderr,none": 0.010453117358332953,
          "acc_norm,none": 0.7306855277475517,
          "acc_norm_stderr,none": 0.010350004070588812,
          "alias": "piqa"
        }
      },
      "hellaswag": {
        "accuracy": 0.551185022903804,
        "full_results": {
          "acc,none": 0.4115714001194981,
          "acc_stderr,none": 0.0049111251010647596,
          "acc_norm,none": 0.551185022903804,
          "acc_norm_stderr,none": 0.004963567029129133,
          "alias": "hellaswag"
        }
      },
      "winogrande": {
        "accuracy": 0.6172059984214681,
        "full_results": {
          "acc,none": 0.6172059984214681,
          "acc_stderr,none": 0.013660946109441928,
          "alias": "winogrande"
        }
      },
      "arc_easy": {
        "accuracy": 0.5458754208754208,
        "full_results": {
          "acc,none": 0.5980639730639731,
          "acc_stderr,none": 0.010060521220920564,
          "acc_norm,none": 0.5458754208754208,
          "acc_norm_stderr,none": 0.010216507710243992,
          "alias": "arc_easy"
        }
      },
      "arc_challenge": {
        "accuracy": 0.3250853242320819,
        "full_results": {
          "acc,none": 0.29180887372013653,
          "acc_stderr,none": 0.013284525292403586,
          "acc_norm,none": 0.3250853242320819,
          "acc_norm_stderr,none": 0.013688147309729217,
          "alias": "arc_challenge"
        }
      },
      "openbookqa": {
        "accuracy": 0.37,
        "full_results": {
          "acc,none": 0.234,
          "acc_stderr,none": 0.018952741564893755,
          "acc_norm,none": 0.37,
          "acc_norm_stderr,none": 0.021613289165165816,
          "alias": "openbookqa"
        }
      }
    },
    "avg_zeroshot_acc": 0.5202237637382991
  }
}