{
  "model_path": "results/search_Llama_layerwise_20/exp_004_taylor_seq_len32_taylor_num_samples256/pruned_model.bin",
  "timestamp": "2025-12-02T12:52:57.640107",
  "metrics": {
    "model_info": {
      "total_params": 6424219648,
      "trainable_params": 6424219648,
      "total_params_M": 6424.219648,
      "total_params_B": 6.424219648,
      "num_layers": 32,
      "module_params": {
        "embedding": 525336576,
        "lm_head": 525336576,
        "final_norm": 4096,
        "attention": 1216348160,
        "mlp": 4156932096,
        "input_layernorm": 131072,
        "post_attention_layernorm": 131072,
        "total_accounted": 6424219648,
        "unaccounted": 0,
        "match": true
      },
      "attention_params": 1216348160,
      "mlp_params": 4156932096,
      "attention_params_M": 1216.34816,
      "mlp_params_M": 4156.932096,
      "attention_ratio": 0.1893378848555833,
      "mlp_ratio": 0.6470719128188812,
      "model_size_mb": 12253.226806640625,
      "model_size_gb": 11.966041803359985
    },
    "ppl_quick_128": {
      "wikitext2 (wikitext-2-raw-v1)": 28.75942039489746,
      "ptb": 46.61067199707031
    },
    "ppl_standard_2048_512": {
      "wikitext2 (wikitext-2-raw-v1)": 12.306496620178223,
      "ptb": 17.53986358642578
    },
    "ppl": {
      "wikitext2 (wikitext-2-raw-v1)": 12.306496620178223,
      "ptb": 17.53986358642578
    },
    "zeroshot": {
      "boolq": {
        "accuracy": 0.501834862385321,
        "full_results": {
          "acc,none": 0.501834862385321,
          "acc_stderr,none": 0.00874499609189741,
          "alias": "boolq"
        }
      },
      "piqa": {
        "accuracy": 0.7285092491838956,
        "full_results": {
          "acc,none": 0.7274211099020674,
          "acc_stderr,none": 0.010389256803295867,
          "acc_norm,none": 0.7285092491838956,
          "acc_norm_stderr,none": 0.010376251176596043,
          "alias": "piqa"
        }
      },
      "hellaswag": {
        "accuracy": 0.6026687910774746,
        "full_results": {
          "acc,none": 0.4441346345349532,
          "acc_stderr,none": 0.004958537988993698,
          "acc_norm,none": 0.6026687910774746,
          "acc_norm_stderr,none": 0.004883455188909022,
          "alias": "hellaswag"
        }
      },
      "winogrande": {
        "accuracy": 0.6574585635359116,
        "full_results": {
          "acc,none": 0.6574585635359116,
          "acc_stderr,none": 0.013337483579076027,
          "alias": "winogrande"
        }
      },
      "arc_easy": {
        "accuracy": 0.5875420875420876,
        "full_results": {
          "acc,none": 0.6258417508417509,
          "acc_stderr,none": 0.00992951694897767,
          "acc_norm,none": 0.5875420875420876,
          "acc_norm_stderr,none": 0.010101305447864773,
          "alias": "arc_easy"
        }
      },
      "arc_challenge": {
        "accuracy": 0.35580204778157,
        "full_results": {
          "acc,none": 0.318259385665529,
          "acc_stderr,none": 0.013611993916971517,
          "acc_norm,none": 0.35580204778157,
          "acc_norm_stderr,none": 0.01399057113791884,
          "alias": "arc_challenge"
        }
      },
      "openbookqa": {
        "accuracy": 0.354,
        "full_results": {
          "acc,none": 0.232,
          "acc_stderr,none": 0.01889619359195203,
          "acc_norm,none": 0.354,
          "acc_norm_stderr,none": 0.02140758204791649,
          "alias": "openbookqa"
        }
      }
    },
    "avg_zeroshot_acc": 0.5411165145008944
  }
}