{
  "0": 6.137242898600892,
  "1": 4.353194423206888,
  "2": 0.21889392651686412,
  "3": 0.20461111985235592,
  "4": 0.17669753673212085,
  "5": 0.1468375908651316,
  "6": 0.1354599938761134,
  "7": 0.10831777808530818,
  "8": 0.06515394141368525,
  "9": 0.05598912217815455,
  "10": 0.06039091692733001,
  "11": 0.07616405694928785,
  "12": 0.07818397198517069,
  "13": 0.08430373810399017,
  "14": 0.10347178818527603,
  "15": 0.12709851029527064,
  "16": 0.14684340755407232,
  "17": 0.15723067285835057,
  "18": 0.17535862491971743,
  "19": 0.1115350910269286,
  "20": 0.11696593288228874,
  "21": 0.14340544124890497,
  "22": 0.10774711353145783,
  "23": 0.10922198090087143,
  "24": 0.12059769487129035,
  "25": 0.08129904355209128,
  "26": 0.08798395831487316,
  "27": 0.1159992150302922,
  "28": 0.11758252183071383,
  "29": 0.22048721288280415,
  "30": 0.4189021540916422,
  "31": 1.526877318064792
}