{
  "0": 6025.83984375,
  "1": 3505.72265625,
  "2": 2591.021484375,
  "3": 2377.888671875,
  "4": 2438.166015625,
  "5": 2497.90625,
  "6": 2362.755859375,
  "7": 2270.693359375,
  "8": 2073.095703125,
  "9": 1772.740234375,
  "10": 1711.076171875,
  "11": 1516.25,
  "12": 1391.6337890625,
  "13": 1378.4072265625,
  "14": 1469.2236328125,
  "15": 1474.958984375,
  "16": 1498.2099609375,
  "17": 1488.21484375,
  "18": 1472.4462890625,
  "19": 1452.1328125,
  "20": 1145.7216796875,
  "21": 960.87255859375,
  "22": 787.125,
  "23": 740.34228515625,
  "24": 671.44189453125,
  "25": 663.9287109375,
  "26": 633.30810546875,
  "27": 635.86669921875,
  "28": 775.77490234375,
  "29": 946.99560546875,
  "30": 875.23486328125,
  "31": 3739.69921875
}