{
  "model_path": "baseline/LLM-Pruner_1937/pytorch_model.bin",
  "timestamp": "2025-11-21T23:18:43.046769",
  "metrics": {
    "model_info": {
      "total_params": 6474887168,
      "trainable_params": 6474887168,
      "total_params_M": 6474.887168,
      "total_params_B": 6.474887168,
      "attention_params": 1069547520,
      "mlp_params": 4354400256,
      "attention_params_M": 1069.54752,
      "mlp_params_M": 4354.400256,
      "attention_ratio": 0.16518396263117707,
      "mlp_ratio": 0.672505966979655,
      "num_layers": 32,
      "model_size_mb": 12349.867309570312,
      "model_size_gb": 12.060417294502258
    },
    "ppl": {
      "wikitext2 (wikitext-2-raw-v1)": 33.165252685546875,
      "ptb": 54.5002555847168
    },
    "zeroshot": {
      "boolq": {
        "accuracy": 0.6244648318042814,
        "full_results": {
          "alias": "boolq",
          "acc,none": 0.6244648318042814,
          "acc_stderr,none": 0.008469774334938078
        }
      },
      "piqa": {
        "accuracy": 0.7159956474428727,
        "full_results": {
          "alias": "piqa",
          "acc,none": 0.7029379760609358,
          "acc_stderr,none": 0.010661725404814675,
          "acc_norm,none": 0.7159956474428727,
          "acc_norm_stderr,none": 0.01052114754245417
        }
      },
      "hellaswag": {
        "accuracy": 0.5053774148575981,
        "full_results": {
          "alias": "hellaswag",
          "acc,none": 0.3877713602867955,
          "acc_stderr,none": 0.004862461799370356,
          "acc_norm,none": 0.5053774148575981,
          "acc_norm_stderr,none": 0.004989492828168741
        }
      },
      "winogrande": {
        "accuracy": 0.5753749013417522,
        "full_results": {
          "alias": "winogrande",
          "acc,none": 0.5753749013417522,
          "acc_stderr,none": 0.013891893150264218
        }
      },
      "arc_easy": {
        "accuracy": 0.6283670033670034,
        "full_results": {
          "alias": "arc_easy",
          "acc,none": 0.6607744107744108,
          "acc_stderr,none": 0.009714917207765775,
          "acc_norm,none": 0.6283670033670034,
          "acc_norm_stderr,none": 0.009915897123658517
        }
      },
      "arc_challenge": {
        "accuracy": 0.371160409556314,
        "full_results": {
          "alias": "arc_challenge",
          "acc,none": 0.34897610921501704,
          "acc_stderr,none": 0.01392893346138242,
          "acc_norm,none": 0.371160409556314,
          "acc_norm_stderr,none": 0.01411797190114269
        }
      },
      "openbookqa": {
        "accuracy": 0.342,
        "full_results": {
          "alias": "openbookqa",
          "acc,none": 0.25,
          "acc_stderr,none": 0.019384310743640384,
          "acc_norm,none": 0.342,
          "acc_norm_stderr,none": 0.021236147199899316
        }
      }
    },
    "avg_zeroshot_acc": 0.5375343154814031,
    "efficiency": {
      "model_info": {
        "total_params": 6474887168,
        "trainable_params": 6474887168,
        "total_params_M": 6474.887168,
        "total_params_B": 6.474887168,
        "attention_params": 1069547520,
        "mlp_params": 4354400256,
        "attention_params_M": 1069.54752,
        "mlp_params_M": 4354.400256,
        "attention_ratio": 0.16518396263117707,
        "mlp_ratio": 0.672505966979655,
        "num_layers": 32,
        "model_size_mb": 12349.867309570312,
        "model_size_gb": 12.060417294502258
      },
      "speed": {
        "batch_size_1": {
          "throughput_tokens_per_sec": 30.278765740185495,
          "latency_ms_per_token": 33.02644528448582,
          "total_time_sec": 211.36924982070923,
          "total_tokens": 6400
        },
        "batch_size_4": {
          "throughput_tokens_per_sec": 114.69072423137492,
          "latency_ms_per_token": 8.71910092731317,
          "total_time_sec": 53.57015609741211,
          "total_tokens": 6144
        }
      },
      "memory": {
        "model_memory_mb": 12357.9931640625,
        "inference_peak_mb": 12467.2646484375
      }
    }
  }
}