{
  "model_path": "results/LLM-Pruner_1937/pruned_model.bin",
  "timestamp": "2025-11-25T21:59:26.379948",
  "metrics": {
    "model_info": {
      "total_params": 6474887168,
      "trainable_params": 6474887168,
      "total_params_M": 6474.887168,
      "total_params_B": 6.474887168,
      "attention_params": 1069547520,
      "mlp_params": 4354400256,
      "attention_params_M": 1069.54752,
      "mlp_params_M": 4354.400256,
      "attention_ratio": 0.16518396263117707,
      "mlp_ratio": 0.672505966979655,
      "num_layers": 32,
      "model_size_mb": 12349.867309570312,
      "model_size_gb": 12.060417294502258
    },
    "ppl": {
      "wikitext2 (wikitext-2-raw-v1)": 15.98897933959961,
      "ptb": 24.804031372070312
    }
  }
}