{
  "model_path": "results/layerwise_only_200/models/pruned_model.bin",
  "timestamp": "2025-11-21T22:50:49.511547",
  "metrics": {
    "model_info": {
      "total_params": 6466154496,
      "trainable_params": 6466154496,
      "total_params_M": 6466.154496,
      "total_params_B": 6.466154496,
      "attention_params": 1142947840,
      "mlp_params": 4272267264,
      "attention_params_M": 1142.94784,
      "mlp_params_M": 4272.267264,
      "attention_ratio": 0.17675851090583036,
      "mlp_ratio": 0.6607122156828836,
      "num_layers": 32,
      "model_size_mb": 12333.211181640625,
      "model_size_gb": 12.044151544570923
    },
    "ppl": {
      "wikitext2 (wikitext-2-raw-v1)": 30.72317123413086,
      "ptb": 51.16838073730469
    },
    "zeroshot": {
      "boolq": {
        "accuracy": 0.689908256880734,
        "full_results": {
          "alias": "boolq",
          "acc,none": 0.689908256880734,
          "acc_stderr,none": 0.008089716685417832
        }
      },
      "piqa": {
        "accuracy": 0.7366702937976061,
        "full_results": {
          "alias": "piqa",
          "acc,none": 0.7295973884657236,
          "acc_stderr,none": 0.010363167031620654,
          "acc_norm,none": 0.7366702937976061,
          "acc_norm_stderr,none": 0.010276185322196763
        }
      },
      "hellaswag": {
        "accuracy": 0.5715992830113523,
        "full_results": {
          "alias": "hellaswag",
          "acc,none": 0.4260107548297152,
          "acc_stderr,none": 0.004934846809827398,
          "acc_norm,none": 0.5715992830113523,
          "acc_norm_stderr,none": 0.004938356615955755
        }
      },
      "winogrande": {
        "accuracy": 0.6187845303867403,
        "full_results": {
          "alias": "winogrande",
          "acc,none": 0.6187845303867403,
          "acc_stderr,none": 0.013650172164160337
        }
      },
      "arc_easy": {
        "accuracy": 0.6199494949494949,
        "full_results": {
          "alias": "arc_easy",
          "acc,none": 0.6439393939393939,
          "acc_stderr,none": 0.009825454608416157,
          "acc_norm,none": 0.6199494949494949,
          "acc_norm_stderr,none": 0.009960175831493001
        }
      },
      "arc_challenge": {
        "accuracy": 0.3395904436860068,
        "full_results": {
          "alias": "arc_challenge",
          "acc,none": 0.30204778156996587,
          "acc_stderr,none": 0.013417519144716299,
          "acc_norm,none": 0.3395904436860068,
          "acc_norm_stderr,none": 0.013839039762820082
        }
      },
      "openbookqa": {
        "accuracy": 0.356,
        "full_results": {
          "alias": "openbookqa",
          "acc,none": 0.248,
          "acc_stderr,none": 0.019332342821239124,
          "acc_norm,none": 0.356,
          "acc_norm_stderr,none": 0.021434712356072687
        }
      }
    },
    "avg_zeroshot_acc": 0.561786043244562
  }
}