{
  "model_path": "results/search_Llama_layerwise_20/exp_018_taylor_seq_len256_taylor_num_samples128/pruned_model.bin",
  "timestamp": "2025-12-01T22:35:30.522247",
  "metrics": {
    "model_info": {
      "total_params": 6424219648,
      "trainable_params": 6424219648,
      "total_params_M": 6424.219648,
      "total_params_B": 6.424219648,
      "num_layers": 32,
      "module_params": {
        "embedding": 525336576,
        "lm_head": 525336576,
        "final_norm": 4096,
        "attention": 1342177280,
        "mlp": 4031102976,
        "input_layernorm": 131072,
        "post_attention_layernorm": 131072,
        "total_accounted": 6424219648,
        "unaccounted": 0,
        "match": true
      },
      "attention_params": 1342177280,
      "mlp_params": 4031102976,
      "attention_params_M": 1342.17728,
      "mlp_params_M": 4031.102976,
      "attention_ratio": 0.20892456259926434,
      "mlp_ratio": 0.6274852350752003,
      "model_size_mb": 12253.226806640625,
      "model_size_gb": 11.966041803359985
    },
    "ppl_quick_128": {
      "wikitext2 (wikitext-2-raw-v1)": 29.229690551757812,
      "ptb": 45.47433090209961
    },
    "ppl_standard_2048_512": {
      "wikitext2 (wikitext-2-raw-v1)": 12.530832290649414,
      "ptb": 17.167037963867188
    },
    "ppl": {
      "wikitext2 (wikitext-2-raw-v1)": 12.530832290649414,
      "ptb": 17.167037963867188
    },
    "zeroshot": {
      "boolq": {
        "accuracy": 0.517125382262997,
        "full_results": {
          "acc,none": 0.517125382262997,
          "acc_stderr,none": 0.008739923994130101,
          "alias": "boolq"
        }
      },
      "piqa": {
        "accuracy": 0.7383025027203483,
        "full_results": {
          "acc,none": 0.7230685527747551,
          "acc_stderr,none": 0.010440499969334648,
          "acc_norm,none": 0.7383025027203483,
          "acc_norm_stderr,none": 0.010255630772708123,
          "alias": "piqa"
        }
      },
      "hellaswag": {
        "accuracy": 0.6022704640509858,
        "full_results": {
          "acc,none": 0.44054969129655447,
          "acc_stderr,none": 0.004954384702021679,
          "acc_norm,none": 0.6022704640509858,
          "acc_norm_stderr,none": 0.004884287515461335,
          "alias": "hellaswag"
        }
      },
      "winogrande": {
        "accuracy": 0.6685082872928176,
        "full_results": {
          "acc,none": 0.6685082872928176,
          "acc_stderr,none": 0.013230397198964612,
          "alias": "winogrande"
        }
      },
      "arc_easy": {
        "accuracy": 0.601010101010101,
        "full_results": {
          "acc,none": 0.6397306397306397,
          "acc_stderr,none": 0.00985100258473252,
          "acc_norm,none": 0.601010101010101,
          "acc_norm_stderr,none": 0.010048240683798788,
          "alias": "arc_easy"
        }
      },
      "arc_challenge": {
        "accuracy": 0.3575085324232082,
        "full_results": {
          "acc,none": 0.3395904436860068,
          "acc_stderr,none": 0.013839039762820082,
          "acc_norm,none": 0.3575085324232082,
          "acc_norm_stderr,none": 0.014005494275916665,
          "alias": "arc_challenge"
        }
      },
      "openbookqa": {
        "accuracy": 0.386,
        "full_results": {
          "acc,none": 0.252,
          "acc_stderr,none": 0.019435727282249564,
          "acc_norm,none": 0.386,
          "acc_norm_stderr,none": 0.021793529219281196,
          "alias": "openbookqa"
        }
      }
    },
    "avg_zeroshot_acc": 0.5529607528229226
  }
}