{
  "model_path": "results/search_Mistral_layerwise_20/exp_019_taylor_seq_len256_taylor_num_samples256/pruned_model.bin",
  "timestamp": "2025-12-02T05:16:19.029465",
  "metrics": {
    "model_info": {
      "total_params": 5798420480,
      "trainable_params": 5798420480,
      "total_params_M": 5798.42048,
      "total_params_B": 5.79842048,
      "num_layers": 32,
      "module_params": {
        "embedding": 134217728,
        "lm_head": 134217728,
        "final_norm": 4096,
        "attention": 1342177280,
        "mlp": 4187541504,
        "input_layernorm": 131072,
        "post_attention_layernorm": 131072,
        "total_accounted": 5798420480,
        "unaccounted": 0,
        "match": true
      },
      "attention_params": 1342177280,
      "mlp_params": 4187541504,
      "attention_params_M": 1342.17728,
      "mlp_params_M": 4187.541504,
      "attention_ratio": 0.23147291311995366,
      "mlp_ratio": 0.7221865883034408,
      "model_size_mb": 11059.609619140625,
      "model_size_gb": 10.800400018692017
    },
    "ppl_quick_128": {
      "wikitext2 (wikitext-2-raw-v1)": 35.8632926940918,
      "ptb": 141.72132873535156
    },
    "ppl_standard_2048_512": {
      "wikitext2 (wikitext-2-raw-v1)": 19.968311309814453,
      "ptb": 114.61723327636719
    },
    "ppl": {
      "wikitext2 (wikitext-2-raw-v1)": 19.968311309814453,
      "ptb": 114.61723327636719
    },
    "zeroshot": {
      "boolq": {
        "accuracy": 0.6122324159021407,
        "full_results": {
          "acc,none": 0.6122324159021407,
          "acc_stderr,none": 0.008521900328013834,
          "alias": "boolq"
        }
      },
      "piqa": {
        "accuracy": 0.6637649619151251,
        "full_results": {
          "acc,none": 0.6545157780195865,
          "acc_stderr,none": 0.011094802893617885,
          "acc_norm,none": 0.6637649619151251,
          "acc_norm_stderr,none": 0.01102234670897027,
          "alias": "piqa"
        }
      },
      "hellaswag": {
        "accuracy": 0.45956980681139215,
        "full_results": {
          "acc,none": 0.3580959968133838,
          "acc_stderr,none": 0.004784607222774797,
          "acc_norm,none": 0.45956980681139215,
          "acc_norm_stderr,none": 0.004973442060741616,
          "alias": "hellaswag"
        }
      },
      "winogrande": {
        "accuracy": 0.5524861878453039,
        "full_results": {
          "acc,none": 0.5524861878453039,
          "acc_stderr,none": 0.013974847640536145,
          "alias": "winogrande"
        }
      },
      "arc_easy": {
        "accuracy": 0.4671717171717172,
        "full_results": {
          "acc,none": 0.5218855218855218,
          "acc_stderr,none": 0.010249950427234134,
          "acc_norm,none": 0.4671717171717172,
          "acc_norm_stderr,none": 0.010237645778853782,
          "alias": "arc_easy"
        }
      },
      "arc_challenge": {
        "accuracy": 0.27303754266211605,
        "full_results": {
          "acc,none": 0.22866894197952217,
          "acc_stderr,none": 0.012272853582540892,
          "acc_norm,none": 0.27303754266211605,
          "acc_norm_stderr,none": 0.01301933276263586,
          "alias": "arc_challenge"
        }
      },
      "openbookqa": {
        "accuracy": 0.312,
        "full_results": {
          "acc,none": 0.166,
          "acc_stderr,none": 0.016656616876531173,
          "acc_norm,none": 0.312,
          "acc_norm_stderr,none": 0.020740596536488017,
          "alias": "openbookqa"
        }
      }
    },
    "avg_zeroshot_acc": 0.47718037604397073
  }
}