{
  "model_path": "results/search_Llama-Instruct_blockwise_20/exp_019_taylor_seq_len256_taylor_num_samples256/pruned_model.bin",
  "timestamp": "2025-12-02T18:09:42.871956",
  "metrics": {
    "model_info": {
      "total_params": 6424215552,
      "trainable_params": 6424215552,
      "total_params_M": 6424.215552,
      "total_params_B": 6.424215552,
      "num_layers": 32,
      "module_params": {
        "embedding": 525336576,
        "lm_head": 525336576,
        "final_norm": 4096,
        "attention": 1190133760,
        "mlp": 4183142400,
        "input_layernorm": 131072,
        "post_attention_layernorm": 131072,
        "total_accounted": 6424215552,
        "unaccounted": 0,
        "match": true
      },
      "attention_params": 1190133760,
      "mlp_params": 4183142400,
      "attention_params_M": 1190.13376,
      "mlp_params_M": 4183.1424,
      "attention_ratio": 0.18525744511008588,
      "mlp_ratio": 0.6511522482612987,
      "model_size_mb": 12253.218994140625,
      "model_size_gb": 11.966034173965454
    },
    "ppl_quick_128": {
      "wikitext2 (wikitext-2-raw-v1)": 46.203651428222656,
      "ptb": 77.96007537841797
    },
    "ppl_standard_2048_512": {
      "wikitext2 (wikitext-2-raw-v1)": 18.156518936157227,
      "ptb": 28.222488403320312
    },
    "ppl": {
      "wikitext2 (wikitext-2-raw-v1)": 18.156518936157227,
      "ptb": 28.222488403320312
    },
    "zeroshot": {
      "boolq": {
        "accuracy": 0.7076452599388379,
        "full_results": {
          "acc,none": 0.7076452599388379,
          "acc_stderr,none": 0.007955278909905895,
          "alias": "boolq"
        }
      },
      "piqa": {
        "accuracy": 0.7268770402611534,
        "full_results": {
          "acc,none": 0.7181719260065288,
          "acc_stderr,none": 0.010496675231258095,
          "acc_norm,none": 0.7268770402611534,
          "acc_norm_stderr,none": 0.01039573026445318,
          "alias": "piqa"
        }
      },
      "hellaswag": {
        "accuracy": 0.6472814180442144,
        "full_results": {
          "acc,none": 0.4642501493726349,
          "acc_stderr,none": 0.00497701067043624,
          "acc_norm,none": 0.6472814180442144,
          "acc_norm_stderr,none": 0.004768395354146864,
          "alias": "hellaswag"
        }
      },
      "winogrande": {
        "accuracy": 0.6803472770323599,
        "full_results": {
          "acc,none": 0.6803472770323599,
          "acc_stderr,none": 0.01310652851766518,
          "alias": "winogrande"
        }
      },
      "arc_easy": {
        "accuracy": 0.6818181818181818,
        "full_results": {
          "acc,none": 0.7154882154882155,
          "acc_stderr,none": 0.009258050925618697,
          "acc_norm,none": 0.6818181818181818,
          "acc_norm_stderr,none": 0.009557408782506306,
          "alias": "arc_easy"
        }
      },
      "arc_challenge": {
        "accuracy": 0.4325938566552901,
        "full_results": {
          "acc,none": 0.4121160409556314,
          "acc_stderr,none": 0.014383915302225433,
          "acc_norm,none": 0.4325938566552901,
          "acc_norm_stderr,none": 0.014478005694182441,
          "alias": "arc_challenge"
        }
      },
      "openbookqa": {
        "accuracy": 0.378,
        "full_results": {
          "acc,none": 0.276,
          "acc_stderr,none": 0.02001121929807355,
          "acc_norm,none": 0.378,
          "acc_norm_stderr,none": 0.02170655082451827,
          "alias": "openbookqa"
        }
      }
    },
    "avg_zeroshot_acc": 0.6077947191071482
  }
}