{
  "params": {},
  "metrics": {
    "acc_mean": 0.5980432152155284,
    "ppl": 13.171745300292969,
    "grad_norm_ratio": 12.174176803043103
  },
  "output_dir": "results/search_Llama_blockwise_20/exp_007_taylor_seq_len64_taylor_num_samples128"
}