{
  "model_path": "results/search_Mistral_blockwise_20/exp_010_taylor_seq_len64_taylor_num_samples512/pruned_model.bin",
  "timestamp": "2025-12-02T02:39:24.921987",
  "metrics": {
    "model_info": {
      "total_params": 5798420480,
      "trainable_params": 5798420480,
      "total_params_M": 5798.42048,
      "total_params_B": 5.79842048,
      "num_layers": 32,
      "module_params": {
        "embedding": 134217728,
        "lm_head": 134217728,
        "final_norm": 4096,
        "attention": 1342177280,
        "mlp": 4187541504,
        "input_layernorm": 131072,
        "post_attention_layernorm": 131072,
        "total_accounted": 5798420480,
        "unaccounted": 0,
        "match": true
      },
      "attention_params": 1342177280,
      "mlp_params": 4187541504,
      "attention_params_M": 1342.17728,
      "mlp_params_M": 4187.541504,
      "attention_ratio": 0.23147291311995366,
      "mlp_ratio": 0.7221865883034408,
      "model_size_mb": 11059.609619140625,
      "model_size_gb": 10.800400018692017
    },
    "ppl_quick_128": {
      "wikitext2 (wikitext-2-raw-v1)": 22.538320541381836,
      "ptb": 96.3933334350586
    },
    "ppl_standard_2048_512": {
      "wikitext2 (wikitext-2-raw-v1)": 11.299882888793945,
      "ptb": 81.9193344116211
    },
    "ppl": {
      "wikitext2 (wikitext-2-raw-v1)": 11.299882888793945,
      "ptb": 81.9193344116211
    },
    "zeroshot": {
      "boolq": {
        "accuracy": 0.6529051987767585,
        "full_results": {
          "acc,none": 0.6529051987767585,
          "acc_stderr,none": 0.008326100668151969,
          "alias": "boolq"
        }
      },
      "piqa": {
        "accuracy": 0.7627856365614799,
        "full_results": {
          "acc,none": 0.7562568008705114,
          "acc_stderr,none": 0.010017199471500487,
          "acc_norm,none": 0.7627856365614799,
          "acc_norm_stderr,none": 0.00992469493358645,
          "alias": "piqa"
        }
      },
      "hellaswag": {
        "accuracy": 0.6131248755228043,
        "full_results": {
          "acc,none": 0.4652459669388568,
          "acc_stderr,none": 0.00497771307389946,
          "acc_norm,none": 0.6131248755228043,
          "acc_norm_stderr,none": 0.0048603930119742915,
          "alias": "hellaswag"
        }
      },
      "winogrande": {
        "accuracy": 0.6219415943172849,
        "full_results": {
          "acc,none": 0.6219415943172849,
          "acc_stderr,none": 0.013628165460523242,
          "alias": "winogrande"
        }
      },
      "arc_easy": {
        "accuracy": 0.6317340067340067,
        "full_results": {
          "acc,none": 0.6738215488215489,
          "acc_stderr,none": 0.009619849417035217,
          "acc_norm,none": 0.6317340067340067,
          "acc_norm_stderr,none": 0.009897286209010814,
          "alias": "arc_easy"
        }
      },
      "arc_challenge": {
        "accuracy": 0.3378839590443686,
        "full_results": {
          "acc,none": 0.3191126279863481,
          "acc_stderr,none": 0.01362169611917341,
          "acc_norm,none": 0.3378839590443686,
          "acc_norm_stderr,none": 0.01382204792228354,
          "alias": "arc_challenge"
        }
      },
      "openbookqa": {
        "accuracy": 0.376,
        "full_results": {
          "acc,none": 0.27,
          "acc_stderr,none": 0.019874354831287473,
          "acc_norm,none": 0.376,
          "acc_norm_stderr,none": 0.02168382753928621,
          "alias": "openbookqa"
        }
      }
    },
    "avg_zeroshot_acc": 0.5709107529938147
  }
}