{
  "model_path": "results/search_Mistral_layerwise_20/exp_019_taylor_seq_len256_taylor_num_samples256/pruned_model.bin",
  "timestamp": "2025-12-02T18:01:10.551272",
  "metrics": {
    "model_info": {
      "total_params": 5798420480,
      "trainable_params": 5798420480,
      "total_params_M": 5798.42048,
      "total_params_B": 5.79842048,
      "num_layers": 32,
      "module_params": {
        "embedding": 134217728,
        "lm_head": 134217728,
        "final_norm": 4096,
        "attention": 1342177280,
        "mlp": 4187541504,
        "input_layernorm": 131072,
        "post_attention_layernorm": 131072,
        "total_accounted": 5798420480,
        "unaccounted": 0,
        "match": true
      },
      "attention_params": 1342177280,
      "mlp_params": 4187541504,
      "attention_params_M": 1342.17728,
      "mlp_params_M": 4187.541504,
      "attention_ratio": 0.23147291311995366,
      "mlp_ratio": 0.7221865883034408,
      "model_size_mb": 11059.609619140625,
      "model_size_gb": 10.800400018692017
    },
    "ppl_quick_128": {
      "wikitext2 (wikitext-2-raw-v1)": 62.533931732177734,
      "ptb": 213.74949645996094
    },
    "ppl_standard_2048_512": {
      "wikitext2 (wikitext-2-raw-v1)": 36.42490768432617,
      "ptb": 185.63909912109375
    },
    "ppl": {
      "wikitext2 (wikitext-2-raw-v1)": 36.42490768432617,
      "ptb": 185.63909912109375
    },
    "zeroshot": {
      "boolq": {
        "accuracy": 0.5559633027522936,
        "full_results": {
          "acc,none": 0.5559633027522936,
          "acc_stderr,none": 0.008690105214920698,
          "alias": "boolq"
        }
      },
      "piqa": {
        "accuracy": 0.6033732317736671,
        "full_results": {
          "acc,none": 0.6126224156692056,
          "acc_stderr,none": 0.011366038083435972,
          "acc_norm,none": 0.6033732317736671,
          "acc_norm_stderr,none": 0.011413778810510448,
          "alias": "piqa"
        }
      },
      "hellaswag": {
        "accuracy": 0.3630750846444931,
        "full_results": {
          "acc,none": 0.31428002389962156,
          "acc_stderr,none": 0.004632797375289952,
          "acc_norm,none": 0.3630750846444931,
          "acc_norm_stderr,none": 0.00479903435696967,
          "alias": "hellaswag"
        }
      },
      "winogrande": {
        "accuracy": 0.516179952644041,
        "full_results": {
          "acc,none": 0.516179952644041,
          "acc_stderr,none": 0.014045126130978676,
          "alias": "winogrande"
        }
      },
      "arc_easy": {
        "accuracy": 0.3808922558922559,
        "full_results": {
          "acc,none": 0.41624579124579125,
          "acc_stderr,none": 0.010114819404500796,
          "acc_norm,none": 0.3808922558922559,
          "acc_norm_stderr,none": 0.009964428212260358,
          "alias": "arc_easy"
        }
      },
      "arc_challenge": {
        "accuracy": 0.23890784982935154,
        "full_results": {
          "acc,none": 0.18686006825938567,
          "acc_stderr,none": 0.0113910156496944,
          "acc_norm,none": 0.23890784982935154,
          "acc_norm_stderr,none": 0.012461071376316715,
          "alias": "arc_challenge"
        }
      },
      "openbookqa": {
        "accuracy": 0.294,
        "full_results": {
          "acc,none": 0.162,
          "acc_stderr,none": 0.016494123566423557,
          "acc_norm,none": 0.294,
          "acc_norm_stderr,none": 0.02039509548493655,
          "alias": "openbookqa"
        }
      }
    },
    "avg_zeroshot_acc": 0.42177023964801463
  }
}