{
  "model_path": "results/search_Llama_layerwise_20/exp_020_taylor_seq_len256_taylor_num_samples512/pruned_model.bin",
  "timestamp": "2025-12-02T20:23:44.678980",
  "metrics": {
    "model_info": {
      "total_params": 6424219648,
      "trainable_params": 6424219648,
      "total_params_M": 6424.219648,
      "total_params_B": 6.424219648,
      "num_layers": 32,
      "module_params": {
        "embedding": 525336576,
        "lm_head": 525336576,
        "final_norm": 4096,
        "attention": 1232076800,
        "mlp": 4141203456,
        "input_layernorm": 131072,
        "post_attention_layernorm": 131072,
        "total_accounted": 6424219648,
        "unaccounted": 0,
        "match": true
      },
      "attention_params": 1232076800,
      "mlp_params": 4141203456,
      "attention_params_M": 1232.0768,
      "mlp_params_M": 4141.203456,
      "attention_ratio": 0.19178621957354344,
      "mlp_ratio": 0.6446235781009211,
      "model_size_mb": 12253.226806640625,
      "model_size_gb": 11.966041803359985
    },
    "ppl_quick_128": {
      "wikitext2 (wikitext-2-raw-v1)": 31.6363525390625,
      "ptb": 48.88001251220703
    },
    "ppl_standard_2048_512": {
      "wikitext2 (wikitext-2-raw-v1)": 13.0171537399292,
      "ptb": 17.94354820251465
    },
    "ppl": {
      "wikitext2 (wikitext-2-raw-v1)": 13.0171537399292,
      "ptb": 17.94354820251465
    },
    "zeroshot": {
      "boolq": {
        "accuracy": 0.6357798165137615,
        "full_results": {
          "acc,none": 0.6357798165137615,
          "acc_stderr,none": 0.008416429936787161,
          "alias": "boolq"
        }
      },
      "piqa": {
        "accuracy": 0.735038084874864,
        "full_results": {
          "acc,none": 0.7312295973884657,
          "acc_stderr,none": 0.01034339294008991,
          "acc_norm,none": 0.735038084874864,
          "acc_norm_stderr,none": 0.010296557993316033,
          "alias": "piqa"
        }
      },
      "hellaswag": {
        "accuracy": 0.6171081457876917,
        "full_results": {
          "acc,none": 0.450408285202151,
          "acc_stderr,none": 0.0049651776330497145,
          "acc_norm,none": 0.6171081457876917,
          "acc_norm_stderr,none": 0.004850988215167681,
          "alias": "hellaswag"
        }
      },
      "winogrande": {
        "accuracy": 0.665351223362273,
        "full_results": {
          "acc,none": 0.665351223362273,
          "acc_stderr,none": 0.013261823629558507,
          "alias": "winogrande"
        }
      },
      "arc_easy": {
        "accuracy": 0.609006734006734,
        "full_results": {
          "acc,none": 0.6544612794612794,
          "acc_stderr,none": 0.009757948730670471,
          "acc_norm,none": 0.609006734006734,
          "acc_norm_stderr,none": 0.010012992232540683,
          "alias": "arc_easy"
        }
      },
      "arc_challenge": {
        "accuracy": 0.36689419795221845,
        "full_results": {
          "acc,none": 0.3387372013651877,
          "acc_stderr,none": 0.013830568927974365,
          "acc_norm,none": 0.36689419795221845,
          "acc_norm_stderr,none": 0.014084133118104419,
          "alias": "arc_challenge"
        }
      },
      "openbookqa": {
        "accuracy": 0.38,
        "full_results": {
          "acc,none": 0.278,
          "acc_stderr,none": 0.020055833888070865,
          "acc_norm,none": 0.38,
          "acc_norm_stderr,none": 0.021728881438701678,
          "alias": "openbookqa"
        }
      }
    },
    "avg_zeroshot_acc": 0.5727397432139346
  }
}