{
  "model_path": "results/finetuned/Llama-Instruct/ShortGPT_remove_7_finetuned/pruned_model.bin",
  "timestamp": "2025-12-06T18:44:42.021514",
  "metrics": {
    "model_info": {
      "total_params": 6503477248,
      "trainable_params": 0,
      "total_params_M": 6503.477248,
      "total_params_B": 6.503477248,
      "num_layers": 25,
      "module_params": {
        "embedding": 525336576,
        "lm_head": 525336576,
        "final_norm": 4096,
        "attention": 1048576000,
        "mlp": 4404019200,
        "input_layernorm": 102400,
        "post_attention_layernorm": 102400,
        "total_accounted": 6503477248,
        "unaccounted": 0,
        "match": true
      },
      "attention_params": 1048576000,
      "mlp_params": 4404019200,
      "attention_params_M": 1048.576,
      "mlp_params_M": 4404.0192,
      "attention_ratio": 0.1612331311411086,
      "mlp_ratio": 0.6771791507926561,
      "model_size_mb": 12404.398559570312,
      "model_size_gb": 12.113670468330383
    },
    "ppl_quick_128": {
      "wikitext2 (wikitext-2-raw-v1)": 32.838497161865234,
      "ptb": 44.38050842285156
    },
    "ppl_standard_2048_512": {
      "wikitext2 (wikitext-2-raw-v1)": 13.18313980102539,
      "ptb": 17.333080291748047
    },
    "ppl": {
      "wikitext2 (wikitext-2-raw-v1)": 13.18313980102539,
      "ptb": 17.333080291748047
    },
    "zeroshot": {
      "boolq": {
        "accuracy": 0.7926605504587156,
        "full_results": {
          "acc,none": 0.7926605504587156,
          "acc_stderr,none": 0.007090504428130304,
          "alias": "boolq"
        }
      },
      "piqa": {
        "accuracy": 0.736126224156692,
        "full_results": {
          "acc,none": 0.7388465723612623,
          "acc_stderr,none": 0.010248738649935658,
          "acc_norm,none": 0.736126224156692,
          "acc_norm_stderr,none": 0.010282996367695665,
          "alias": "piqa"
        }
      },
      "hellaswag": {
        "accuracy": 0.7076279625572595,
        "full_results": {
          "acc,none": 0.5317665803624776,
          "acc_stderr,none": 0.004979700695747546,
          "acc_norm,none": 0.7076279625572595,
          "acc_norm_stderr,none": 0.004539227260397284,
          "alias": "hellaswag"
        }
      },
      "winogrande": {
        "accuracy": 0.7071823204419889,
        "full_results": {
          "acc,none": 0.7071823204419889,
          "acc_stderr,none": 0.012789321118542666,
          "alias": "winogrande"
        }
      },
      "arc_easy": {
        "accuracy": 0.7104377104377104,
        "full_results": {
          "acc,none": 0.7491582491582491,
          "acc_stderr,none": 0.008895183010487272,
          "acc_norm,none": 0.7104377104377104,
          "acc_norm_stderr,none": 0.009306838912173739,
          "alias": "arc_easy"
        }
      },
      "arc_challenge": {
        "accuracy": 0.4684300341296928,
        "full_results": {
          "acc,none": 0.454778156996587,
          "acc_stderr,none": 0.014551507060836234,
          "acc_norm,none": 0.4684300341296928,
          "acc_norm_stderr,none": 0.014582236460866985,
          "alias": "arc_challenge"
        }
      },
      "openbookqa": {
        "accuracy": 0.39,
        "full_results": {
          "acc,none": 0.298,
          "acc_stderr,none": 0.020475118092988954,
          "acc_norm,none": 0.39,
          "acc_norm_stderr,none": 0.021834685869369132,
          "alias": "openbookqa"
        }
      }
    },
    "avg_zeroshot_acc": 0.6446378288831512
  }
}