{
  "attention": {
    "0": 4.778256282440733,
    "1": 1.7316865375473975,
    "2": 2.0703483096743778,
    "3": 1.4933548221340427,
    "4": 1.2715450601217988,
    "5": 1.1852167938399916,
    "6": 1.0175808741121877,
    "7": 1.0021745841593086,
    "8": 1.0184023745943156,
    "9": 0.9287663984976948,
    "10": 0.9457201798462025,
    "11": 0.9658582408117082,
    "12": 0.9152237363413072,
    "13": 0.9209321827968111,
    "14": 0.8840693648980587,
    "15": 0.689995018287286,
    "16": 0.6178860743987977,
    "17": 0.5330728356603789,
    "18": 0.5068302158964366,
    "19": 0.40966170425391457,
    "20": 0.3762805750875762,
    "21": 0.36789127832293556,
    "22": 0.3406030015585664,
    "23": 0.3022855722985298,
    "24": 0.29790401901075203,
    "25": 0.3003067122467078,
    "26": 0.24450631280260904,
    "27": 0.24730770604140062,
    "28": 0.20814911406498737,
    "29": 0.22656465063289666,
    "30": 0.21423550144565873,
    "31": 0.16729655970595214
  },
  "mlp": {
    "0": 4.680633223196866,
    "1": 3.5652642076075924,
    "2": 0.9208145806578552,
    "3": 0.8338041333556543,
    "4": 0.7105809850462732,
    "5": 0.6611525435910668,
    "6": 0.5869970918807557,
    "7": 0.5355299661833337,
    "8": 0.5278659890150683,
    "9": 0.5391808856617315,
    "10": 0.5007253566050718,
    "11": 0.5048439415723509,
    "12": 0.4825057664917214,
    "13": 0.44444404226360845,
    "14": 0.4538173976324922,
    "15": 0.4112658005256158,
    "16": 0.37497558030510003,
    "17": 0.38776661410476176,
    "18": 0.3878363202070849,
    "19": 0.3552604314347585,
    "20": 0.3054143130668683,
    "21": 0.2807851903734928,
    "22": 0.29079563100174255,
    "23": 0.298699432784713,
    "24": 0.2932351999394891,
    "25": 0.2865023315137156,
    "26": 0.2735178292203111,
    "27": 0.2445164769242849,
    "28": 0.2925789251545732,
    "29": 0.29132966429050366,
    "30": 0.5586716454929972,
    "31": 1.6625567830191326
  }
}