{
  "extreme_pruning_layers": [
    {
      "layer_idx": 26,
      "pruning_rate": 0.6472516741071429,
      "importance": 0.5253624064581734,
      "gradient_mean": 0.004252291543202268,
      "gradient_norm": 20.60683298110962
    },
    {
      "layer_idx": 27,
      "pruning_rate": 0.8069196428571429,
      "importance": 0.5259134428841727,
      "gradient_mean": 0.004799717157665227,
      "gradient_norm": 24.53210030661689
    },
    {
      "layer_idx": 28,
      "pruning_rate": 0.5684988839285714,
      "importance": 0.5403906958443778,
      "gradient_mean": 0.003959169714815087,
      "gradient_norm": 20.261264933480156
    },
    {
      "layer_idx": 29,
      "pruning_rate": 0.5778459821428571,
      "importance": 0.5666978699820382,
      "gradient_mean": 0.0047362236202591,
      "gradient_norm": 29.5941162109375
    }
  ],
  "num_extreme_layers": 4,
  "gradient_statistics": {
    "mean_range": [
      0.003959169714815087,
      0.02871025074273348
    ],
    "mean_ratio": 7.251583560599155,
    "norm_range": [
      19.68125624126858,
      235.4979994032118
    ],
    "norm_ratio": 11.965597953458479
  },
  "diagnosis": []
}