{
  "model_path": "results/finetuned/Mistral/best_ppl_finetuned/pruned_model.bin",
  "timestamp": "2025-12-06T22:42:31.703412",
  "metrics": {
    "model_info": {
      "total_params": 5798420480,
      "trainable_params": 0,
      "total_params_M": 5798.42048,
      "total_params_B": 5.79842048,
      "num_layers": 32,
      "module_params": {
        "embedding": 134217728,
        "lm_head": 134217728,
        "final_norm": 4096,
        "attention": 1326448640,
        "mlp": 4203270144,
        "input_layernorm": 131072,
        "post_attention_layernorm": 131072,
        "total_accounted": 5798420480,
        "unaccounted": 0,
        "match": true
      },
      "attention_params": 1326448640,
      "mlp_params": 4203270144,
      "attention_params_M": 1326.44864,
      "mlp_params_M": 4203.270144,
      "attention_ratio": 0.2287603399193292,
      "mlp_ratio": 0.7248991615040653,
      "model_size_mb": 11059.609497070312,
      "model_size_gb": 10.800399899482727
    },
    "ppl_quick_128": {
      "wikitext2 (wikitext-2-raw-v1)": 16.80141830444336,
      "ptb": 79.064208984375
    },
    "ppl_standard_2048_512": {
      "wikitext2 (wikitext-2-raw-v1)": 7.704229831695557,
      "ptb": 48.81353759765625
    },
    "ppl": {
      "wikitext2 (wikitext-2-raw-v1)": 7.704229831695557,
      "ptb": 48.81353759765625
    },
    "zeroshot": {
      "boolq": {
        "accuracy": 0.7021406727828746,
        "full_results": {
          "acc,none": 0.7021406727828746,
          "acc_stderr,none": 0.00799853053969277,
          "alias": "boolq"
        }
      },
      "piqa": {
        "accuracy": 0.795429815016322,
        "full_results": {
          "acc,none": 0.7823721436343852,
          "acc_stderr,none": 0.009627407474840807,
          "acc_norm,none": 0.795429815016322,
          "acc_norm_stderr,none": 0.009411688039193577,
          "alias": "piqa"
        }
      },
      "hellaswag": {
        "accuracy": 0.7091216889065923,
        "full_results": {
          "acc,none": 0.5317665803624776,
          "acc_stderr,none": 0.004979700695747546,
          "acc_norm,none": 0.7091216889065923,
          "acc_norm_stderr,none": 0.004532393111248667,
          "alias": "hellaswag"
        }
      },
      "winogrande": {
        "accuracy": 0.6195737963693765,
        "full_results": {
          "acc,none": 0.6195737963693765,
          "acc_stderr,none": 0.01364472790865672,
          "alias": "winogrande"
        }
      },
      "arc_easy": {
        "accuracy": 0.6611952861952862,
        "full_results": {
          "acc,none": 0.7209595959595959,
          "acc_stderr,none": 0.009203588704032725,
          "acc_norm,none": 0.6611952861952862,
          "acc_norm_stderr,none": 0.009711980224301807,
          "alias": "arc_easy"
        }
      },
      "arc_challenge": {
        "accuracy": 0.3967576791808874,
        "full_results": {
          "acc,none": 0.3873720136518771,
          "acc_stderr,none": 0.014235872487909897,
          "acc_norm,none": 0.3967576791808874,
          "acc_norm_stderr,none": 0.014296513020180628,
          "alias": "arc_challenge"
        }
      },
      "openbookqa": {
        "accuracy": 0.4,
        "full_results": {
          "acc,none": 0.302,
          "acc_stderr,none": 0.02055326917420912,
          "acc_norm,none": 0.4,
          "acc_norm_stderr,none": 0.02193084412072858,
          "alias": "openbookqa"
        }
      }
    },
    "avg_zeroshot_acc": 0.6120312769216198
  }
}