{
  "extreme_pruning_layers": [
    {
      "layer_idx": 28,
      "pruning_rate": 0.5066266741071429,
      "importance": 0.08690363594463893,
      "gradient_mean": 0.0009095701906416151,
      "gradient_norm": 5.081976996527778
    },
    {
      "layer_idx": 29,
      "pruning_rate": 0.5749860491071429,
      "importance": 0.08541824030024665,
      "gradient_mean": 0.001020967960357666,
      "gradient_norm": 7.655124240451389
    },
    {
      "layer_idx": 30,
      "pruning_rate": 0.6658063616071429,
      "importance": 0.07764646996344839,
      "gradient_mean": 0.0010767512851291234,
      "gradient_norm": 5.28993394639757
    },
    {
      "layer_idx": 31,
      "pruning_rate": 0.6187220982142857,
      "importance": 0.08205886398042951,
      "gradient_mean": 0.0016088022126091851,
      "gradient_norm": 6.984754774305555
    }
  ],
  "num_extreme_layers": 4,
  "gradient_statistics": {
    "mean_range": [
      0.0006933261950810751,
      0.007389292120933533
    ],
    "mean_ratio": 10.657741056928261,
    "norm_range": [
      3.4879591200086804,
      47.03302680121528
    ],
    "norm_ratio": 13.48439737440208
  },
  "diagnosis": []
}