{
  "model_path": "/newdata/LLMs/Llama-3-8B-Instruct",
  "timestamp": "2025-11-25T21:55:17.295688",
  "metrics": {
    "model_info": {
      "total_params": 8030261248,
      "trainable_params": 8030261248,
      "total_params_M": 8030.261248,
      "total_params_B": 8.030261248,
      "attention_params": 1342177280,
      "mlp_params": 5637144576,
      "attention_params_M": 1342.17728,
      "mlp_params_M": 5637.144576,
      "attention_ratio": 0.16713992715172,
      "mlp_ratio": 0.7019876940372239,
      "num_layers": 32,
      "model_size_mb": 15316.508056640625,
      "model_size_gb": 14.95752739906311
    },
    "ppl": {
      "wikitext2 (wikitext-2-raw-v1)": 8.25709056854248,
      "ptb": 13.087120056152344
    }
  }
}