{
  "attention": {
    "0": 7.7815675690281685,
    "1": 1.7961308063709076,
    "2": 0.5099885786277256,
    "3": 0.2078592043816032,
    "4": 0.1565804615838351,
    "5": 0.08168344225699808,
    "6": 0.08327894853038487,
    "7": 0.06799466542996147,
    "8": 0.04368206260826435,
    "9": 0.07147062862347475,
    "10": 0.031827162104205886,
    "11": 0.031129268156674605,
    "12": 0.044357037795086374,
    "13": 0.0511675176180173,
    "14": 0.04630692029411865,
    "15": 0.03737158512470051,
    "16": 0.06302463053703411,
    "17": 0.07079789027184269,
    "18": 0.1029087996526381,
    "19": 0.09643143820209144,
    "20": 0.045856954553688656,
    "21": 0.04230097741336891,
    "22": 0.04912348210671702,
    "23": 0.05954353789248357,
    "24": 0.01662553334151129,
    "25": 0.014728974429496056,
    "26": 0.03324040957362051,
    "27": 0.7056843886405693
  },
  "mlp": {
    "0": 1.1036444848003142,
    "1": 8.094185451747709,
    "2": 3.986443962473298,
    "3": 3.323488303510306,
    "4": 2.623320896452836,
    "5": 1.7582120551885536,
    "6": 0.3288469103333971,
    "7": 0.10227319130989976,
    "8": 0.06647847055528544,
    "9": 0.22073733981780697,
    "10": 0.08920957486366854,
    "11": 0.09411566158593532,
    "12": 0.06914752481833863,
    "13": 0.0688174278173701,
    "14": 0.07177167742700741,
    "15": 0.06522108451064446,
    "16": 0.0561304797028348,
    "17": 0.05044408999632877,
    "18": 0.05255980382182468,
    "19": 0.0650445003217639,
    "20": 0.07238753915154383,
    "21": 0.07915031432110409,
    "22": 0.12346388640460537,
    "23": 0.11767801209414852,
    "24": 0.12449009764060781,
    "25": 0.1655993785829959,
    "26": 0.22255589578288726,
    "27": 0.8543781992269905
  }
}