{
  "extreme_pruning_layers": [
    {
      "layer_idx": 30,
      "pruning_rate": 0.5643833705357143,
      "importance": 2.9240053721836636,
      "gradient_mean": 0.04941191839882069,
      "gradient_norm": 268.6917094654507
    },
    {
      "layer_idx": 31,
      "pruning_rate": 0.5588727678571429,
      "importance": 2.731965490749904,
      "gradient_mean": 0.06374243600293994,
      "gradient_norm": 279.0771136813694
    }
  ],
  "num_extreme_layers": 2,
  "gradient_statistics": {
    "mean_range": [
      0.029838881714062557,
      0.31225748722338015
    ],
    "mean_ratio": 10.464785147418578,
    "norm_range": [
      170.91694519254895,
      2075.6001177893745
    ],
    "norm_ratio": 12.143910689778963
  },
  "diagnosis": []
}