{
  "model_path": "results/search_Qwen-Instruct_blockwise_20/exp_004_taylor_seq_len32_taylor_num_samples256/pruned_model.bin",
  "timestamp": "2025-12-02T00:54:15.656790",
  "metrics": {
    "model_info": {
      "total_params": 6092498944,
      "trainable_params": 6092498944,
      "total_params_M": 6092.498944,
      "total_params_B": 6.092498944,
      "num_layers": 28,
      "module_params": {
        "embedding": 544997376,
        "lm_head": 544997376,
        "final_norm": 3584,
        "attention": 822212608,
        "mlp": 4180087296,
        "input_layernorm": 100352,
        "post_attention_layernorm": 100352,
        "total_accounted": 6092498944,
        "unaccounted": 0,
        "match": true
      },
      "attention_params": 822212608,
      "mlp_params": 4180087296,
      "attention_params_M": 822.212608,
      "mlp_params_M": 4180.087296,
      "attention_ratio": 0.1349549036540629,
      "mlp_ratio": 0.6861039016045499,
      "model_size_mb": 11620.519775390625,
      "model_size_gb": 11.348163843154907
    },
    "ppl_quick_128": {
      "wikitext2 (wikitext-2-raw-v1)": 24.231727600097656,
      "ptb": 48.27449035644531
    },
    "ppl_standard_2048_512": {
      "wikitext2 (wikitext-2-raw-v1)": 11.568474769592285,
      "ptb": 20.040529251098633
    },
    "ppl": {
      "wikitext2 (wikitext-2-raw-v1)": 11.568474769592285,
      "ptb": 20.040529251098633
    },
    "zeroshot": {
      "boolq": {
        "accuracy": 0.6660550458715596,
        "full_results": {
          "acc,none": 0.6660550458715596,
          "acc_stderr,none": 0.008248691169399863,
          "alias": "boolq"
        }
      },
      "piqa": {
        "accuracy": 0.7611534276387377,
        "full_results": {
          "acc,none": 0.7459194776931447,
          "acc_stderr,none": 0.010157271999135166,
          "acc_norm,none": 0.7611534276387377,
          "acc_norm_stderr,none": 0.009948120385337331,
          "alias": "piqa"
        }
      },
      "hellaswag": {
        "accuracy": 0.6397132045409281,
        "full_results": {
          "acc,none": 0.4704242182832105,
          "acc_stderr,none": 0.00498104437053086,
          "acc_norm,none": 0.6397132045409281,
          "acc_norm_stderr,none": 0.004791024004588066,
          "alias": "hellaswag"
        }
      },
      "winogrande": {
        "accuracy": 0.584846093133386,
        "full_results": {
          "acc,none": 0.584846093133386,
          "acc_stderr,none": 0.013848684086658566,
          "alias": "winogrande"
        }
      },
      "arc_easy": {
        "accuracy": 0.6830808080808081,
        "full_results": {
          "acc,none": 0.7276936026936027,
          "acc_stderr,none": 0.009134218447652479,
          "acc_norm,none": 0.6830808080808081,
          "acc_norm_stderr,none": 0.009547254611446178,
          "alias": "arc_easy"
        }
      },
      "arc_challenge": {
        "accuracy": 0.4104095563139932,
        "full_results": {
          "acc,none": 0.37372013651877134,
          "acc_stderr,none": 0.014137708601759029,
          "acc_norm,none": 0.4104095563139932,
          "acc_norm_stderr,none": 0.01437492219264264,
          "alias": "arc_challenge"
        }
      },
      "openbookqa": {
        "accuracy": 0.416,
        "full_results": {
          "acc,none": 0.308,
          "acc_stderr,none": 0.020667032987466052,
          "acc_norm,none": 0.416,
          "acc_norm_stderr,none": 0.02206494331392886,
          "alias": "openbookqa"
        }
      }
    },
    "avg_zeroshot_acc": 0.5944654479399161
  }
}