{
  "extreme_pruning_layers": [
    {
      "layer_idx": 29,
      "pruning_rate": 0.5281110491071429,
      "importance": 5.291907225336347,
      "gradient_mean": 0.048826560378074646,
      "gradient_norm": 320.8058369954427
    },
    {
      "layer_idx": 30,
      "pruning_rate": 0.60791015625,
      "importance": 4.8429054745606015,
      "gradient_mean": 0.05641502638657888,
      "gradient_norm": 314.80156792534723
    },
    {
      "layer_idx": 31,
      "pruning_rate": 0.60400390625,
      "importance": 4.359097103987422,
      "gradient_mean": 0.06552195135090086,
      "gradient_norm": 277.87393527560766
    }
  ],
  "num_extreme_layers": 3,
  "gradient_statistics": {
    "mean_range": [
      0.0426305052306917,
      0.46368904784321785
    ],
    "mean_ratio": 10.876930598084803,
    "norm_range": [
      251.1720716688368,
      2839.7561713324653
    ],
    "norm_ratio": 11.306018827903257
  },
  "diagnosis": []
}