{
  "extreme_pruning_layers": [
    {
      "layer_idx": 1,
      "pruning_rate": 0.8925253378378378,
      "importance": 0.0027579361151249425,
      "gradient_mean": 0.00042395790417989093,
      "gradient_norm": 0.5245968500773112
    },
    {
      "layer_idx": 2,
      "pruning_rate": 0.8078547297297297,
      "importance": 0.004422538271928961,
      "gradient_mean": 0.00029775997002919513,
      "gradient_norm": 0.46514733632405597
    },
    {
      "layer_idx": 5,
      "pruning_rate": 0.5472445101351351,
      "importance": 0.008366966167011776,
      "gradient_mean": 0.0003064374128977458,
      "gradient_norm": 0.5209086736043295
    }
  ],
  "num_extreme_layers": 3,
  "gradient_statistics": {
    "mean_range": [
      0.00015052656332651773,
      0.0006187905867894491
    ],
    "mean_ratio": 4.1108370644421175,
    "norm_range": [
      0.3873610496520996,
      1.3297367095947266
    ],
    "norm_ratio": 3.43280954666382
  },
  "diagnosis": [
    {
      "issue": "\u524d\u51e0\u5c42\u88ab\u8fc7\u5ea6\u526a\u679d",
      "severity": "critical",
      "description": "\u524d5\u5c42\u4e2d\u6709 2 \u5c42\u88ab\u8fc7\u5ea6\u526a\u679d",
      "recommendation": "\u524d\u51e0\u5c42\u901a\u5e38\u5f88\u91cd\u8981\uff0c\u5efa\u8bae\u4e3a\u5176\u8bbe\u7f6e\u8f83\u4f4e\u7684 max_rate"
    }
  ]
}