{
  "0": 8.585815012454987,
  "1": 0.2992081046104431,
  "2": 0.40784913301467896,
  "3": 0.9333997964859009,
  "4": 1.1334452629089355,
  "5": 0.10067117214202881,
  "6": 0.08588671684265137,
  "7": 0.11102414131164551,
  "8": 0.07707899808883667,
  "9": 0.32810038328170776,
  "10": 0.09289216995239258,
  "11": 0.06483733654022217,
  "12": 0.03062814474105835,
  "13": 0.02668076753616333,
  "14": 0.04903799295425415,
  "15": 0.0035977959632873535,
  "16": 0.016696810722351074,
  "17": 0.004473626613616943,
  "18": 0.0793420672416687,
  "19": 0.15326696634292603,
  "20": 0.11436408758163452,
  "21": 0.014942049980163574,
  "22": 0.14568036794662476,
  "23": 0.2014581561088562,
  "24": 0.1463368535041809,
  "25": 0.20605897903442383,
  "26": 0.3778471350669861,
  "27": 1.5370467901229858
}