{
  "model_path": "results/search_Llama-Instruct_blockwise_20/exp_002_taylor_seq_len32_taylor_num_samples64/pruned_model.bin",
  "timestamp": "2025-12-01T16:34:24.844529",
  "metrics": {
    "model_info": {
      "total_params": 6424215552,
      "trainable_params": 6424215552,
      "total_params_M": 6424.215552,
      "total_params_B": 6.424215552,
      "num_layers": 32,
      "module_params": {
        "embedding": 525336576,
        "lm_head": 525336576,
        "final_norm": 4096,
        "attention": 1268776960,
        "mlp": 4104499200,
        "input_layernorm": 131072,
        "post_attention_layernorm": 131072,
        "total_accounted": 6424215552,
        "unaccounted": 0,
        "match": true
      },
      "attention_params": 1268776960,
      "mlp_params": 4104499200,
      "attention_params_M": 1268.77696,
      "mlp_params_M": 4104.4992,
      "attention_ratio": 0.19749912650502546,
      "mlp_ratio": 0.638910566866359,
      "model_size_mb": 12253.218994140625,
      "model_size_gb": 11.966034173965454
    },
    "ppl_quick_128": {
      "wikitext2 (wikitext-2-raw-v1)": 32.83209228515625,
      "ptb": 46.8358154296875
    },
    "ppl_standard_2048_512": {
      "wikitext2 (wikitext-2-raw-v1)": 13.485926628112793,
      "ptb": 18.480539321899414
    },
    "ppl": {
      "wikitext2 (wikitext-2-raw-v1)": 13.485926628112793,
      "ptb": 18.480539321899414
    },
    "zeroshot": {
      "boolq": {
        "accuracy": 0.6235474006116208,
        "full_results": {
          "acc,none": 0.6235474006116208,
          "acc_stderr,none": 0.008473882279194662,
          "alias": "boolq"
        }
      },
      "piqa": {
        "accuracy": 0.7312295973884657,
        "full_results": {
          "acc,none": 0.7230685527747551,
          "acc_stderr,none": 0.010440499969334648,
          "acc_norm,none": 0.7312295973884657,
          "acc_norm_stderr,none": 0.01034339294008991,
          "alias": "piqa"
        }
      },
      "hellaswag": {
        "accuracy": 0.6515634335789683,
        "full_results": {
          "acc,none": 0.46703843855805616,
          "acc_stderr,none": 0.0049789271647926745,
          "acc_norm,none": 0.6515634335789683,
          "acc_norm_stderr,none": 0.004755013243022145,
          "alias": "hellaswag"
        }
      },
      "winogrande": {
        "accuracy": 0.6890292028413575,
        "full_results": {
          "acc,none": 0.6890292028413575,
          "acc_stderr,none": 0.013009534736285902,
          "alias": "winogrande"
        }
      },
      "arc_easy": {
        "accuracy": 0.6851851851851852,
        "full_results": {
          "acc,none": 0.7175925925925926,
          "acc_stderr,none": 0.009237303403479292,
          "acc_norm,none": 0.6851851851851852,
          "acc_norm_stderr,none": 0.009530150430975505,
          "alias": "arc_easy"
        }
      },
      "arc_challenge": {
        "accuracy": 0.4812286689419795,
        "full_results": {
          "acc,none": 0.4453924914675768,
          "acc_stderr,none": 0.01452398763834407,
          "acc_norm,none": 0.4812286689419795,
          "acc_norm_stderr,none": 0.014601090150634058,
          "alias": "arc_challenge"
        }
      },
      "openbookqa": {
        "accuracy": 0.36,
        "full_results": {
          "acc,none": 0.268,
          "acc_stderr,none": 0.019827714859587477,
          "acc_norm,none": 0.36,
          "acc_norm_stderr,none": 0.02148775108972057,
          "alias": "openbookqa"
        }
      }
    },
    "avg_zeroshot_acc": 0.6031119269353681
  }
}