{
  "attention": {
    "0": 6.8656136799245795,
    "1": 1.5396150325567373,
    "2": 0.361033985595419,
    "3": 0.16622864199910659,
    "4": 0.15292196530289193,
    "5": 0.08024573640668509,
    "6": 0.0798116367466557,
    "7": 0.05961223747152733,
    "8": 0.05268659481982896,
    "9": 0.07292738367320695,
    "10": 0.02531101795591395,
    "11": 0.03154039681361054,
    "12": 0.033348173266011916,
    "13": 0.043223492105533,
    "14": 0.031110775164241655,
    "15": 0.04303209860689394,
    "16": 0.043193430636022434,
    "17": 0.054752081350318615,
    "18": 0.05989464814995227,
    "19": 0.06032492448254434,
    "20": 0.03150769112397267,
    "21": 0.03756397777061826,
    "22": 0.03611129594913809,
    "23": 0.042864987992143444,
    "24": 0.02330382057391267,
    "25": 0.02155952605246192,
    "26": 0.032490791584061096,
    "27": 0.7688882844535199
  },
  "mlp": {
    "0": 0.6786326244977556,
    "1": 7.585894811459904,
    "2": 4.098672273355827,
    "3": 3.1827653331911447,
    "4": 2.846351897764916,
    "5": 1.9054773625727437,
    "6": 0.28146752565897515,
    "7": 0.12286233014763592,
    "8": 0.0863964347942594,
    "9": 0.2422881296587569,
    "10": 0.09239580658679092,
    "11": 0.10681772441760762,
    "12": 0.09779987735257878,
    "13": 0.06370475247038554,
    "14": 0.04872298482629045,
    "15": 0.052050777555963545,
    "16": 0.03863077767001766,
    "17": 0.04957921393669329,
    "18": 0.05326835663941276,
    "19": 0.061328328752711325,
    "20": 0.07393298073292431,
    "21": 0.07065944613558672,
    "22": 0.12098556079464462,
    "23": 0.12727156487143576,
    "24": 0.12302051571289807,
    "25": 0.14485788917993148,
    "26": 0.22075904149647796,
    "27": 0.8452717693313372
  }
}