{
  "model_path": "results/search_Llama_layerwise_20/exp_001_taylor_seq_len32_taylor_num_samples4/pruned_model.bin",
  "timestamp": "2025-12-02T12:08:50.242196",
  "metrics": {
    "model_info": {
      "total_params": 6424215552,
      "trainable_params": 6424215552,
      "total_params_M": 6424.215552,
      "total_params_B": 6.424215552,
      "num_layers": 32,
      "module_params": {
        "embedding": 525336576,
        "lm_head": 525336576,
        "final_norm": 4096,
        "attention": 844103680,
        "mlp": 4529172480,
        "input_layernorm": 131072,
        "post_attention_layernorm": 131072,
        "total_accounted": 6424215552,
        "unaccounted": 0,
        "match": true
      },
      "attention_params": 844103680,
      "mlp_params": 4529172480,
      "attention_params_M": 844.10368,
      "mlp_params_M": 4529.17248,
      "attention_ratio": 0.13139404697235166,
      "mlp_ratio": 0.7050156463990329,
      "model_size_mb": 12253.218994140625,
      "model_size_gb": 11.966034173965454
    },
    "ppl_quick_128": {
      "wikitext2 (wikitext-2-raw-v1)": 29.057968139648438,
      "ptb": 56.213134765625
    },
    "ppl_standard_2048_512": {
      "wikitext2 (wikitext-2-raw-v1)": 16.468040466308594,
      "ptb": 30.63918113708496
    },
    "ppl": {
      "wikitext2 (wikitext-2-raw-v1)": 16.468040466308594,
      "ptb": 30.63918113708496
    },
    "zeroshot": {
      "boolq": {
        "accuracy": 0.6067278287461774,
        "full_results": {
          "acc,none": 0.6067278287461774,
          "acc_stderr,none": 0.008543505537417779,
          "alias": "boolq"
        }
      },
      "piqa": {
        "accuracy": 0.7241566920565833,
        "full_results": {
          "acc,none": 0.7306855277475517,
          "acc_stderr,none": 0.010350004070588812,
          "acc_norm,none": 0.7241566920565833,
          "acc_norm_stderr,none": 0.010427805502729186,
          "alias": "piqa"
        }
      },
      "hellaswag": {
        "accuracy": 0.5110535749850628,
        "full_results": {
          "acc,none": 0.37950607448715395,
          "acc_stderr,none": 0.00484272323402164,
          "acc_norm,none": 0.5110535749850628,
          "acc_norm_stderr,none": 0.004988561944277149,
          "alias": "hellaswag"
        }
      },
      "winogrande": {
        "accuracy": 0.5643251775848461,
        "full_results": {
          "acc,none": 0.5643251775848461,
          "acc_stderr,none": 0.013935709739615816,
          "alias": "winogrande"
        }
      },
      "arc_easy": {
        "accuracy": 0.49957912457912457,
        "full_results": {
          "acc,none": 0.5505050505050505,
          "acc_stderr,none": 0.010207308833916014,
          "acc_norm,none": 0.49957912457912457,
          "acc_norm_stderr,none": 0.01025977988609441,
          "alias": "arc_easy"
        }
      },
      "arc_challenge": {
        "accuracy": 0.2935153583617747,
        "full_results": {
          "acc,none": 0.2619453924914676,
          "acc_stderr,none": 0.012849054826857987,
          "acc_norm,none": 0.2935153583617747,
          "acc_norm_stderr,none": 0.013307250444941061,
          "alias": "arc_challenge"
        }
      },
      "openbookqa": {
        "accuracy": 0.342,
        "full_results": {
          "acc,none": 0.224,
          "acc_stderr,none": 0.01866399446471086,
          "acc_norm,none": 0.342,
          "acc_norm_stderr,none": 0.021236147199899316,
          "alias": "openbookqa"
        }
      }
    },
    "avg_zeroshot_acc": 0.5059082509019384
  }
}