{
  "attention": {
    "0": 6.897511801121366,
    "1": 5.498131569010329,
    "2": 6.515044613760345,
    "3": 5.713798586473443,
    "4": 6.097458328609655,
    "5": 6.049691638077919,
    "6": 5.744495814529586,
    "7": 5.638328168487693,
    "8": 5.4805291400925285,
    "9": 5.520263658449313,
    "10": 5.407371473150189,
    "11": 5.38869993549716,
    "12": 5.431250461284986,
    "13": 5.150717377302238,
    "14": 5.194335342895236,
    "15": 4.886180226494666,
    "16": 4.5245767471381235,
    "17": 3.7329104848639676,
    "18": 3.6262279116377534,
    "19": 3.19503315983626,
    "20": 3.0260014601575542,
    "21": 2.6910501071565185,
    "22": 2.5682179463783723,
    "23": 2.3944876773377213,
    "24": 2.341008891594383,
    "25": 2.2407107781210542,
    "26": 1.9359219030097674,
    "27": 1.6097511628858086,
    "28": 1.2795925495395672,
    "29": 0.9527719140683533,
    "30": 0.5315356000480738,
    "31": 0.2351843817884598
  },
  "mlp": {
    "0": 6.240952927419299,
    "1": 6.86539199463995,
    "2": 5.036452323761477,
    "3": 5.502010757690655,
    "4": 6.035662484817765,
    "5": 6.053416998478291,
    "6": 5.690787078481863,
    "7": 5.738274654563593,
    "8": 5.47581314148546,
    "9": 5.27206782157549,
    "10": 4.8820505955862625,
    "11": 4.767303453551399,
    "12": 4.738616867761042,
    "13": 4.660608191338797,
    "14": 4.320825936933042,
    "15": 4.171843019382393,
    "16": 4.090092877141473,
    "17": 3.670964255534783,
    "18": 3.382353925831103,
    "19": 3.189180861705195,
    "20": 3.2740209925291848,
    "21": 3.237460968896285,
    "22": 3.2103458331195314,
    "23": 3.104929809307205,
    "24": 3.044326359362469,
    "25": 2.908108087624011,
    "26": 2.683066626615085,
    "27": 2.1554561339808695,
    "28": 1.6585067865619672,
    "29": 1.107073754950716,
    "30": 0.5960272474894448,
    "31": 0.30350067033428907
  }
}