{
  "model_path": "results/Qwen2.5-7B/Taylor2nd_only_20/pruned_model.bin",
  "timestamp": "2025-11-29T21:44:48.234465",
  "metrics": {
    "model_info": {
      "total_params": 6092497920,
      "trainable_params": 6092497920,
      "total_params_M": 6092.49792,
      "total_params_B": 6.09249792,
      "num_layers": 28,
      "module_params": {
        "embedding": 544997376,
        "lm_head": 544997376,
        "final_norm": 3584,
        "attention": 792847872,
        "mlp": 4209451008,
        "input_layernorm": 100352,
        "post_attention_layernorm": 100352,
        "total_accounted": 6092497920,
        "unaccounted": 0,
        "match": true
      },
      "attention_params": 792847872,
      "mlp_params": 4209451008,
      "attention_params_M": 792.847872,
      "mlp_params_M": 4209.451008,
      "attention_ratio": 0.13013510753894522,
      "mlp_ratio": 0.690923667644026,
      "model_size_mb": 11620.517822265625,
      "model_size_gb": 11.348161935806274
    },
    "ppl_quick_128": {
      "wikitext2 (wikitext-2-raw-v1)": 34.96340560913086,
      "ptb": 63.37284469604492
    },
    "ppl_standard_2048_512": {
      "wikitext2 (wikitext-2-raw-v1)": 15.093986511230469,
      "ptb": 25.81354522705078
    },
    "ppl": {
      "wikitext2 (wikitext-2-raw-v1)": 15.093986511230469,
      "ptb": 25.81354522705078
    },
    "zeroshot": {
      "boolq": {
        "accuracy": 0.7587155963302752,
        "full_results": {
          "acc,none": 0.7587155963302752,
          "acc_stderr,none": 0.007483360561322202,
          "alias": "boolq"
        }
      },
      "piqa": {
        "accuracy": 0.6838955386289445,
        "full_results": {
          "acc,none": 0.6719260065288357,
          "acc_stderr,none": 0.010954487135124215,
          "acc_norm,none": 0.6838955386289445,
          "acc_norm_stderr,none": 0.010848148455700339,
          "alias": "piqa"
        }
      },
      "hellaswag": {
        "accuracy": 0.594901414060944,
        "full_results": {
          "acc,none": 0.43168691495717987,
          "acc_stderr,none": 0.004942990623131078,
          "acc_norm,none": 0.594901414060944,
          "acc_norm_stderr,none": 0.004899078300184519,
          "alias": "hellaswag"
        }
      },
      "winogrande": {
        "accuracy": 0.6101026045777427,
        "full_results": {
          "acc,none": 0.6101026045777427,
          "acc_stderr,none": 0.013707547317008361,
          "alias": "winogrande"
        }
      },
      "arc_easy": {
        "accuracy": 0.5787037037037037,
        "full_results": {
          "acc,none": 0.6153198653198653,
          "acc_stderr,none": 0.009983171707008973,
          "acc_norm,none": 0.5787037037037037,
          "acc_norm_stderr,none": 0.010131882498192881,
          "alias": "arc_easy"
        }
      },
      "arc_challenge": {
        "accuracy": 0.34726962457337884,
        "full_results": {
          "acc,none": 0.3148464163822526,
          "acc_stderr,none": 0.013572657703084967,
          "acc_norm,none": 0.34726962457337884,
          "acc_norm_stderr,none": 0.013913034529620455,
          "alias": "arc_challenge"
        }
      },
      "openbookqa": {
        "accuracy": 0.332,
        "full_results": {
          "acc,none": 0.228,
          "acc_stderr,none": 0.018781306529363172,
          "acc_norm,none": 0.332,
          "acc_norm_stderr,none": 0.021081766571222797,
          "alias": "openbookqa"
        }
      }
    },
    "avg_zeroshot_acc": 0.557941211696427,
    "efficiency": {
      "model_info": {
        "total_params": 6092497920,
        "trainable_params": 6092497920,
        "total_params_M": 6092.49792,
        "total_params_B": 6.09249792,
        "num_layers": 28,
        "module_params": {
          "embedding": 544997376,
          "lm_head": 544997376,
          "final_norm": 3584,
          "attention": 792847872,
          "mlp": 4209451008,
          "input_layernorm": 100352,
          "post_attention_layernorm": 100352,
          "total_accounted": 6092497920,
          "unaccounted": 0,
          "match": true
        },
        "attention_params": 792847872,
        "mlp_params": 4209451008,
        "attention_params_M": 792.847872,
        "mlp_params_M": 4209.451008,
        "attention_ratio": 0.13013510753894522,
        "mlp_ratio": 0.690923667644026,
        "model_size_mb": 11620.517822265625,
        "model_size_gb": 11.348161935806274
      },
      "speed": {
        "batch_size_1": {
          "throughput_tokens_per_sec": 32.16992820500588,
          "latency_ms_per_token": 31.084931045770645,
          "total_time_sec": 198.94355869293213,
          "total_tokens": 6400
        },
        "batch_size_4": {
          "throughput_tokens_per_sec": 122.01166224471635,
          "latency_ms_per_token": 8.195937843993306,
          "total_time_sec": 50.35584211349487,
          "total_tokens": 6144
        }
      },
      "memory": {
        "model_memory_mb": 37844.59814453125,
        "inference_peak_mb": 37930.26416015625
      }
    }
  }
}