{
  "model_path": "results/search_Qwen_20/exp_002_taylor_seq_len16_taylor_num_samples256/pruned_model.bin",
  "timestamp": "2025-11-30T17:56:50.890399",
  "metrics": {
    "model_info": {
      "total_params": 6092477184,
      "trainable_params": 6092477184,
      "total_params_M": 6092.477184,
      "total_params_B": 6.092477184,
      "num_layers": 28,
      "module_params": {
        "embedding": 544997376,
        "lm_head": 544997376,
        "final_norm": 3584,
        "attention": 660706560,
        "mlp": 4341571584,
        "input_layernorm": 100352,
        "post_attention_layernorm": 100352,
        "total_accounted": 6092477184,
        "unaccounted": 0,
        "match": true
      },
      "attention_params": 660706560,
      "mlp_params": 4341571584,
      "attention_params_M": 660.70656,
      "mlp_params_M": 4341.571584,
      "attention_ratio": 0.10844629204933925,
      "mlp_ratio": 0.7126118740997159,
      "model_size_mb": 11620.478271484375,
      "model_size_gb": 11.34812331199646
    },
    "ppl_quick_128": {
      "wikitext2 (wikitext-2-raw-v1)": 34.22566223144531,
      "ptb": 74.4764175415039
    },
    "ppl_standard_2048_512": {
      "wikitext2 (wikitext-2-raw-v1)": 18.11407470703125,
      "ptb": 34.2669563293457
    },
    "ppl": {
      "wikitext2 (wikitext-2-raw-v1)": 18.11407470703125,
      "ptb": 34.2669563293457
    },
    "zeroshot": {
      "boolq": {
        "accuracy": 0.5113149847094801,
        "full_results": {
          "acc,none": 0.5113149847094801,
          "acc_stderr,none": 0.008742815450467036,
          "alias": "boolq"
        }
      },
      "piqa": {
        "accuracy": 0.7459194776931447,
        "full_results": {
          "acc,none": 0.7442872687704026,
          "acc_stderr,none": 0.010178690109459992,
          "acc_norm,none": 0.7459194776931447,
          "acc_norm_stderr,none": 0.010157271999135166,
          "alias": "piqa"
        }
      },
      "hellaswag": {
        "accuracy": 0.6621190997809201,
        "full_results": {
          "acc,none": 0.46863174666401114,
          "acc_stderr,none": 0.004979952166595624,
          "acc_norm,none": 0.6621190997809201,
          "acc_norm_stderr,none": 0.004720210816161865,
          "alias": "hellaswag"
        }
      },
      "winogrande": {
        "accuracy": 0.5761641673243884,
        "full_results": {
          "acc,none": 0.5761641673243884,
          "acc_stderr,none": 0.013888492389944529,
          "alias": "winogrande"
        }
      },
      "arc_easy": {
        "accuracy": 0.6443602693602694,
        "full_results": {
          "acc,none": 0.67003367003367,
          "acc_stderr,none": 0.009648311574241064,
          "acc_norm,none": 0.6443602693602694,
          "acc_norm_stderr,none": 0.009822854395535267,
          "alias": "arc_easy"
        }
      },
      "arc_challenge": {
        "accuracy": 0.41467576791808874,
        "full_results": {
          "acc,none": 0.386518771331058,
          "acc_stderr,none": 0.01423008476191056,
          "acc_norm,none": 0.41467576791808874,
          "acc_norm_stderr,none": 0.014397070564409184,
          "alias": "arc_challenge"
        }
      },
      "openbookqa": {
        "accuracy": 0.416,
        "full_results": {
          "acc,none": 0.29,
          "acc_stderr,none": 0.020313179231745138,
          "acc_norm,none": 0.416,
          "acc_norm_stderr,none": 0.02206494331392886,
          "alias": "openbookqa"
        }
      }
    },
    "avg_zeroshot_acc": 0.5672219666837559
  }
}