{
  "0": 3.5174409006675993,
  "1": 2.797427524774624,
  "2": 0.06747221872950959,
  "3": 0.04479736824007041,
  "4": 0.03993741110925608,
  "5": 0.041247144819267056,
  "6": 0.036331791871487606,
  "7": 0.0332364365193043,
  "8": 0.032816646650319026,
  "9": 0.033743815888791495,
  "10": 0.028400220098447004,
  "11": 0.01657641403406407,
  "12": 0.01841919906765721,
  "13": 0.023169199722514744,
  "14": 0.012829618496003281,
  "15": 0.025599471203453295,
  "16": 0.026848991168007874,
  "17": 0.04385381842026126,
  "18": 0.059810533703279045,
  "19": 0.09681428844567064,
  "20": 0.06255819885587233,
  "21": 0.046239561085045455,
  "22": 0.03976440519100066,
  "23": 0.03507719407849663,
  "24": 0.035722056339141606,
  "25": 0.043366158609874805,
  "26": 0.04479734675870395,
  "27": 0.039391374310833616,
  "28": 0.04479567968396081,
  "29": 0.07540967168044421,
  "30": 0.07576129746307414,
  "31": 0.2658101609516339
}