{
  "extreme_pruning_layers": [
    {
      "layer_idx": 11,
      "pruning_rate": 0.5613141741071429,
      "importance": 0.008590658195316792,
      "gradient_mean": 0.000288599067264133,
      "gradient_norm": 2.493757035997179
    },
    {
      "layer_idx": 12,
      "pruning_rate": 0.5518973214285714,
      "importance": 0.008531032662306513,
      "gradient_mean": 0.00028962559170193144,
      "gradient_norm": 2.599686516655816
    },
    {
      "layer_idx": 13,
      "pruning_rate": 0.5726143973214286,
      "importance": 0.00849788702492203,
      "gradient_mean": 0.0003105004628499349,
      "gradient_norm": 2.3882598876953125
    },
    {
      "layer_idx": 14,
      "pruning_rate": 0.5036969866071429,
      "importance": 0.008947358599730901,
      "gradient_mean": 0.0003047254350450304,
      "gradient_norm": 2.7134323120117188
    }
  ],
  "num_extreme_layers": 4,
  "gradient_statistics": {
    "mean_range": [
      0.00024901496039496525,
      0.0005938344531589084
    ],
    "mean_ratio": 2.3847330848865997,
    "norm_range": [
      2.35264163547092,
      12.392320421006945
    ],
    "norm_ratio": 5.267406745524027
  },
  "diagnosis": []
}