{
  "model_path": "results/HGSP_2000_finetuned/pruned_model.bin",
  "timestamp": "2025-11-25T22:10:56.438565",
  "metrics": {
    "model_info": {
      "total_params": 6424219648,
      "trainable_params": 0,
      "total_params_M": 6424.219648,
      "total_params_B": 6.424219648,
      "attention_params": 1059061760,
      "mlp_params": 4314218496,
      "attention_params_M": 1059.06176,
      "mlp_params_M": 4314.218496,
      "attention_ratio": 0.16485453767598202,
      "mlp_ratio": 0.6715552599984825,
      "num_layers": 32,
      "model_size_mb": 12253.226684570312,
      "model_size_gb": 11.966041684150696
    },
    "ppl": {
      "wikitext2 (wikitext-2-raw-v1)": 11.25265121459961,
      "ptb": 17.799942016601562
    }
  }
}