{
  "model_path": "results/search_Llama-Instruct_blockwise_20/exp_019_taylor_seq_len256_taylor_num_samples256/pruned_model.bin",
  "timestamp": "2025-12-01T22:52:03.320450",
  "metrics": {
    "model_info": {
      "total_params": 6424215552,
      "trainable_params": 6424215552,
      "total_params_M": 6424.215552,
      "total_params_B": 6.424215552,
      "num_layers": 32,
      "module_params": {
        "embedding": 525336576,
        "lm_head": 525336576,
        "final_norm": 4096,
        "attention": 1284505600,
        "mlp": 4088770560,
        "input_layernorm": 131072,
        "post_attention_layernorm": 131072,
        "total_accounted": 6424215552,
        "unaccounted": 0,
        "match": true
      },
      "attention_params": 1284505600,
      "mlp_params": 4088770560,
      "attention_params_M": 1284.5056,
      "mlp_params_M": 4088.77056,
      "attention_ratio": 0.19994746278401337,
      "mlp_ratio": 0.6364622305873712,
      "model_size_mb": 12253.218994140625,
      "model_size_gb": 11.966034173965454
    },
    "ppl_quick_128": {
      "wikitext2 (wikitext-2-raw-v1)": 44.927513122558594,
      "ptb": 62.353546142578125
    },
    "ppl_standard_2048_512": {
      "wikitext2 (wikitext-2-raw-v1)": 17.293872833251953,
      "ptb": 23.694604873657227
    },
    "ppl": {
      "wikitext2 (wikitext-2-raw-v1)": 17.293872833251953,
      "ptb": 23.694604873657227
    },
    "zeroshot": {
      "boolq": {
        "accuracy": 0.7152905198776759,
        "full_results": {
          "acc,none": 0.7152905198776759,
          "acc_stderr,none": 0.007892866159005661,
          "alias": "boolq"
        }
      },
      "piqa": {
        "accuracy": 0.7247007616974973,
        "full_results": {
          "acc,none": 0.7159956474428727,
          "acc_stderr,none": 0.01052114754245417,
          "acc_norm,none": 0.7247007616974973,
          "acc_norm_stderr,none": 0.010421429277369502,
          "alias": "piqa"
        }
      },
      "hellaswag": {
        "accuracy": 0.6510655247958574,
        "full_results": {
          "acc,none": 0.46883091017725553,
          "acc_stderr,none": 0.004980076707392664,
          "acc_norm,none": 0.6510655247958574,
          "acc_norm_stderr,none": 0.004756590961576854,
          "alias": "hellaswag"
        }
      },
      "winogrande": {
        "accuracy": 0.691397000789266,
        "full_results": {
          "acc,none": 0.691397000789266,
          "acc_stderr,none": 0.012982160200926605,
          "alias": "winogrande"
        }
      },
      "arc_easy": {
        "accuracy": 0.688973063973064,
        "full_results": {
          "acc,none": 0.7188552188552189,
          "acc_stderr,none": 0.009224735470287064,
          "acc_norm,none": 0.688973063973064,
          "acc_norm_stderr,none": 0.0094987906397578,
          "alias": "arc_easy"
        }
      },
      "arc_challenge": {
        "accuracy": 0.4402730375426621,
        "full_results": {
          "acc,none": 0.4044368600682594,
          "acc_stderr,none": 0.014342036483436283,
          "acc_norm,none": 0.4402730375426621,
          "acc_norm_stderr,none": 0.014506769524804264,
          "alias": "arc_challenge"
        }
      },
      "openbookqa": {
        "accuracy": 0.39,
        "full_results": {
          "acc,none": 0.268,
          "acc_stderr,none": 0.019827714859587477,
          "acc_norm,none": 0.39,
          "acc_norm_stderr,none": 0.021834685869369132,
          "alias": "openbookqa"
        }
      }
    },
    "avg_zeroshot_acc": 0.6145285583822889
  }
}