{
  "attention": {
    "0": 6.9316541353861485,
    "1": 1.5820253094037375,
    "2": 0.32860231399536133,
    "3": 0.1779944896697998,
    "4": 0.18341107169787074,
    "5": 0.12080347537994385,
    "6": 0.10302803913752223,
    "7": 0.08955914775530482,
    "8": 0.073343425989151,
    "9": 0.10117437442143729,
    "10": 0.03579004605611136,
    "11": 0.035780251026153564,
    "12": 0.038385281960169326,
    "13": 0.033679187297821045,
    "14": 0.022752801577250015,
    "15": 0.023133208354313872,
    "16": 0.043657968441645156,
    "17": 0.04962123433748866,
    "18": 0.06207084655761719,
    "19": 0.06144136190414429,
    "20": 0.03017110625902797,
    "21": 0.0437484085559845,
    "22": 0.030253758033116362,
    "23": 0.05103990435600281,
    "24": 0.01601123809814453,
    "25": 0.030789961417515777,
    "26": 0.026819537083307754,
    "27": 0.738326052824656
  },
  "mlp": {
    "0": 0.9127976695696511,
    "1": 8.225679477055866,
    "2": 4.287969589233398,
    "3": 3.305858572324117,
    "4": 3.0797597567240396,
    "5": 1.9482457836469016,
    "6": 0.3457100987434387,
    "7": 0.2029092808564501,
    "8": 0.14767783880233765,
    "9": 0.35944950580596924,
    "10": 0.1440318524837494,
    "11": 0.1847074131170907,
    "12": 0.15039054552714015,
    "13": 0.08805469671885158,
    "14": 0.04626534382502223,
    "15": 0.054298291603724014,
    "16": 0.03894996643066406,
    "17": 0.04794444640477469,
    "18": 0.052478472391764175,
    "19": 0.0719348688920336,
    "20": 0.07942058642705252,
    "21": 0.07125568389892578,
    "22": 0.15315529704093933,
    "23": 0.14308861891428615,
    "24": 0.17154913147290518,
    "25": 0.17306923866271973,
    "26": 0.3075244228045144,
    "27": 1.0065244634946184
  }
}