{
  "extreme_pruning_layers": [
    {
      "layer_idx": 1,
      "pruning_rate": 0.581714527027027,
      "importance": 0.025092936426124257,
      "gradient_mean": 0.00269802442441384,
      "gradient_norm": 3.2505411008993783
    }
  ],
  "num_extreme_layers": 1,
  "gradient_statistics": {
    "mean_range": [
      0.0005409761021534601,
      0.0041718147695064545
    ],
    "mean_ratio": 7.711641940809486,
    "norm_range": [
      1.7498990694681804,
      4.551420032978058
    ],
    "norm_ratio": 2.600961456652014
  },
  "diagnosis": [
    {
      "issue": "\u524d\u51e0\u5c42\u88ab\u8fc7\u5ea6\u526a\u679d",
      "severity": "critical",
      "description": "\u524d5\u5c42\u4e2d\u6709 1 \u5c42\u88ab\u8fc7\u5ea6\u526a\u679d",
      "recommendation": "\u524d\u51e0\u5c42\u901a\u5e38\u5f88\u91cd\u8981\uff0c\u5efa\u8bae\u4e3a\u5176\u8bbe\u7f6e\u8f83\u4f4e\u7684 max_rate"
    }
  ]
}