{
  "0": 5.794302105644315,
  "1": 4.745613022758917,
  "2": 0.11328468691717397,
  "3": 0.08665587929482044,
  "4": 0.0615410849942859,
  "5": 0.06785263905545946,
  "6": 0.04130681061907682,
  "7": 0.03690218047520766,
  "8": 0.03192040522399342,
  "9": 0.026646579808519366,
  "10": 0.026528359274452296,
  "11": 0.023599680830337366,
  "12": 0.019244640787763778,
  "13": 0.023831631138578224,
  "14": 0.031533820574294325,
  "15": 0.033093304720037686,
  "16": 0.03968877189273501,
  "17": 0.05138436339522423,
  "18": 0.06306119669735866,
  "19": 0.08863810925397786,
  "20": 0.0715652526425159,
  "21": 0.05739073082110124,
  "22": 0.046344680620173495,
  "23": 0.0560323207774025,
  "24": 0.052364867544085314,
  "25": 0.050714098051366285,
  "26": 0.04657323879807418,
  "27": 0.05322437959846482,
  "28": 0.10065120540100869,
  "29": 0.16091567748373858,
  "30": 0.13266220979619447,
  "31": 0.3298224348544778
}