{
  "model_path": "results/search_Qwen-Instruct_layerwise_20/exp_003_taylor_seq_len32_taylor_num_samples128/pruned_model.bin",
  "timestamp": "2025-12-02T20:44:55.160995",
  "metrics": {
    "model_info": {
      "total_params": 6092487552,
      "trainable_params": 6092487552,
      "total_params_M": 6092.487552,
      "total_params_B": 6.092487552,
      "num_layers": 28,
      "module_params": {
        "embedding": 544997376,
        "lm_head": 544997376,
        "final_norm": 3584,
        "attention": 726777216,
        "mlp": 4275511296,
        "input_layernorm": 100352,
        "post_attention_layernorm": 100352,
        "total_accounted": 6092487552,
        "unaccounted": 0,
        "match": true
      },
      "attention_params": 726777216,
      "mlp_params": 4275511296,
      "attention_params_M": 726.777216,
      "mlp_params_M": 4275.511296,
      "attention_ratio": 0.11929071824880767,
      "mlp_ratio": 0.7017677524177238,
      "model_size_mb": 11620.498046875,
      "model_size_gb": 11.348142623901367
    },
    "ppl_quick_128": {
      "wikitext2 (wikitext-2-raw-v1)": 28.123628616333008,
      "ptb": 54.891510009765625
    },
    "ppl_standard_2048_512": {
      "wikitext2 (wikitext-2-raw-v1)": 13.040055274963379,
      "ptb": 20.838172912597656
    },
    "ppl": {
      "wikitext2 (wikitext-2-raw-v1)": 13.040055274963379,
      "ptb": 20.838172912597656
    },
    "zeroshot": {
      "boolq": {
        "accuracy": 0.6749235474006117,
        "full_results": {
          "acc,none": 0.6749235474006117,
          "acc_stderr,none": 0.008192427107041392,
          "alias": "boolq"
        }
      },
      "piqa": {
        "accuracy": 0.7600652883569097,
        "full_results": {
          "acc,none": 0.7486398258977149,
          "acc_stderr,none": 0.010121156016819219,
          "acc_norm,none": 0.7600652883569097,
          "acc_norm_stderr,none": 0.009963625892809592,
          "alias": "piqa"
        }
      },
      "hellaswag": {
        "accuracy": 0.6981676956781517,
        "full_results": {
          "acc,none": 0.5137422824138618,
          "acc_stderr,none": 0.004987896411703918,
          "acc_norm,none": 0.6981676956781517,
          "acc_norm_stderr,none": 0.004581147247963146,
          "alias": "hellaswag"
        }
      },
      "winogrande": {
        "accuracy": 0.5911602209944752,
        "full_results": {
          "acc,none": 0.5911602209944752,
          "acc_stderr,none": 0.013816954295135714,
          "alias": "winogrande"
        }
      },
      "arc_easy": {
        "accuracy": 0.678030303030303,
        "full_results": {
          "acc,none": 0.7285353535353535,
          "acc_stderr,none": 0.009125362970360679,
          "acc_norm,none": 0.678030303030303,
          "acc_norm_stderr,none": 0.009587386696300255,
          "alias": "arc_easy"
        }
      },
      "arc_challenge": {
        "accuracy": 0.42406143344709896,
        "full_results": {
          "acc,none": 0.4061433447098976,
          "acc_stderr,none": 0.014351656690097877,
          "acc_norm,none": 0.42406143344709896,
          "acc_norm_stderr,none": 0.014441889627464344,
          "alias": "arc_challenge"
        }
      },
      "openbookqa": {
        "accuracy": 0.402,
        "full_results": {
          "acc,none": 0.282,
          "acc_stderr,none": 0.020143572847290726,
          "acc_norm,none": 0.402,
          "acc_norm_stderr,none": 0.021948929609938706,
          "alias": "openbookqa"
        }
      }
    },
    "avg_zeroshot_acc": 0.6040583555582214
  }
}