{
  "extreme_pruning_layers": [
    {
      "layer_idx": 25,
      "pruning_rate": 0.5442243303571429,
      "importance": 6.539607337542942,
      "gradient_mean": 0.06939040786690182,
      "gradient_norm": 370.5780605740017
    }
  ],
  "num_extreme_layers": 1,
  "gradient_statistics": {
    "mean_range": [
      0.046908774309688143,
      0.948075458407402
    ],
    "mean_ratio": 20.211047300600427,
    "norm_range": [
      266.781739976671,
      3655.7908528645835
    ],
    "norm_ratio": 13.703302381875526
  },
  "diagnosis": []
}