{
  "model_path": "results/search_Mistral_20/exp_005_taylor_seq_len32_taylor_num_samples512/pruned_model.bin",
  "timestamp": "2025-12-02T00:45:26.455092",
  "metrics": {
    "model_info": {
      "total_params": 5798424576,
      "trainable_params": 5798424576,
      "total_params_M": 5798.424576,
      "total_params_B": 5.798424576,
      "num_layers": 32,
      "module_params": {
        "embedding": 134217728,
        "lm_head": 134217728,
        "final_norm": 4096,
        "attention": 1038090240,
        "mlp": 4491632640,
        "input_layernorm": 131072,
        "post_attention_layernorm": 131072,
        "total_accounted": 5798424576,
        "unaccounted": 0,
        "match": true
      },
      "attention_params": 1038090240,
      "mlp_params": 4491632640,
      "attention_params_M": 1038.09024,
      "mlp_params_M": 4491.63264,
      "attention_ratio": 0.1790297047747612,
      "mlp_ratio": 0.7746298293835046,
      "model_size_mb": 11059.617431640625,
      "model_size_gb": 10.800407648086548
    },
    "ppl_quick_128": {
      "wikitext2 (wikitext-2-raw-v1)": 98.3645248413086,
      "ptb": 228.28993225097656
    },
    "ppl_standard_2048_512": {
      "wikitext2 (wikitext-2-raw-v1)": 36.007484436035156,
      "ptb": 230.8770751953125
    },
    "ppl": {
      "wikitext2 (wikitext-2-raw-v1)": 36.007484436035156,
      "ptb": 230.8770751953125
    },
    "zeroshot": {
      "boolq": {
        "accuracy": 0.4938837920489297,
        "full_results": {
          "acc,none": 0.4938837920489297,
          "acc_stderr,none": 0.008744400681893524,
          "alias": "boolq"
        }
      },
      "piqa": {
        "accuracy": 0.7127312295973884,
        "full_results": {
          "acc,none": 0.7100108813928183,
          "acc_stderr,none": 0.010586899128169378,
          "acc_norm,none": 0.7127312295973884,
          "acc_norm_stderr,none": 0.010557291761528712,
          "alias": "piqa"
        }
      },
      "hellaswag": {
        "accuracy": 0.49352718581955785,
        "full_results": {
          "acc,none": 0.3741286596295559,
          "acc_stderr,none": 0.0048290815328266064,
          "acc_norm,none": 0.49352718581955785,
          "acc_norm_stderr,none": 0.004989363276955276,
          "alias": "hellaswag"
        }
      },
      "winogrande": {
        "accuracy": 0.5122336227308603,
        "full_results": {
          "acc,none": 0.5122336227308603,
          "acc_stderr,none": 0.014048278820405729,
          "alias": "winogrande"
        }
      },
      "arc_easy": {
        "accuracy": 0.45496632996632996,
        "full_results": {
          "acc,none": 0.5197811447811448,
          "acc_stderr,none": 0.0102517511995427,
          "acc_norm,none": 0.45496632996632996,
          "acc_norm_stderr,none": 0.010218084454602478,
          "alias": "arc_easy"
        }
      },
      "arc_challenge": {
        "accuracy": 0.30631399317406144,
        "full_results": {
          "acc,none": 0.25426621160409557,
          "acc_stderr,none": 0.012724999945157845,
          "acc_norm,none": 0.30631399317406144,
          "acc_norm_stderr,none": 0.013470584417276554,
          "alias": "arc_challenge"
        }
      },
      "openbookqa": {
        "accuracy": 0.266,
        "full_results": {
          "acc,none": 0.172,
          "acc_stderr,none": 0.01689386887634749,
          "acc_norm,none": 0.266,
          "acc_norm_stderr,none": 0.019780559675655396,
          "alias": "openbookqa"
        }
      }
    },
    "avg_zeroshot_acc": 0.46280802190530396
  }
}