{
  "model_path": "results/search_Qwen-Instruct_blockwise_20/exp_002_taylor_seq_len32_taylor_num_samples64/pruned_model.bin",
  "timestamp": "2025-12-02T00:19:40.681758",
  "metrics": {
    "model_info": {
      "total_params": 6092498944,
      "trainable_params": 6092498944,
      "total_params_M": 6092.498944,
      "total_params_B": 6.092498944,
      "num_layers": 28,
      "module_params": {
        "embedding": 544997376,
        "lm_head": 544997376,
        "final_norm": 3584,
        "attention": 822212608,
        "mlp": 4180087296,
        "input_layernorm": 100352,
        "post_attention_layernorm": 100352,
        "total_accounted": 6092498944,
        "unaccounted": 0,
        "match": true
      },
      "attention_params": 822212608,
      "mlp_params": 4180087296,
      "attention_params_M": 822.212608,
      "mlp_params_M": 4180.087296,
      "attention_ratio": 0.1349549036540629,
      "mlp_ratio": 0.6861039016045499,
      "model_size_mb": 11620.519775390625,
      "model_size_gb": 11.348163843154907
    },
    "ppl_quick_128": {
      "wikitext2 (wikitext-2-raw-v1)": 25.940521240234375,
      "ptb": 51.590087890625
    },
    "ppl_standard_2048_512": {
      "wikitext2 (wikitext-2-raw-v1)": 12.195926666259766,
      "ptb": 20.832509994506836
    },
    "ppl": {
      "wikitext2 (wikitext-2-raw-v1)": 12.195926666259766,
      "ptb": 20.832509994506836
    },
    "zeroshot": {
      "boolq": {
        "accuracy": 0.6840978593272171,
        "full_results": {
          "acc,none": 0.6840978593272171,
          "acc_stderr,none": 0.008130700051380781,
          "alias": "boolq"
        }
      },
      "piqa": {
        "accuracy": 0.7562568008705114,
        "full_results": {
          "acc,none": 0.7486398258977149,
          "acc_stderr,none": 0.010121156016819219,
          "acc_norm,none": 0.7562568008705114,
          "acc_norm_stderr,none": 0.010017199471500487,
          "alias": "piqa"
        }
      },
      "hellaswag": {
        "accuracy": 0.6392152957578172,
        "full_results": {
          "acc,none": 0.47102170882294364,
          "acc_stderr,none": 0.004981394110705604,
          "acc_norm,none": 0.6392152957578172,
          "acc_norm_stderr,none": 0.004792467255899718,
          "alias": "hellaswag"
        }
      },
      "winogrande": {
        "accuracy": 0.5840568271507498,
        "full_results": {
          "acc,none": 0.5840568271507498,
          "acc_stderr,none": 0.013852485356798155,
          "alias": "winogrande"
        }
      },
      "arc_easy": {
        "accuracy": 0.6418350168350169,
        "full_results": {
          "acc,none": 0.7058080808080808,
          "acc_stderr,none": 0.009350328648861707,
          "acc_norm,none": 0.6418350168350169,
          "acc_norm_stderr,none": 0.009838331651452002,
          "alias": "arc_easy"
        }
      },
      "arc_challenge": {
        "accuracy": 0.3924914675767918,
        "full_results": {
          "acc,none": 0.37457337883959047,
          "acc_stderr,none": 0.014144193471893432,
          "acc_norm,none": 0.3924914675767918,
          "acc_norm_stderr,none": 0.014269634635670669,
          "alias": "arc_challenge"
        }
      },
      "openbookqa": {
        "accuracy": 0.406,
        "full_results": {
          "acc,none": 0.288,
          "acc_stderr,none": 0.020271503835075255,
          "acc_norm,none": 0.406,
          "acc_norm_stderr,none": 0.021983962090086417,
          "alias": "openbookqa"
        }
      }
    },
    "avg_zeroshot_acc": 0.586279038216872
  }
}