{
  "model_path": "results/LLM-Pruner_1937/pruned_model.bin",
  "timestamp": "2025-11-27T13:59:53.495392",
  "metrics": {
    "model_info": {
      "total_params": 6474887168,
      "trainable_params": 6474887168,
      "total_params_M": 6474.887168,
      "total_params_B": 6.474887168,
      "num_layers": 32,
      "module_params": {
        "embedding": 525336576,
        "lm_head": 525336576,
        "final_norm": 4096,
        "attention": 1069547520,
        "mlp": 4354400256,
        "input_layernorm": 131072,
        "post_attention_layernorm": 131072,
        "total_accounted": 6474887168,
        "unaccounted": 0,
        "match": true
      },
      "attention_params": 1069547520,
      "mlp_params": 4354400256,
      "attention_params_M": 1069.54752,
      "mlp_params_M": 4354.400256,
      "attention_ratio": 0.16518396263117707,
      "mlp_ratio": 0.672505966979655,
      "model_size_mb": 12349.867309570312,
      "model_size_gb": 12.060417294502258
    },
    "ppl_quick_128": {
      "wikitext2 (wikitext-2-raw-v1)": 33.165252685546875,
      "ptb": 54.5002555847168
    },
    "ppl_standard_2048_512": {
      "wikitext2 (wikitext-2-raw-v1)": 15.98897933959961,
      "ptb": 24.804031372070312
    },
    "ppl": {
      "wikitext2 (wikitext-2-raw-v1)": 15.98897933959961,
      "ptb": 24.804031372070312
    },
    "zeroshot": {
      "boolq": {
        "accuracy": 0.6483180428134556,
        "full_results": {
          "acc,none": 0.6483180428134556,
          "acc_stderr,none": 0.008351445237661478,
          "alias": "boolq"
        }
      },
      "piqa": {
        "accuracy": 0.7170837867247007,
        "full_results": {
          "acc,none": 0.7132752992383025,
          "acc_stderr,none": 0.010551314503108209,
          "acc_norm,none": 0.7170837867247007,
          "acc_norm_stderr,none": 0.010508949177489615,
          "alias": "piqa"
        }
      },
      "hellaswag": {
        "accuracy": 0.5092611033658634,
        "full_results": {
          "acc,none": 0.38617805218084045,
          "acc_stderr,none": 0.0048587719634691625,
          "acc_norm,none": 0.5092611033658634,
          "acc_norm_stderr,none": 0.004988925410523037,
          "alias": "hellaswag"
        }
      },
      "winogrande": {
        "accuracy": 0.5651144435674822,
        "full_results": {
          "acc,none": 0.5651144435674822,
          "acc_stderr,none": 0.01393281411041803,
          "alias": "winogrande"
        }
      },
      "arc_easy": {
        "accuracy": 0.6447811447811448,
        "full_results": {
          "acc,none": 0.664983164983165,
          "acc_stderr,none": 0.009685160765932217,
          "acc_norm,none": 0.6447811447811448,
          "acc_norm_stderr,none": 0.00982024589928724,
          "alias": "arc_easy"
        }
      },
      "arc_challenge": {
        "accuracy": 0.3771331058020478,
        "full_results": {
          "acc,none": 0.34982935153583616,
          "acc_stderr,none": 0.013936809212158266,
          "acc_norm,none": 0.3771331058020478,
          "acc_norm_stderr,none": 0.01416336689619262,
          "alias": "arc_challenge"
        }
      },
      "openbookqa": {
        "accuracy": 0.33,
        "full_results": {
          "acc,none": 0.232,
          "acc_stderr,none": 0.01889619359195203,
          "acc_norm,none": 0.33,
          "acc_norm_stderr,none": 0.02104961216613478,
          "alias": "openbookqa"
        }
      }
    },
    "avg_zeroshot_acc": 0.5416702324363849,
    "efficiency": {
      "model_info": {
        "total_params": 6474887168,
        "trainable_params": 6474887168,
        "total_params_M": 6474.887168,
        "total_params_B": 6.474887168,
        "num_layers": 32,
        "module_params": {
          "embedding": 525336576,
          "lm_head": 525336576,
          "final_norm": 4096,
          "attention": 1069547520,
          "mlp": 4354400256,
          "input_layernorm": 131072,
          "post_attention_layernorm": 131072,
          "total_accounted": 6474887168,
          "unaccounted": 0,
          "match": true
        },
        "attention_params": 1069547520,
        "mlp_params": 4354400256,
        "attention_params_M": 1069.54752,
        "mlp_params_M": 4354.400256,
        "attention_ratio": 0.16518396263117707,
        "mlp_ratio": 0.672505966979655,
        "model_size_mb": 12349.867309570312,
        "model_size_gb": 12.060417294502258
      },
      "speed": {
        "batch_size_1": {
          "throughput_tokens_per_sec": 29.197630993510177,
          "latency_ms_per_token": 34.249354004859924,
          "total_time_sec": 219.19586563110352,
          "total_tokens": 6400
        },
        "batch_size_4": {
          "throughput_tokens_per_sec": 110.54732972822175,
          "latency_ms_per_token": 9.045899185972909,
          "total_time_sec": 55.578004598617554,
          "total_tokens": 6144
        }
      },
      "memory": {
        "model_memory_mb": 12357.9931640625,
        "inference_peak_mb": 12467.2646484375
      }
    }
  }
}