{
  "model_path": "results/search_Mistral-Instruct_blockwise_20/exp_020_taylor_seq_len256_taylor_num_samples512/pruned_model.bin",
  "timestamp": "2025-12-02T18:11:03.640970",
  "metrics": {
    "model_info": {
      "total_params": 5798420480,
      "trainable_params": 5798420480,
      "total_params_M": 5798.42048,
      "total_params_B": 5.79842048,
      "num_layers": 32,
      "module_params": {
        "embedding": 134217728,
        "lm_head": 134217728,
        "final_norm": 4096,
        "attention": 1342177280,
        "mlp": 4187541504,
        "input_layernorm": 131072,
        "post_attention_layernorm": 131072,
        "total_accounted": 5798420480,
        "unaccounted": 0,
        "match": true
      },
      "attention_params": 1342177280,
      "mlp_params": 4187541504,
      "attention_params_M": 1342.17728,
      "mlp_params_M": 4187.541504,
      "attention_ratio": 0.23147291311995366,
      "mlp_ratio": 0.7221865883034408,
      "model_size_mb": 11059.609619140625,
      "model_size_gb": 10.800400018692017
    },
    "ppl_quick_128": {
      "wikitext2 (wikitext-2-raw-v1)": 52.17228698730469,
      "ptb": 179.5442352294922
    },
    "ppl_standard_2048_512": {
      "wikitext2 (wikitext-2-raw-v1)": 25.236310958862305,
      "ptb": 105.81140899658203
    },
    "ppl": {
      "wikitext2 (wikitext-2-raw-v1)": 25.236310958862305,
      "ptb": 105.81140899658203
    },
    "zeroshot": {
      "boolq": {
        "accuracy": 0.5840978593272171,
        "full_results": {
          "acc,none": 0.5840978593272171,
          "acc_stderr,none": 0.008620469604001198,
          "alias": "boolq"
        }
      },
      "piqa": {
        "accuracy": 0.6376496191512514,
        "full_results": {
          "acc,none": 0.6414581066376496,
          "acc_stderr,none": 0.011189212572356472,
          "acc_norm,none": 0.6376496191512514,
          "acc_norm_stderr,none": 0.011215040215104454,
          "alias": "piqa"
        }
      },
      "hellaswag": {
        "accuracy": 0.4131647082254531,
        "full_results": {
          "acc,none": 0.3421629157538339,
          "acc_stderr,none": 0.004734642167493192,
          "acc_norm,none": 0.4131647082254531,
          "acc_norm_stderr,none": 0.004913955705080158,
          "alias": "hellaswag"
        }
      },
      "winogrande": {
        "accuracy": 0.5272296764009471,
        "full_results": {
          "acc,none": 0.5272296764009471,
          "acc_stderr,none": 0.01403163162982771,
          "alias": "winogrande"
        }
      },
      "arc_easy": {
        "accuracy": 0.45707070707070707,
        "full_results": {
          "acc,none": 0.5130471380471381,
          "acc_stderr,none": 0.010256289925058391,
          "acc_norm,none": 0.45707070707070707,
          "acc_norm_stderr,none": 0.01022189756425604,
          "alias": "arc_easy"
        }
      },
      "arc_challenge": {
        "accuracy": 0.26535836177474403,
        "full_results": {
          "acc,none": 0.23890784982935154,
          "acc_stderr,none": 0.012461071376316715,
          "acc_norm,none": 0.26535836177474403,
          "acc_norm_stderr,none": 0.012902554762313832,
          "alias": "arc_challenge"
        }
      },
      "openbookqa": {
        "accuracy": 0.292,
        "full_results": {
          "acc,none": 0.17,
          "acc_stderr,none": 0.016815633531393464,
          "acc_norm,none": 0.292,
          "acc_norm_stderr,none": 0.020354375480530096,
          "alias": "openbookqa"
        }
      }
    },
    "avg_zeroshot_acc": 0.4537958474214743
  }
}