{
  "model_path": "results/search_Mistral-Instruct_blockwise_20/exp_020_taylor_seq_len256_taylor_num_samples512/pruned_model.bin",
  "timestamp": "2025-12-02T05:16:38.199187",
  "metrics": {
    "model_info": {
      "total_params": 5798420480,
      "trainable_params": 5798420480,
      "total_params_M": 5798.42048,
      "total_params_B": 5.79842048,
      "num_layers": 32,
      "module_params": {
        "embedding": 134217728,
        "lm_head": 134217728,
        "final_norm": 4096,
        "attention": 1342177280,
        "mlp": 4187541504,
        "input_layernorm": 131072,
        "post_attention_layernorm": 131072,
        "total_accounted": 5798420480,
        "unaccounted": 0,
        "match": true
      },
      "attention_params": 1342177280,
      "mlp_params": 4187541504,
      "attention_params_M": 1342.17728,
      "mlp_params_M": 4187.541504,
      "attention_ratio": 0.23147291311995366,
      "mlp_ratio": 0.7221865883034408,
      "model_size_mb": 11059.609619140625,
      "model_size_gb": 10.800400018692017
    },
    "ppl_quick_128": {
      "wikitext2 (wikitext-2-raw-v1)": 48.07394027709961,
      "ptb": 169.4982452392578
    },
    "ppl_standard_2048_512": {
      "wikitext2 (wikitext-2-raw-v1)": 24.206655502319336,
      "ptb": 114.23551177978516
    },
    "ppl": {
      "wikitext2 (wikitext-2-raw-v1)": 24.206655502319336,
      "ptb": 114.23551177978516
    },
    "zeroshot": {
      "boolq": {
        "accuracy": 0.591131498470948,
        "full_results": {
          "acc,none": 0.591131498470948,
          "acc_stderr,none": 0.008598573693259202,
          "alias": "boolq"
        }
      },
      "piqa": {
        "accuracy": 0.6490750816104461,
        "full_results": {
          "acc,none": 0.6490750816104461,
          "acc_stderr,none": 0.011135250564776647,
          "acc_norm,none": 0.6490750816104461,
          "acc_norm_stderr,none": 0.011135250564776647,
          "alias": "piqa"
        }
      },
      "hellaswag": {
        "accuracy": 0.44971121290579563,
        "full_results": {
          "acc,none": 0.36427006572395937,
          "acc_stderr,none": 0.00480241391993265,
          "acc_norm,none": 0.44971121290579563,
          "acc_norm_stderr,none": 0.0049644793245523094,
          "alias": "hellaswag"
        }
      },
      "winogrande": {
        "accuracy": 0.5343330702446725,
        "full_results": {
          "acc,none": 0.5343330702446725,
          "acc_stderr,none": 0.014019317531542567,
          "alias": "winogrande"
        }
      },
      "arc_easy": {
        "accuracy": 0.5063131313131313,
        "full_results": {
          "acc,none": 0.5589225589225589,
          "acc_stderr,none": 0.010188293221040614,
          "acc_norm,none": 0.5063131313131313,
          "acc_norm_stderr,none": 0.010258965668044465,
          "alias": "arc_easy"
        }
      },
      "arc_challenge": {
        "accuracy": 0.2815699658703072,
        "full_results": {
          "acc,none": 0.2525597269624573,
          "acc_stderr,none": 0.012696728980207687,
          "acc_norm,none": 0.2815699658703072,
          "acc_norm_stderr,none": 0.0131433767350091,
          "alias": "arc_challenge"
        }
      },
      "openbookqa": {
        "accuracy": 0.298,
        "full_results": {
          "acc,none": 0.168,
          "acc_stderr,none": 0.01673655354154187,
          "acc_norm,none": 0.298,
          "acc_norm_stderr,none": 0.020475118092988954,
          "alias": "openbookqa"
        }
      }
    },
    "avg_zeroshot_acc": 0.47287628005932864
  }
}