{
  "attention": {
    "0": 6.930415822048949,
    "1": 5.436869398032237,
    "2": 6.436046630758276,
    "3": 5.553104480732256,
    "4": 6.0066743504677715,
    "5": 5.983710966687936,
    "6": 5.697703871964197,
    "7": 5.68295107554649,
    "8": 5.567521627987036,
    "9": 5.650822161005657,
    "10": 5.514449617360635,
    "11": 5.533101368393775,
    "12": 5.571786252761932,
    "13": 5.280055751739293,
    "14": 5.310226455626501,
    "15": 4.98967161169905,
    "16": 4.596760458517975,
    "17": 3.7544378270630316,
    "18": 3.6681464042460643,
    "19": 3.2150390745066257,
    "20": 3.0074146921449803,
    "21": 2.7133835630792564,
    "22": 2.585679686059205,
    "23": 2.4170284109674114,
    "24": 2.392204522858024,
    "25": 2.2888412379377536,
    "26": 1.935789164378889,
    "27": 1.6115309505395006,
    "28": 1.2716591232039836,
    "29": 0.9449913049034429,
    "30": 0.5035409153359032,
    "31": 0.21693250702883837
  },
  "mlp": {
    "0": 4.687657962192297,
    "1": 8.07318819678665,
    "2": 5.332555536934505,
    "3": 5.6874180359521835,
    "4": 5.99381337880654,
    "5": 5.964314378737307,
    "6": 5.794144447316239,
    "7": 5.8380373989097185,
    "8": 5.632832020364054,
    "9": 5.479250942884899,
    "10": 5.131495834848036,
    "11": 4.943908666474335,
    "12": 4.930432089266562,
    "13": 4.817044697956877,
    "14": 4.434912668119555,
    "15": 4.24671834440459,
    "16": 4.105784038655038,
    "17": 3.6929102565325156,
    "18": 3.351564352708661,
    "19": 3.2159547113131373,
    "20": 3.2408684577007687,
    "21": 3.2852860363859993,
    "22": 3.2112040947738896,
    "23": 3.1038099136698065,
    "24": 3.0802858817797887,
    "25": 2.8970161651840582,
    "26": 2.606983500702502,
    "27": 2.118387090454825,
    "28": 1.6063071158317803,
    "29": 1.0933903330160586,
    "30": 0.5575901929545837,
    "31": 0.31532363372624683
  }
}