{
  "model_path": "results/search_Qwen_20/exp_012_taylor_seq_len128_taylor_num_samples512/pruned_model.bin",
  "timestamp": "2025-11-30T20:45:05.880816",
  "metrics": {
    "model_info": {
      "total_params": 6092498944,
      "trainable_params": 6092498944,
      "total_params_M": 6092.498944,
      "total_params_B": 6.092498944,
      "num_layers": 28,
      "module_params": {
        "embedding": 544997376,
        "lm_head": 544997376,
        "final_norm": 3584,
        "attention": 822212608,
        "mlp": 4180087296,
        "input_layernorm": 100352,
        "post_attention_layernorm": 100352,
        "total_accounted": 6092498944,
        "unaccounted": 0,
        "match": true
      },
      "attention_params": 822212608,
      "mlp_params": 4180087296,
      "attention_params_M": 822.212608,
      "mlp_params_M": 4180.087296,
      "attention_ratio": 0.1349549036540629,
      "mlp_ratio": 0.6861039016045499,
      "model_size_mb": 11620.519775390625,
      "model_size_gb": 11.348163843154907
    },
    "ppl_quick_128": {
      "wikitext2 (wikitext-2-raw-v1)": 40.9842529296875,
      "ptb": 63.4056396484375
    },
    "ppl_standard_2048_512": {
      "wikitext2 (wikitext-2-raw-v1)": 15.986124992370605,
      "ptb": 22.886075973510742
    },
    "ppl": {
      "wikitext2 (wikitext-2-raw-v1)": 15.986124992370605,
      "ptb": 22.886075973510742
    },
    "zeroshot": {
      "boolq": {
        "accuracy": 0.8018348623853211,
        "full_results": {
          "acc,none": 0.8018348623853211,
          "acc_stderr,none": 0.006971859616072338,
          "alias": "boolq"
        }
      },
      "piqa": {
        "accuracy": 0.7181719260065288,
        "full_results": {
          "acc,none": 0.705114254624592,
          "acc_stderr,none": 0.010639030620156836,
          "acc_norm,none": 0.7181719260065288,
          "acc_norm_stderr,none": 0.010496675231258095,
          "alias": "piqa"
        }
      },
      "hellaswag": {
        "accuracy": 0.632742481577375,
        "full_results": {
          "acc,none": 0.46773551085441145,
          "acc_stderr,none": 0.004979381876712558,
          "acc_norm,none": 0.632742481577375,
          "acc_norm_stderr,none": 0.004810723108378151,
          "alias": "hellaswag"
        }
      },
      "winogrande": {
        "accuracy": 0.6416732438831886,
        "full_results": {
          "acc,none": 0.6416732438831886,
          "acc_stderr,none": 0.013476581172567522,
          "alias": "winogrande"
        }
      },
      "arc_easy": {
        "accuracy": 0.6468855218855218,
        "full_results": {
          "acc,none": 0.6767676767676768,
          "acc_stderr,none": 0.009597218642045437,
          "acc_norm,none": 0.6468855218855218,
          "acc_norm_stderr,none": 0.00980707893546757,
          "alias": "arc_easy"
        }
      },
      "arc_challenge": {
        "accuracy": 0.4044368600682594,
        "full_results": {
          "acc,none": 0.3779863481228669,
          "acc_stderr,none": 0.014169664520303164,
          "acc_norm,none": 0.4044368600682594,
          "acc_norm_stderr,none": 0.014342036483436283,
          "alias": "arc_challenge"
        }
      },
      "openbookqa": {
        "accuracy": 0.35,
        "full_results": {
          "acc,none": 0.226,
          "acc_stderr,none": 0.01872295644913999,
          "acc_norm,none": 0.35,
          "acc_norm_stderr,none": 0.021352091786223066,
          "alias": "openbookqa"
        }
      }
    },
    "avg_zeroshot_acc": 0.5993921279723136
  }
}