{
  "model_path": "results/search_Llama_layerwise_20/exp_014_taylor_seq_len128_taylor_num_samples256/pruned_model.bin",
  "timestamp": "2025-12-01T21:19:02.821532",
  "metrics": {
    "model_info": {
      "total_params": 6424219648,
      "trainable_params": 6424219648,
      "total_params_M": 6424.219648,
      "total_params_B": 6.424219648,
      "num_layers": 32,
      "module_params": {
        "embedding": 525336576,
        "lm_head": 525336576,
        "final_norm": 4096,
        "attention": 1342177280,
        "mlp": 4031102976,
        "input_layernorm": 131072,
        "post_attention_layernorm": 131072,
        "total_accounted": 6424219648,
        "unaccounted": 0,
        "match": true
      },
      "attention_params": 1342177280,
      "mlp_params": 4031102976,
      "attention_params_M": 1342.17728,
      "mlp_params_M": 4031.102976,
      "attention_ratio": 0.20892456259926434,
      "mlp_ratio": 0.6274852350752003,
      "model_size_mb": 12253.226806640625,
      "model_size_gb": 11.966041803359985
    },
    "ppl_quick_128": {
      "wikitext2 (wikitext-2-raw-v1)": 29.05731773376465,
      "ptb": 46.26937484741211
    },
    "ppl_standard_2048_512": {
      "wikitext2 (wikitext-2-raw-v1)": 12.46933364868164,
      "ptb": 17.529958724975586
    },
    "ppl": {
      "wikitext2 (wikitext-2-raw-v1)": 12.46933364868164,
      "ptb": 17.529958724975586
    },
    "zeroshot": {
      "boolq": {
        "accuracy": 0.5709480122324159,
        "full_results": {
          "acc,none": 0.5709480122324159,
          "acc_stderr,none": 0.008656568730405625,
          "alias": "boolq"
        }
      },
      "piqa": {
        "accuracy": 0.7415669205658324,
        "full_results": {
          "acc,none": 0.7181719260065288,
          "acc_stderr,none": 0.010496675231258095,
          "acc_norm,none": 0.7415669205658324,
          "acc_norm_stderr,none": 0.010213971636773348,
          "alias": "piqa"
        }
      },
      "hellaswag": {
        "accuracy": 0.6019717187811193,
        "full_results": {
          "acc,none": 0.4442342162915754,
          "acc_stderr,none": 0.004958649623815168,
          "acc_norm,none": 0.6019717187811193,
          "acc_norm_stderr,none": 0.0048849095444773345,
          "alias": "hellaswag"
        }
      },
      "winogrande": {
        "accuracy": 0.6519337016574586,
        "full_results": {
          "acc,none": 0.6519337016574586,
          "acc_stderr,none": 0.013388004531085948,
          "alias": "winogrande"
        }
      },
      "arc_easy": {
        "accuracy": 0.5715488215488216,
        "full_results": {
          "acc,none": 0.6132154882154882,
          "acc_stderr,none": 0.009993308355371001,
          "acc_norm,none": 0.5715488215488216,
          "acc_norm_stderr,none": 0.010154195733990947,
          "alias": "arc_easy"
        }
      },
      "arc_challenge": {
        "accuracy": 0.35494880546075086,
        "full_results": {
          "acc,none": 0.3319112627986348,
          "acc_stderr,none": 0.01376098820088056,
          "acc_norm,none": 0.35494880546075086,
          "acc_norm_stderr,none": 0.013983036904094233,
          "alias": "arc_challenge"
        }
      },
      "openbookqa": {
        "accuracy": 0.382,
        "full_results": {
          "acc,none": 0.25,
          "acc_stderr,none": 0.019384310743640384,
          "acc_norm,none": 0.382,
          "acc_norm_stderr,none": 0.02175082059125093,
          "alias": "openbookqa"
        }
      }
    },
    "avg_zeroshot_acc": 0.5535597114637713
  }
}