{
  "attention": {
    "0": 6.8401584815979,
    "1": 1.9158829021453858,
    "2": 0.2673438930511476,
    "3": 0.21274802684783944,
    "4": 0.11598821640014645,
    "5": 0.07327233314514192,
    "6": 0.05055901050567657,
    "7": 0.03268941879272491,
    "8": 0.03479049205780038,
    "9": 0.04458920478820794,
    "10": 0.00714370727539082,
    "11": 0.007159986495971715,
    "12": 0.025974392890930176,
    "13": 0.028651885986328285,
    "14": 0.0037490510940552113,
    "15": 0.018631563186645828,
    "16": 0.026323628425598322,
    "17": 0.04758522987365721,
    "18": 0.03317651271820088,
    "19": 0.03707681655883821,
    "20": 0.024259104728698855,
    "21": 0.03740531444549555,
    "22": 0.03863496303558378,
    "23": 0.06085685253143325,
    "24": 0.03407083511352571,
    "25": 0.02700271606445348,
    "26": 0.03575816154480016,
    "27": 0.773707504272461
  },
  "mlp": {
    "0": 1.224173450469971,
    "1": 7.841466808319092,
    "2": 3.8939425468444826,
    "3": 2.855859460830689,
    "4": 3.2878968620300295,
    "5": 1.6808261489868164,
    "6": 0.42456120491027827,
    "7": 0.21224667549133303,
    "8": 0.14182043075561523,
    "9": 0.41285636901855494,
    "10": 0.1361740493774417,
    "11": 0.25779314041137713,
    "12": 0.22435106277465833,
    "13": 0.09118045806884778,
    "14": 0.0351809740066531,
    "15": 0.03673055171966588,
    "16": 0.027078642845153933,
    "17": 0.03584791183471703,
    "18": 0.04081949710845967,
    "19": 0.05342847824096708,
    "20": 0.05897212028503418,
    "21": 0.055426955223083496,
    "22": 0.1412036466598514,
    "23": 0.14635581493377714,
    "24": 0.17487360477447522,
    "25": 0.19452748298645028,
    "26": 0.396888074874878,
    "27": 1.2395648193359374
  }
}