{
  "0": 5.771596364824197,
  "1": 4.012026320333066,
  "2": 0.17968081909677247,
  "3": 0.1607792287947163,
  "4": 0.13806952035474218,
  "5": 0.07886064005463522,
  "6": 0.045995193507831544,
  "7": 0.02175372344231885,
  "8": 0.043309783275890634,
  "9": 0.04530756935300584,
  "10": 0.028646293364965825,
  "11": 0.031115849498703607,
  "12": 0.0388978201410044,
  "13": 0.11228561118657421,
  "14": 0.05144345430517383,
  "15": 0.10355805408342089,
  "16": 0.17108138229535985,
  "17": 0.2615123299270752,
  "18": 0.31436010877134324,
  "19": 0.1779967777342666,
  "20": 0.20254784421958494,
  "21": 0.23092053765835985,
  "22": 0.2548018962498242,
  "23": 0.11868446005191746,
  "24": 0.21434115185568015,
  "25": 0.108473275489958,
  "26": 0.14596522042873827,
  "27": 0.3094765202330034,
  "28": 0.20878806462872168,
  "29": 0.3714680436100415,
  "30": 0.3554725114535908,
  "31": 1.1474061323248823
}