{
  "attention": {
    "0": 6.804406530147718,
    "1": 1.56433987720419,
    "2": 0.3916816663256255,
    "3": 0.17436888723911936,
    "4": 0.1615388573729053,
    "5": 0.08787202649815606,
    "6": 0.08879099709858762,
    "7": 0.07127593465675597,
    "8": 0.05756527079425933,
    "9": 0.0774904978829043,
    "10": 0.034791853489231084,
    "11": 0.03400385550648988,
    "12": 0.03817913343284296,
    "13": 0.047210255963590964,
    "14": 0.04137121698560353,
    "15": 0.0459648607267531,
    "16": 0.04893985957272662,
    "17": 0.0545540874927819,
    "18": 0.06271398147756901,
    "19": 0.0608666988877391,
    "20": 0.037473449968875805,
    "21": 0.03886158588615629,
    "22": 0.03584102163082603,
    "23": 0.047989281363035374,
    "24": 0.019932586527966034,
    "25": 0.027102372041536427,
    "26": 0.04119839344673526,
    "27": 0.7530514834932127
  },
  "mlp": {
    "0": 0.6357913526140786,
    "1": 7.25172288186026,
    "2": 4.087543190832768,
    "3": 3.2299430768038193,
    "4": 2.855224392447441,
    "5": 1.889056912976994,
    "6": 0.30430276977276893,
    "7": 0.11977832660302878,
    "8": 0.09112417288259644,
    "9": 0.24278976328116464,
    "10": 0.0883796488841444,
    "11": 0.1177163935555754,
    "12": 0.09612563854053491,
    "13": 0.0616168594590909,
    "14": 0.057521156399304996,
    "15": 0.049628663898811265,
    "16": 0.04525885316831957,
    "17": 0.04880372285225354,
    "18": 0.049121807902366754,
    "19": 0.054865298216010494,
    "20": 0.06753573234866384,
    "21": 0.0772294955763293,
    "22": 0.12170510657647604,
    "23": 0.12256237872213793,
    "24": 0.12443090592655892,
    "25": 0.14738543530528236,
    "26": 0.2094729017087409,
    "27": 0.8037210167061581
  }
}