{
  "extreme_pruning_layers": [
    {
      "layer_idx": 10,
      "pruning_rate": 0.5166713169642857,
      "importance": 0.02718167326280049,
      "gradient_mean": 0.0004756119516160753,
      "gradient_norm": 1.9790615505642362
    },
    {
      "layer_idx": 11,
      "pruning_rate": 0.5484095982142857,
      "importance": 0.02649829989033086,
      "gradient_mean": 0.0004919237560696072,
      "gradient_norm": 2.099853515625
    },
    {
      "layer_idx": 12,
      "pruning_rate": 0.54296875,
      "importance": 0.02669122815132141,
      "gradient_mean": 0.000534918573167589,
      "gradient_norm": 2.0911661783854165
    }
  ],
  "num_extreme_layers": 3,
  "gradient_statistics": {
    "mean_range": [
      0.0004756119516160753,
      0.0018482274479336208
    ],
    "mean_ratio": 3.885997929727717,
    "norm_range": [
      1.9790615505642362,
      11.817003038194445
    ],
    "norm_ratio": 5.971013399875452
  },
  "diagnosis": []
}