{
  "extreme_pruning_layers": [
    {
      "layer_idx": 1,
      "pruning_rate": 0.8338260135135135,
      "importance": 0.004781030275783426,
      "gradient_mean": 0.0011039574940999348,
      "gradient_norm": 1.1965948740641277
    },
    {
      "layer_idx": 2,
      "pruning_rate": 0.7320523648648649,
      "importance": 0.00692944201275807,
      "gradient_mean": 0.0008565038442611694,
      "gradient_norm": 1.3494205474853516
    },
    {
      "layer_idx": 5,
      "pruning_rate": 0.655299831081081,
      "importance": 0.009727300698491367,
      "gradient_mean": 0.0009232560793558756,
      "gradient_norm": 1.2528336842854817
    }
  ],
  "num_extreme_layers": 3,
  "gradient_statistics": {
    "mean_range": [
      0.0001462399959564209,
      0.0016338974237442017
    ],
    "mean_ratio": 11.172704811620871,
    "norm_range": [
      0.48411957422892254,
      1.7145398457845051
    ],
    "norm_ratio": 3.5415627392492195
  },
  "diagnosis": [
    {
      "issue": "\u524d\u51e0\u5c42\u88ab\u8fc7\u5ea6\u526a\u679d",
      "severity": "critical",
      "description": "\u524d5\u5c42\u4e2d\u6709 2 \u5c42\u88ab\u8fc7\u5ea6\u526a\u679d",
      "recommendation": "\u524d\u51e0\u5c42\u901a\u5e38\u5f88\u91cd\u8981\uff0c\u5efa\u8bae\u4e3a\u5176\u8bbe\u7f6e\u8f83\u4f4e\u7684 max_rate"
    }
  ]
}