{
  "0": 7.921814846505924,
  "1": 0.12339746611458935,
  "2": 0.15751567762725216,
  "3": 0.5104769940278966,
  "4": 0.38752956779635683,
  "5": 0.04933313642229331,
  "6": 0.07811890135006028,
  "7": 0.07271474234911857,
  "8": 0.08077594990632964,
  "9": 0.1595452133490114,
  "10": 0.03878806172585003,
  "11": 0.052115219466540186,
  "12": 0.031332797420267955,
  "13": 0.04719976600335585,
  "14": 0.029589867105289436,
  "15": 0.031569385528564364,
  "16": 0.034379791726871556,
  "17": 0.007962328073929825,
  "18": 0.039217344595461334,
  "19": 0.11355434145246246,
  "20": 0.09607644567684259,
  "21": 0.07195839979210694,
  "22": 0.11504659360768832,
  "23": 0.13917942436373965,
  "24": 0.10352710607100502,
  "25": 0.1302704052049286,
  "26": 0.24683697953516104,
  "27": 1.3203626029345452
}