{
  "0": 4.897855271615212,
  "1": 4.01058705748385,
  "2": 0.19034438777844365,
  "3": 0.13719229007920308,
  "4": 0.12512628527594583,
  "5": 0.10798509524883082,
  "6": 0.10229523872176172,
  "7": 0.05135131663836612,
  "8": 0.044954012679187194,
  "9": 0.03682647187459853,
  "10": 0.04771565282472512,
  "11": 0.03398753079219663,
  "12": 0.020973699718124017,
  "13": 0.06989857230392316,
  "14": 0.0769484153392832,
  "15": 0.08923267424396819,
  "16": 0.12782978856768645,
  "17": 0.1298696622566835,
  "18": 0.135087332799813,
  "19": 0.08571954235478074,
  "20": 0.08618556331094718,
  "21": 0.0896058127463002,
  "22": 0.09691070285721004,
  "23": 0.06600205266061687,
  "24": 0.09546386992455469,
  "25": 0.039946547211551664,
  "26": 0.03427220801183539,
  "27": 0.19055859445171386,
  "28": 0.0989807461887473,
  "29": 0.2319372337540031,
  "30": 0.22042980793040146,
  "31": 1.260634033101908
}