{
  "attention": {
    "0": 6.708359683615104,
    "1": 5.372773895502312,
    "2": 6.29885073919068,
    "3": 5.528016883831715,
    "4": 5.887991697490543,
    "5": 5.853672319559447,
    "6": 5.540595143270045,
    "7": 5.481410134462464,
    "8": 5.35555009396887,
    "9": 5.471046494756369,
    "10": 5.359617524522328,
    "11": 5.395889848311963,
    "12": 5.500675186460686,
    "13": 5.232996238115443,
    "14": 5.2591204750879506,
    "15": 4.938649014735708,
    "16": 4.560096906884019,
    "17": 3.7896124415067494,
    "18": 3.6751544154882527,
    "19": 3.2436130539241628,
    "20": 3.0079550882578596,
    "21": 2.6990502838633326,
    "22": 2.5880618771007953,
    "23": 2.4144707432118926,
    "24": 2.3763264344181776,
    "25": 2.262339208543084,
    "26": 1.9109547695108633,
    "27": 1.644036333824375,
    "28": 1.3064607017914391,
    "29": 0.9819961845829437,
    "30": 0.5355067192243395,
    "31": 0.2560667299702275
  },
  "mlp": {
    "0": 6.126905598093423,
    "1": 6.642144360680563,
    "2": 5.033532232411444,
    "3": 5.478853697627241,
    "4": 5.8120494081137775,
    "5": 5.8925678550829215,
    "6": 5.67657003625226,
    "7": 5.630018271500164,
    "8": 5.473503944486624,
    "9": 5.329726130090246,
    "10": 4.956023835785159,
    "11": 4.848169161548013,
    "12": 4.818489370145321,
    "13": 4.701929085635002,
    "14": 4.344236078785564,
    "15": 4.165606377906616,
    "16": 4.070225414313532,
    "17": 3.664354016365853,
    "18": 3.3606323836692056,
    "19": 3.2031756296334395,
    "20": 3.2319365201571637,
    "21": 3.256627328116288,
    "22": 3.1934850316890566,
    "23": 3.096422513326009,
    "24": 3.057837818186708,
    "25": 2.8644177052827366,
    "26": 2.615853799085805,
    "27": 2.1648642093494948,
    "28": 1.677411711964747,
    "29": 1.1431250345456,
    "30": 0.614210210252427,
    "31": 0.3428077247884711
  }
}