{
  "0": 6.244192113053195,
  "1": 4.43816833857279,
  "2": 0.10541962652136272,
  "3": 0.08325963587095364,
  "4": 0.05960861096086667,
  "5": 0.062066676298414336,
  "6": 0.04500994973356409,
  "7": 0.04253973429982416,
  "8": 0.034055459387496434,
  "9": 0.0324735495352626,
  "10": 0.026742716373318043,
  "11": 0.024590620336291558,
  "12": 0.020507587504936975,
  "13": 0.023676334385618336,
  "14": 0.03242603192033933,
  "15": 0.03732344964943479,
  "16": 0.04166649405556555,
  "17": 0.050310023589411834,
  "18": 0.06420458226788828,
  "19": 0.08290095173684753,
  "20": 0.06824396845554492,
  "21": 0.05485633326782047,
  "22": 0.042958593497524955,
  "23": 0.055114700260302296,
  "24": 0.05208082103963019,
  "25": 0.05470592538848296,
  "26": 0.04871379590435554,
  "27": 0.051377130588722064,
  "28": 0.08265562504542556,
  "29": 0.1431451982794374,
  "30": 0.12889938681413238,
  "31": 0.29731343816205236
}