{
  "extreme_pruning_layers": [
    {
      "layer_idx": 28,
      "pruning_rate": 0.5005580357142857,
      "importance": 3.2041039977754866,
      "gradient_mean": 0.025142958180771932,
      "gradient_norm": 147.3843994140625
    },
    {
      "layer_idx": 29,
      "pruning_rate": 0.5441545758928571,
      "importance": 3.243502599852426,
      "gradient_mean": 0.0261774683992068,
      "gradient_norm": 178.6841583251953
    },
    {
      "layer_idx": 30,
      "pruning_rate": 0.5930524553571429,
      "importance": 2.9435045761721477,
      "gradient_mean": 0.030307682024108037,
      "gradient_norm": 167.71918106079102
    },
    {
      "layer_idx": 31,
      "pruning_rate": 0.5185546875,
      "importance": 2.614193788596562,
      "gradient_mean": 0.036246288981702596,
      "gradient_norm": 155.67760552300348
    }
  ],
  "num_extreme_layers": 4,
  "gradient_statistics": {
    "mean_range": [
      0.020682222934232816,
      0.2208060578753551
    ],
    "mean_ratio": 10.676127876093453,
    "norm_range": [
      120.32656902737088,
      1433.98216925727
    ],
    "norm_ratio": 11.917419243707414
  },
  "diagnosis": []
}