{
  "model_path": "results/search_Mistral-Instruct_layerwise_20/exp_012_taylor_seq_len128_taylor_num_samples64/pruned_model.bin",
  "timestamp": "2025-12-02T15:15:54.270023",
  "metrics": {
    "model_info": {
      "total_params": 5798420480,
      "trainable_params": 5798420480,
      "total_params_M": 5798.42048,
      "total_params_B": 5.79842048,
      "num_layers": 32,
      "module_params": {
        "embedding": 134217728,
        "lm_head": 134217728,
        "final_norm": 4096,
        "attention": 1342177280,
        "mlp": 4187541504,
        "input_layernorm": 131072,
        "post_attention_layernorm": 131072,
        "total_accounted": 5798420480,
        "unaccounted": 0,
        "match": true
      },
      "attention_params": 1342177280,
      "mlp_params": 4187541504,
      "attention_params_M": 1342.17728,
      "mlp_params_M": 4187.541504,
      "attention_ratio": 0.23147291311995366,
      "mlp_ratio": 0.7221865883034408,
      "model_size_mb": 11059.609619140625,
      "model_size_gb": 10.800400018692017
    },
    "ppl_quick_128": {
      "wikitext2 (wikitext-2-raw-v1)": 31.583295822143555,
      "ptb": 134.15423583984375
    },
    "ppl_standard_2048_512": {
      "wikitext2 (wikitext-2-raw-v1)": 15.549753189086914,
      "ptb": 64.41620635986328
    },
    "ppl": {
      "wikitext2 (wikitext-2-raw-v1)": 15.549753189086914,
      "ptb": 64.41620635986328
    },
    "zeroshot": {
      "boolq": {
        "accuracy": 0.692354740061162,
        "full_results": {
          "acc,none": 0.692354740061162,
          "acc_stderr,none": 0.00807201552786952,
          "alias": "boolq"
        }
      },
      "piqa": {
        "accuracy": 0.7154515778019587,
        "full_results": {
          "acc,none": 0.7018498367791077,
          "acc_stderr,none": 0.01067296411400809,
          "acc_norm,none": 0.7154515778019587,
          "acc_norm_stderr,none": 0.010527218464130647,
          "alias": "piqa"
        }
      },
      "hellaswag": {
        "accuracy": 0.5545708026289584,
        "full_results": {
          "acc,none": 0.4318860784704242,
          "acc_stderr,none": 0.00494326433986871,
          "acc_norm,none": 0.5545708026289584,
          "acc_norm_stderr,none": 0.004959973514772777,
          "alias": "hellaswag"
        }
      },
      "winogrande": {
        "accuracy": 0.5895816890292028,
        "full_results": {
          "acc,none": 0.5895816890292028,
          "acc_stderr,none": 0.013825107120036002,
          "alias": "winogrande"
        }
      },
      "arc_easy": {
        "accuracy": 0.6018518518518519,
        "full_results": {
          "acc,none": 0.6464646464646465,
          "acc_stderr,none": 0.00980972894815166,
          "acc_norm,none": 0.6018518518518519,
          "acc_norm_stderr,none": 0.01004466237465343,
          "alias": "arc_easy"
        }
      },
      "arc_challenge": {
        "accuracy": 0.3447098976109215,
        "full_results": {
          "acc,none": 0.3267918088737201,
          "acc_stderr,none": 0.013706665975587251,
          "acc_norm,none": 0.3447098976109215,
          "acc_norm_stderr,none": 0.013888816286782117,
          "alias": "arc_challenge"
        }
      },
      "openbookqa": {
        "accuracy": 0.352,
        "full_results": {
          "acc,none": 0.222,
          "acc_stderr,none": 0.018604414758250098,
          "acc_norm,none": 0.352,
          "acc_norm_stderr,none": 0.02138004238594605,
          "alias": "openbookqa"
        }
      }
    },
    "avg_zeroshot_acc": 0.5500743655691508
  }
}