{
  "model_path": "results/finetuned/Qwen/base_finetuned/pruned_model.bin",
  "timestamp": "2025-12-04T16:11:28.350325",
  "metrics": {
    "model_info": {
      "total_params": 7615616512,
      "trainable_params": 0,
      "total_params_M": 7615.616512,
      "total_params_B": 7.615616512,
      "num_layers": 28,
      "module_params": {
        "embedding": 544997376,
        "lm_head": 544997376,
        "final_norm": 3584,
        "attention": 822212608,
        "mlp": 5703204864,
        "input_layernorm": 100352,
        "post_attention_layernorm": 100352,
        "total_accounted": 7615616512,
        "unaccounted": 0,
        "match": true
      },
      "attention_params": 822212608,
      "mlp_params": 5703204864,
      "attention_params_M": 822.212608,
      "mlp_params_M": 5703.204864,
      "attention_ratio": 0.10796402454147103,
      "mlp_ratio": 0.748882884926441,
      "model_size_mb": 14525.635864257812,
      "model_size_gb": 14.18519127368927
    },
    "ppl_quick_128": {
      "wikitext2 (wikitext-2-raw-v1)": 14.892565727233887,
      "ptb": 28.556474685668945
    },
    "ppl_standard_2048_512": {
      "wikitext2 (wikitext-2-raw-v1)": 6.809714317321777,
      "ptb": 11.270560264587402
    },
    "ppl": {
      "wikitext2 (wikitext-2-raw-v1)": 6.809714317321777,
      "ptb": 11.270560264587402
    },
    "zeroshot": {
      "boolq": {
        "accuracy": 0.8464831804281345,
        "full_results": {
          "acc,none": 0.8464831804281345,
          "acc_stderr,none": 0.0063049215696073645,
          "alias": "boolq"
        }
      },
      "piqa": {
        "accuracy": 0.7981501632208923,
        "full_results": {
          "acc,none": 0.7872687704026116,
          "acc_stderr,none": 0.009548223123047388,
          "acc_norm,none": 0.7981501632208923,
          "acc_norm_stderr,none": 0.009364873741341406,
          "alias": "piqa"
        }
      },
      "hellaswag": {
        "accuracy": 0.7891854212308305,
        "full_results": {
          "acc,none": 0.6002788289185421,
          "acc_stderr,none": 0.004888398535520611,
          "acc_norm,none": 0.7891854212308305,
          "acc_norm_stderr,none": 0.0040705337867395055,
          "alias": "hellaswag"
        }
      },
      "winogrande": {
        "accuracy": 0.728492501973165,
        "full_results": {
          "acc,none": 0.728492501973165,
          "acc_stderr,none": 0.01249932625489304,
          "alias": "winogrande"
        }
      },
      "arc_easy": {
        "accuracy": 0.7731481481481481,
        "full_results": {
          "acc,none": 0.8047138047138047,
          "acc_stderr,none": 0.008134384386937822,
          "acc_norm,none": 0.7731481481481481,
          "acc_norm_stderr,none": 0.008593512587705174,
          "alias": "arc_easy"
        }
      },
      "arc_challenge": {
        "accuracy": 0.5102389078498294,
        "full_results": {
          "acc,none": 0.4786689419795222,
          "acc_stderr,none": 0.014598087973127125,
          "acc_norm,none": 0.5102389078498294,
          "acc_norm_stderr,none": 0.014608326906285005,
          "alias": "arc_challenge"
        }
      },
      "openbookqa": {
        "accuracy": 0.47,
        "full_results": {
          "acc,none": 0.332,
          "acc_stderr,none": 0.021081766571222797,
          "acc_norm,none": 0.47,
          "acc_norm_stderr,none": 0.0223427481925028,
          "alias": "openbookqa"
        }
      }
    },
    "avg_zeroshot_acc": 0.7022426175501428
  }
}