{
  "model_path": "results/search_Llama-Instruct_layerwise_20/exp_014_taylor_seq_len128_taylor_num_samples256/pruned_model.bin",
  "timestamp": "2025-12-02T15:56:30.767026",
  "metrics": {
    "model_info": {
      "total_params": 6424211456,
      "trainable_params": 6424211456,
      "total_params_M": 6424.211456,
      "total_params_B": 6.424211456,
      "num_layers": 32,
      "module_params": {
        "embedding": 525336576,
        "lm_head": 525336576,
        "final_norm": 4096,
        "attention": 1179648000,
        "mlp": 4193624064,
        "input_layernorm": 131072,
        "post_attention_layernorm": 131072,
        "total_accounted": 6424211456,
        "unaccounted": 0,
        "match": true
      },
      "attention_params": 1179648000,
      "mlp_params": 4193624064,
      "attention_params_M": 1179.648,
      "mlp_params_M": 4193.624064,
      "attention_ratio": 0.18362533800132746,
      "mlp_ratio": 0.6527842510668441,
      "model_size_mb": 12253.211181640625,
      "model_size_gb": 11.966026544570923
    },
    "ppl_quick_128": {
      "wikitext2 (wikitext-2-raw-v1)": 39.64908981323242,
      "ptb": 57.595359802246094
    },
    "ppl_standard_2048_512": {
      "wikitext2 (wikitext-2-raw-v1)": 15.735738754272461,
      "ptb": 22.181110382080078
    },
    "ppl": {
      "wikitext2 (wikitext-2-raw-v1)": 15.735738754272461,
      "ptb": 22.181110382080078
    },
    "zeroshot": {
      "boolq": {
        "accuracy": 0.82782874617737,
        "full_results": {
          "acc,none": 0.82782874617737,
          "acc_stderr,none": 0.0066030275965915895,
          "alias": "boolq"
        }
      },
      "piqa": {
        "accuracy": 0.735038084874864,
        "full_results": {
          "acc,none": 0.7181719260065288,
          "acc_stderr,none": 0.010496675231258095,
          "acc_norm,none": 0.735038084874864,
          "acc_norm_stderr,none": 0.010296557993316033,
          "alias": "piqa"
        }
      },
      "hellaswag": {
        "accuracy": 0.6484763991236805,
        "full_results": {
          "acc,none": 0.465345548695479,
          "acc_stderr,none": 0.004977782217581942,
          "acc_norm,none": 0.6484763991236805,
          "acc_norm_stderr,none": 0.004764703145680126,
          "alias": "hellaswag"
        }
      },
      "winogrande": {
        "accuracy": 0.6819258089976322,
        "full_results": {
          "acc,none": 0.6819258089976322,
          "acc_stderr,none": 0.013089285079884758,
          "alias": "winogrande"
        }
      },
      "arc_easy": {
        "accuracy": 0.6662457912457912,
        "full_results": {
          "acc,none": 0.7121212121212122,
          "acc_stderr,none": 0.009290733161670237,
          "acc_norm,none": 0.6662457912457912,
          "acc_norm_stderr,none": 0.009676065683575515,
          "alias": "arc_easy"
        }
      },
      "arc_challenge": {
        "accuracy": 0.42918088737201365,
        "full_results": {
          "acc,none": 0.3993174061433447,
          "acc_stderr,none": 0.014312094557946681,
          "acc_norm,none": 0.42918088737201365,
          "acc_norm_stderr,none": 0.014464085894870677,
          "alias": "arc_challenge"
        }
      },
      "openbookqa": {
        "accuracy": 0.36,
        "full_results": {
          "acc,none": 0.248,
          "acc_stderr,none": 0.019332342821239124,
          "acc_norm,none": 0.36,
          "acc_norm_stderr,none": 0.02148775108972057,
          "alias": "openbookqa"
        }
      }
    },
    "avg_zeroshot_acc": 0.6212422453987646
  }
}