{
  "model_path": "results/search_Mistral_20/exp_018_taylor_seq_len256_taylor_num_samples128/pruned_model.bin",
  "timestamp": "2025-12-02T04:35:12.234620",
  "metrics": {
    "model_info": {
      "total_params": 5798420480,
      "trainable_params": 5798420480,
      "total_params_M": 5798.42048,
      "total_params_B": 5.79842048,
      "num_layers": 32,
      "module_params": {
        "embedding": 134217728,
        "lm_head": 134217728,
        "final_norm": 4096,
        "attention": 1342177280,
        "mlp": 4187541504,
        "input_layernorm": 131072,
        "post_attention_layernorm": 131072,
        "total_accounted": 5798420480,
        "unaccounted": 0,
        "match": true
      },
      "attention_params": 1342177280,
      "mlp_params": 4187541504,
      "attention_params_M": 1342.17728,
      "mlp_params_M": 4187.541504,
      "attention_ratio": 0.23147291311995366,
      "mlp_ratio": 0.7221865883034408,
      "model_size_mb": 11059.609619140625,
      "model_size_gb": 10.800400018692017
    },
    "ppl_quick_128": {
      "wikitext2 (wikitext-2-raw-v1)": 60.02644348144531,
      "ptb": 206.9080352783203
    },
    "ppl_standard_2048_512": {
      "wikitext2 (wikitext-2-raw-v1)": 36.54701232910156,
      "ptb": 174.18228149414062
    },
    "ppl": {
      "wikitext2 (wikitext-2-raw-v1)": 36.54701232910156,
      "ptb": 174.18228149414062
    },
    "zeroshot": {
      "boolq": {
        "accuracy": 0.5779816513761468,
        "full_results": {
          "acc,none": 0.5779816513761468,
          "acc_stderr,none": 0.008638040428462886,
          "alias": "boolq"
        }
      },
      "piqa": {
        "accuracy": 0.6039173014145811,
        "full_results": {
          "acc,none": 0.6120783460282916,
          "acc_stderr,none": 0.011368965300027503,
          "acc_norm,none": 0.6039173014145811,
          "acc_norm_stderr,none": 0.011411089031912588,
          "alias": "piqa"
        }
      },
      "hellaswag": {
        "accuracy": 0.3684524995020912,
        "full_results": {
          "acc,none": 0.31378211511651066,
          "acc_stderr,none": 0.004630806412067467,
          "acc_norm,none": 0.3684524995020912,
          "acc_norm_stderr,none": 0.004813991069808135,
          "alias": "hellaswag"
        }
      },
      "winogrande": {
        "accuracy": 0.5288082083662194,
        "full_results": {
          "acc,none": 0.5288082083662194,
          "acc_stderr,none": 0.014029141615909664,
          "alias": "winogrande"
        }
      },
      "arc_easy": {
        "accuracy": 0.3872053872053872,
        "full_results": {
          "acc,none": 0.4385521885521885,
          "acc_stderr,none": 0.010182010275471127,
          "acc_norm,none": 0.3872053872053872,
          "acc_norm_stderr,none": 0.009995312065890286,
          "alias": "arc_easy"
        }
      },
      "arc_challenge": {
        "accuracy": 0.24232081911262798,
        "full_results": {
          "acc,none": 0.19795221843003413,
          "acc_stderr,none": 0.011643990971573369,
          "acc_norm,none": 0.24232081911262798,
          "acc_norm_stderr,none": 0.012521593295800071,
          "alias": "arc_challenge"
        }
      },
      "openbookqa": {
        "accuracy": 0.3,
        "full_results": {
          "acc,none": 0.162,
          "acc_stderr,none": 0.016494123566423557,
          "acc_norm,none": 0.3,
          "acc_norm_stderr,none": 0.020514426225627987,
          "alias": "openbookqa"
        }
      }
    },
    "avg_zeroshot_acc": 0.42981226671100764
  }
}