{
  "0": 3.2896774773504216,
  "1": 3.427472093526055,
  "2": 0.1147610860712387,
  "3": 0.08236739448472585,
  "4": 0.06378588021970266,
  "5": 0.0693071145637365,
  "6": 0.026357791003059017,
  "7": 0.022815629547717542,
  "8": 0.029644470588833904,
  "9": 0.014241636968126414,
  "10": 0.016787692612292737,
  "11": 0.013305032954496365,
  "12": 0.005123762523426834,
  "13": 0.007276883312300253,
  "14": 0.0020299588932712886,
  "15": 0.006533309525134534,
  "16": 0.024466187346215307,
  "17": 0.05222880139070396,
  "18": 0.04971192631067023,
  "19": 0.20564720209907073,
  "20": 0.07235480056089516,
  "21": 0.06940227396347964,
  "22": 0.06976767848519705,
  "23": 0.037924897437002336,
  "24": 0.036469478233188024,
  "25": 0.04571235179901123,
  "26": 0.04871037193373162,
  "27": 0.03077305298225541,
  "28": 0.062308489107618215,
  "29": 0.10138209894591688,
  "30": 0.029414487820045743,
  "31": 0.33949265059302824
}