{
  "extreme_pruning_layers": [],
  "num_extreme_layers": 0,
  "gradient_statistics": {
    "mean_range": [
      0.16642271768715647,
      3.3517257103489504
    ],
    "mean_ratio": 20.139832799964147,
    "norm_range": [
      945.0697296990288,
      Infinity
    ],
    "norm_ratio": Infinity
  },
  "diagnosis": []
}