{
  "model_path": "results/all_model_blockwise_128_128_8/Mistral-Instruct/pruned_model.bin",
  "timestamp": "2025-12-11T16:00:46.567462",
  "metrics": {
    "model_info": {
      "total_params": 5798420480,
      "trainable_params": 5798420480,
      "total_params_M": 5798.42048,
      "total_params_B": 5.79842048,
      "num_layers": 32,
      "module_params": {
        "embedding": 134217728,
        "lm_head": 134217728,
        "final_norm": 4096,
        "attention": 1342177280,
        "mlp": 4187541504,
        "input_layernorm": 131072,
        "post_attention_layernorm": 131072,
        "total_accounted": 5798420480,
        "unaccounted": 0,
        "match": true
      },
      "attention_params": 1342177280,
      "mlp_params": 4187541504,
      "attention_params_M": 1342.17728,
      "mlp_params_M": 4187.541504,
      "attention_ratio": 0.23147291311995366,
      "mlp_ratio": 0.7221865883034408,
      "model_size_mb": 11059.609619140625,
      "model_size_gb": 10.800400018692017
    },
    "ppl_quick_128": {
      "wikitext2 (wikitext-2-raw-v1)": 30.699594497680664,
      "ptb": 126.86934661865234
    },
    "ppl_standard_2048_512": {
      "wikitext2 (wikitext-2-raw-v1)": 16.131412506103516,
      "ptb": 68.3075942993164
    },
    "ppl": {
      "wikitext2 (wikitext-2-raw-v1)": 16.131412506103516,
      "ptb": 68.3075942993164
    },
    "zeroshot": {
      "boolq": {
        "accuracy": 0.7168195718654434,
        "full_results": {
          "acc,none": 0.7168195718654434,
          "acc_stderr,none": 0.007880052012351885,
          "alias": "boolq"
        }
      },
      "piqa": {
        "accuracy": 0.7100108813928183,
        "full_results": {
          "acc,none": 0.7105549510337323,
          "acc_stderr,none": 0.010581014740675708,
          "acc_norm,none": 0.7100108813928183,
          "acc_norm_stderr,none": 0.010586899128169378,
          "alias": "piqa"
        }
      },
      "hellaswag": {
        "accuracy": 0.59061939852619,
        "full_results": {
          "acc,none": 0.44722166899024096,
          "acc_stderr,none": 0.004961904949171389,
          "acc_norm,none": 0.59061939852619,
          "acc_norm_stderr,none": 0.004907146229347434,
          "alias": "hellaswag"
        }
      },
      "winogrande": {
        "accuracy": 0.6006314127861089,
        "full_results": {
          "acc,none": 0.6006314127861089,
          "acc_stderr,none": 0.0137649335467177,
          "alias": "winogrande"
        }
      },
      "arc_easy": {
        "accuracy": 0.6355218855218855,
        "full_results": {
          "acc,none": 0.6595117845117845,
          "acc_stderr,none": 0.009723676813825778,
          "acc_norm,none": 0.6355218855218855,
          "acc_norm_stderr,none": 0.009875729282482445,
          "alias": "arc_easy"
        }
      },
      "arc_challenge": {
        "accuracy": 0.37542662116040953,
        "full_results": {
          "acc,none": 0.34215017064846415,
          "acc_stderr,none": 0.013864152159177238,
          "acc_norm,none": 0.37542662116040953,
          "acc_norm_stderr,none": 0.014150631435111728,
          "alias": "arc_challenge"
        }
      },
      "openbookqa": {
        "accuracy": 0.342,
        "full_results": {
          "acc,none": 0.2,
          "acc_stderr,none": 0.01790645924143381,
          "acc_norm,none": 0.342,
          "acc_norm_stderr,none": 0.021236147199899316,
          "alias": "openbookqa"
        }
      }
    },
    "avg_zeroshot_acc": 0.5672899673218366
  }
}