{
  "0": 6.754629990555349,
  "1": 4.0651333966679655,
  "2": 0.08310822589106115,
  "3": 0.0657264245304865,
  "4": 0.04536398055641033,
  "5": 0.04860336824925371,
  "6": 0.03761519629489207,
  "7": 0.034438057775402875,
  "8": 0.02817125505071605,
  "9": 0.03196161756038185,
  "10": 0.02913115186440196,
  "11": 0.020249705338089452,
  "12": 0.02123956193297616,
  "13": 0.022927182609888686,
  "14": 0.02627359830904341,
  "15": 0.03337220775895977,
  "16": 0.03465664329265783,
  "17": 0.044674581922184764,
  "18": 0.054219113940017216,
  "19": 0.06500107228715724,
  "20": 0.06689514501286364,
  "21": 0.05489810412823859,
  "22": 0.04287282896773048,
  "23": 0.046608438106912065,
  "24": 0.04350822724237435,
  "25": 0.04820795263385502,
  "26": 0.046436174222365345,
  "27": 0.049275476638900084,
  "28": 0.06484098138523198,
  "29": 0.1126161346625012,
  "30": 0.10756886134164656,
  "31": 0.2731409082993075
}