{
  "model_path": "results/search_Llama_blockwise_20/exp_010_taylor_seq_len64_taylor_num_samples512/pruned_model.bin",
  "timestamp": "2025-12-02T14:55:36.132928",
  "metrics": {
    "model_info": {
      "total_params": 6424215552,
      "trainable_params": 6424215552,
      "total_params_M": 6424.215552,
      "total_params_B": 6.424215552,
      "num_layers": 32,
      "module_params": {
        "embedding": 525336576,
        "lm_head": 525336576,
        "final_norm": 4096,
        "attention": 1205862400,
        "mlp": 4167413760,
        "input_layernorm": 131072,
        "post_attention_layernorm": 131072,
        "total_accounted": 6424215552,
        "unaccounted": 0,
        "match": true
      },
      "attention_params": 1205862400,
      "mlp_params": 4167413760,
      "attention_params_M": 1205.8624,
      "mlp_params_M": 4167.41376,
      "attention_ratio": 0.1877057813890738,
      "mlp_ratio": 0.6487039119823108,
      "model_size_mb": 12253.218994140625,
      "model_size_gb": 11.966034173965454
    },
    "ppl_quick_128": {
      "wikitext2 (wikitext-2-raw-v1)": 31.12418556213379,
      "ptb": 48.62118911743164
    },
    "ppl_standard_2048_512": {
      "wikitext2 (wikitext-2-raw-v1)": 12.873970985412598,
      "ptb": 17.907405853271484
    },
    "ppl": {
      "wikitext2 (wikitext-2-raw-v1)": 12.873970985412598,
      "ptb": 17.907405853271484
    },
    "zeroshot": {
      "boolq": {
        "accuracy": 0.7198776758409786,
        "full_results": {
          "acc,none": 0.7198776758409786,
          "acc_stderr,none": 0.007854087822506002,
          "alias": "boolq"
        }
      },
      "piqa": {
        "accuracy": 0.719260065288357,
        "full_results": {
          "acc,none": 0.7241566920565833,
          "acc_stderr,none": 0.010427805502729186,
          "acc_norm,none": 0.719260065288357,
          "acc_norm_stderr,none": 0.010484325438311801,
          "alias": "piqa"
        }
      },
      "hellaswag": {
        "accuracy": 0.6290579565823541,
        "full_results": {
          "acc,none": 0.4643497311292571,
          "acc_stderr,none": 0.004977081808179428,
          "acc_norm,none": 0.6290579565823541,
          "acc_norm_stderr,none": 0.004820697457420161,
          "alias": "hellaswag"
        }
      },
      "winogrande": {
        "accuracy": 0.681136543014996,
        "full_results": {
          "acc,none": 0.681136543014996,
          "acc_stderr,none": 0.013097928420088795,
          "alias": "winogrande"
        }
      },
      "arc_easy": {
        "accuracy": 0.6039562289562289,
        "full_results": {
          "acc,none": 0.6405723905723906,
          "acc_stderr,none": 0.009845958893373748,
          "acc_norm,none": 0.6039562289562289,
          "acc_norm_stderr,none": 0.010035580962097864,
          "alias": "arc_easy"
        }
      },
      "arc_challenge": {
        "accuracy": 0.38139931740614336,
        "full_results": {
          "acc,none": 0.3378839590443686,
          "acc_stderr,none": 0.01382204792228354,
          "acc_norm,none": 0.38139931740614336,
          "acc_norm_stderr,none": 0.014194389086685315,
          "alias": "arc_challenge"
        }
      },
      "openbookqa": {
        "accuracy": 0.376,
        "full_results": {
          "acc,none": 0.276,
          "acc_stderr,none": 0.02001121929807355,
          "acc_norm,none": 0.376,
          "acc_norm_stderr,none": 0.02168382753928621,
          "alias": "openbookqa"
        }
      }
    },
    "avg_zeroshot_acc": 0.5872411124412941
  }
}