{
  "model_path": "results/search_Qwen-Instruct_blockwise_20/exp_016_taylor_seq_len256_taylor_num_samples4/pruned_model.bin",
  "timestamp": "2025-12-03T00:41:19.546825",
  "metrics": {
    "model_info": {
      "total_params": 6092494464,
      "trainable_params": 6092494464,
      "total_params_M": 6092.494464,
      "total_params_B": 6.092494464,
      "num_layers": 28,
      "module_params": {
        "embedding": 544997376,
        "lm_head": 544997376,
        "final_norm": 3584,
        "attention": 770824320,
        "mlp": 4231471104,
        "input_layernorm": 100352,
        "post_attention_layernorm": 100352,
        "total_accounted": 6092494464,
        "unaccounted": 0,
        "match": true
      },
      "attention_params": 770824320,
      "mlp_params": 4231471104,
      "attention_params_M": 770.82432,
      "mlp_params_M": 4231.471104,
      "attention_ratio": 0.1265203152099245,
      "mlp_ratio": 0.694538358467682,
      "model_size_mb": 11620.51123046875,
      "model_size_gb": 11.348155498504639
    },
    "ppl_quick_128": {
      "wikitext2 (wikitext-2-raw-v1)": 43.54756546020508,
      "ptb": 65.39299774169922
    },
    "ppl_standard_2048_512": {
      "wikitext2 (wikitext-2-raw-v1)": 17.63884162902832,
      "ptb": 24.554323196411133
    },
    "ppl": {
      "wikitext2 (wikitext-2-raw-v1)": 17.63884162902832,
      "ptb": 24.554323196411133
    },
    "zeroshot": {
      "boolq": {
        "accuracy": 0.635474006116208,
        "full_results": {
          "acc,none": 0.635474006116208,
          "acc_stderr,none": 0.008417937294741688,
          "alias": "boolq"
        }
      },
      "piqa": {
        "accuracy": 0.6855277475516867,
        "full_results": {
          "acc,none": 0.6855277475516867,
          "acc_stderr,none": 0.010833009065106529,
          "acc_norm,none": 0.6855277475516867,
          "acc_norm_stderr,none": 0.010833009065106529,
          "alias": "piqa"
        }
      },
      "hellaswag": {
        "accuracy": 0.5919139613622785,
        "full_results": {
          "acc,none": 0.4378609838677554,
          "acc_stderr,none": 0.004951097802776246,
          "acc_norm,none": 0.5919139613622785,
          "acc_norm_stderr,none": 0.004904747752286936,
          "alias": "hellaswag"
        }
      },
      "winogrande": {
        "accuracy": 0.6408839779005525,
        "full_results": {
          "acc,none": 0.6408839779005525,
          "acc_stderr,none": 0.013483115202120267,
          "alias": "winogrande"
        }
      },
      "arc_easy": {
        "accuracy": 0.5707070707070707,
        "full_results": {
          "acc,none": 0.6136363636363636,
          "acc_stderr,none": 0.009991296778159724,
          "acc_norm,none": 0.5707070707070707,
          "acc_norm_stderr,none": 0.01015667807591118,
          "alias": "arc_easy"
        }
      },
      "arc_challenge": {
        "accuracy": 0.3822525597269625,
        "full_results": {
          "acc,none": 0.3515358361774744,
          "acc_stderr,none": 0.013952413699601044,
          "acc_norm,none": 0.3822525597269625,
          "acc_norm_stderr,none": 0.014200454049979326,
          "alias": "arc_challenge"
        }
      },
      "openbookqa": {
        "accuracy": 0.346,
        "full_results": {
          "acc,none": 0.232,
          "acc_stderr,none": 0.01889619359195203,
          "acc_norm,none": 0.346,
          "acc_norm_stderr,none": 0.021294951277234696,
          "alias": "openbookqa"
        }
      }
    },
    "avg_zeroshot_acc": 0.5503941890521084
  }
}