{
  "extreme_pruning_layers": [],
  "num_extreme_layers": 0,
  "gradient_statistics": {
    "mean_range": [
      0.0004541211658053928,
      0.0017465369568930732
    ],
    "mean_ratio": 3.8459704233307734,
    "norm_range": [
      2.010560777452257,
      12.740973578559029
    ],
    "norm_ratio": 6.337024834469533
  },
  "diagnosis": []
}