{
  "model_path": "results/search_Mistral-Instruct_layerwise_20/exp_010_taylor_seq_len64_taylor_num_samples512/pruned_model.bin",
  "timestamp": "2025-12-02T14:38:35.624301",
  "metrics": {
    "model_info": {
      "total_params": 5798420480,
      "trainable_params": 5798420480,
      "total_params_M": 5798.42048,
      "total_params_B": 5.79842048,
      "num_layers": 32,
      "module_params": {
        "embedding": 134217728,
        "lm_head": 134217728,
        "final_norm": 4096,
        "attention": 1342177280,
        "mlp": 4187541504,
        "input_layernorm": 131072,
        "post_attention_layernorm": 131072,
        "total_accounted": 5798420480,
        "unaccounted": 0,
        "match": true
      },
      "attention_params": 1342177280,
      "mlp_params": 4187541504,
      "attention_params_M": 1342.17728,
      "mlp_params_M": 4187.541504,
      "attention_ratio": 0.23147291311995366,
      "mlp_ratio": 0.7221865883034408,
      "model_size_mb": 11059.609619140625,
      "model_size_gb": 10.800400018692017
    },
    "ppl_quick_128": {
      "wikitext2 (wikitext-2-raw-v1)": 20.959625244140625,
      "ptb": 98.7436752319336
    },
    "ppl_standard_2048_512": {
      "wikitext2 (wikitext-2-raw-v1)": 9.969280242919922,
      "ptb": 39.850372314453125
    },
    "ppl": {
      "wikitext2 (wikitext-2-raw-v1)": 9.969280242919922,
      "ptb": 39.850372314453125
    },
    "zeroshot": {
      "boolq": {
        "accuracy": 0.728440366972477,
        "full_results": {
          "acc,none": 0.728440366972477,
          "acc_stderr,none": 0.007778970929603072,
          "alias": "boolq"
        }
      },
      "piqa": {
        "accuracy": 0.780195865070729,
        "full_results": {
          "acc,none": 0.764417845484222,
          "acc_stderr,none": 0.009901067586473833,
          "acc_norm,none": 0.780195865070729,
          "acc_norm_stderr,none": 0.009661958616651636,
          "alias": "piqa"
        }
      },
      "hellaswag": {
        "accuracy": 0.649770961959769,
        "full_results": {
          "acc,none": 0.48466440948018324,
          "acc_stderr,none": 0.0049874338622748204,
          "acc_norm,none": 0.649770961959769,
          "acc_norm_stderr,none": 0.0047606663111467475,
          "alias": "hellaswag"
        }
      },
      "winogrande": {
        "accuracy": 0.6235201262825573,
        "full_results": {
          "acc,none": 0.6235201262825573,
          "acc_stderr,none": 0.01361693196066715,
          "alias": "winogrande"
        }
      },
      "arc_easy": {
        "accuracy": 0.6797138047138047,
        "full_results": {
          "acc,none": 0.7011784511784511,
          "acc_stderr,none": 0.009392656275408705,
          "acc_norm,none": 0.6797138047138047,
          "acc_norm_stderr,none": 0.009574152668739516,
          "alias": "arc_easy"
        }
      },
      "arc_challenge": {
        "accuracy": 0.3984641638225256,
        "full_results": {
          "acc,none": 0.3660409556313993,
          "acc_stderr,none": 0.014077223108470144,
          "acc_norm,none": 0.3984641638225256,
          "acc_norm_stderr,none": 0.014306946052735529,
          "alias": "arc_challenge"
        }
      },
      "openbookqa": {
        "accuracy": 0.378,
        "full_results": {
          "acc,none": 0.246,
          "acc_stderr,none": 0.019279819056352458,
          "acc_norm,none": 0.378,
          "acc_norm_stderr,none": 0.02170655082451827,
          "alias": "openbookqa"
        }
      }
    },
    "avg_zeroshot_acc": 0.6054436126888375
  }
}