{
  "params": {
    "taylor_seq_len": 32,
    "taylor_num_samples": 512
  },
  "metrics": {
    "acc_mean": 0.6286248879184307,
    "acc_details": {
      "boolq": 0.8235474006116208,
      "piqa": 0.735582154515778,
      "hellaswag": 0.655148376817367,
      "winogrande": 0.6850828729281768,
      "arc_easy": 0.6767676767676768,
      "arc_challenge": 0.4462457337883959,
      "openbookqa": 0.378
    },
    "ppl": 13.337956428527832,
    "pruning_ratio": 0.19999918388707447,
    "gradient_statistics": {
      "grad_mean_ratio": 14.58986921431517,
      "grad_norm_ratio": 15.555576870039515,
      "grad_mean_range": 0.1357828753793405,
      "grad_norm_range": 799.6341725985209,
      "extreme_pruning_layers": 1
    }
  },
  "output_dir": "results/search_Llama-Instruct_20/exp_005_taylor_seq_len32_taylor_num_samples512"
}