{
  "model_path": "results/search_Llama-Instruct_blockwise_20/exp_013_taylor_seq_len128_taylor_num_samples128/pruned_model.bin",
  "timestamp": "2025-12-02T15:40:23.269540",
  "metrics": {
    "model_info": {
      "total_params": 6424211456,
      "trainable_params": 6424211456,
      "total_params_M": 6424.211456,
      "total_params_B": 6.424211456,
      "num_layers": 32,
      "module_params": {
        "embedding": 525336576,
        "lm_head": 525336576,
        "final_norm": 4096,
        "attention": 1179648000,
        "mlp": 4193624064,
        "input_layernorm": 131072,
        "post_attention_layernorm": 131072,
        "total_accounted": 6424211456,
        "unaccounted": 0,
        "match": true
      },
      "attention_params": 1179648000,
      "mlp_params": 4193624064,
      "attention_params_M": 1179.648,
      "mlp_params_M": 4193.624064,
      "attention_ratio": 0.18362533800132746,
      "mlp_ratio": 0.6527842510668441,
      "model_size_mb": 12253.211181640625,
      "model_size_gb": 11.966026544570923
    },
    "ppl_quick_128": {
      "wikitext2 (wikitext-2-raw-v1)": 44.37377166748047,
      "ptb": 79.39924621582031
    },
    "ppl_standard_2048_512": {
      "wikitext2 (wikitext-2-raw-v1)": 16.860355377197266,
      "ptb": 27.688417434692383
    },
    "ppl": {
      "wikitext2 (wikitext-2-raw-v1)": 16.860355377197266,
      "ptb": 27.688417434692383
    },
    "zeroshot": {
      "boolq": {
        "accuracy": 0.8079510703363915,
        "full_results": {
          "acc,none": 0.8079510703363915,
          "acc_stderr,none": 0.0068895525261074946,
          "alias": "boolq"
        }
      },
      "piqa": {
        "accuracy": 0.73449401523395,
        "full_results": {
          "acc,none": 0.7247007616974973,
          "acc_stderr,none": 0.010421429277369502,
          "acc_norm,none": 0.73449401523395,
          "acc_norm_stderr,none": 0.01030330865302444,
          "alias": "piqa"
        }
      },
      "hellaswag": {
        "accuracy": 0.6492730531766581,
        "full_results": {
          "acc,none": 0.4695279824736108,
          "acc_stderr,none": 0.004980506329407518,
          "acc_norm,none": 0.6492730531766581,
          "acc_norm_stderr,none": 0.004762223492435551,
          "alias": "hellaswag"
        }
      },
      "winogrande": {
        "accuracy": 0.6858721389108129,
        "full_results": {
          "acc,none": 0.6858721389108129,
          "acc_stderr,none": 0.01304541671607262,
          "alias": "winogrande"
        }
      },
      "arc_easy": {
        "accuracy": 0.6679292929292929,
        "full_results": {
          "acc,none": 0.7159090909090909,
          "acc_stderr,none": 0.009253921261885857,
          "acc_norm,none": 0.6679292929292929,
          "acc_norm_stderr,none": 0.009663817543072557,
          "alias": "arc_easy"
        }
      },
      "arc_challenge": {
        "accuracy": 0.4283276450511945,
        "full_results": {
          "acc,none": 0.4121160409556314,
          "acc_stderr,none": 0.014383915302225433,
          "acc_norm,none": 0.4283276450511945,
          "acc_norm_stderr,none": 0.01446049636759908,
          "alias": "arc_challenge"
        }
      },
      "openbookqa": {
        "accuracy": 0.376,
        "full_results": {
          "acc,none": 0.27,
          "acc_stderr,none": 0.019874354831287473,
          "acc_norm,none": 0.376,
          "acc_norm_stderr,none": 0.02168382753928621,
          "alias": "openbookqa"
        }
      }
    },
    "avg_zeroshot_acc": 0.6214067450911857
  }
}