{
  "attention": {
    "0": 6.671539342610698,
    "1": 5.304088708487054,
    "2": 6.264133017704506,
    "3": 5.46758598509885,
    "4": 5.836250939102577,
    "5": 5.798083485127959,
    "6": 5.468491571940458,
    "7": 5.412194266524121,
    "8": 5.255718119389117,
    "9": 5.3579515986096276,
    "10": 5.244072634532433,
    "11": 5.26002451892278,
    "12": 5.36259095257474,
    "13": 5.101521555287334,
    "14": 5.145478430316182,
    "15": 4.82350014319324,
    "16": 4.457737295000861,
    "17": 3.6805570055265453,
    "18": 3.6006553441723015,
    "19": 3.179946452125201,
    "20": 2.9813371644750046,
    "21": 2.6928922769521795,
    "22": 2.5824622066200615,
    "23": 2.4199187732417555,
    "24": 2.392496317635207,
    "25": 2.2871421234135414,
    "26": 1.9245613950777494,
    "27": 1.6313666102831736,
    "28": 1.2827667624642327,
    "29": 0.9578071797296448,
    "30": 0.5222750724154528,
    "31": 0.2516077041138245
  },
  "mlp": {
    "0": 6.082122972504987,
    "1": 6.654416256173658,
    "2": 4.980685419854231,
    "3": 5.459244484914434,
    "4": 5.8226777703697845,
    "5": 5.859906469275835,
    "6": 5.598903338290546,
    "7": 5.575577039951112,
    "8": 5.384529763141103,
    "9": 5.219874905881481,
    "10": 4.823047155208894,
    "11": 4.693768148856321,
    "12": 4.667225216217835,
    "13": 4.579656880949692,
    "14": 4.212425130445153,
    "15": 4.066996037695866,
    "16": 3.991051934540089,
    "17": 3.5846170905585013,
    "18": 3.3055459561707257,
    "19": 3.162053770024013,
    "20": 3.225565124972461,
    "21": 3.2721626629733485,
    "22": 3.2151350280428113,
    "23": 3.139109710723598,
    "24": 3.112634857847875,
    "25": 2.919872597667734,
    "26": 2.654865426696936,
    "27": 2.1746345246321828,
    "28": 1.661027458394464,
    "29": 1.1252427825820432,
    "30": 0.6025471491818535,
    "31": 0.33037786279730996
  }
}