{
  "0": 17962.0546875,
  "1": 12453.1484375,
  "2": 7923.98828125,
  "3": 6701.935546875,
  "4": 7145.443359375,
  "5": 7789.4609375,
  "6": 7275.6875,
  "7": 7063.291015625,
  "8": 6448.498046875,
  "9": 5660.068359375,
  "10": 5470.6171875,
  "11": 4886.59375,
  "12": 4575.6240234375,
  "13": 4390.9169921875,
  "14": 4608.6806640625,
  "15": 4601.4541015625,
  "16": 4635.4716796875,
  "17": 4569.7138671875,
  "18": 4498.306640625,
  "19": 4424.873046875,
  "20": 3519.0322265625,
  "21": 3006.3583984375,
  "22": 2426.56396484375,
  "23": 2307.89013671875,
  "24": 2083.625,
  "25": 2126.48876953125,
  "26": 1992.29345703125,
  "27": 1959.42919921875,
  "28": 2414.09619140625,
  "29": 2909.640625,
  "30": 2706.25732421875,
  "31": 9000.2890625
}