{
  "model_path": "results/search_Qwen_blockwise_20/exp_009_taylor_seq_len64_taylor_num_samples512/pruned_model.bin",
  "timestamp": "2025-12-01T01:27:30.542925",
  "metrics": {
    "model_info": {
      "total_params": 6092458496,
      "trainable_params": 6092458496,
      "total_params_M": 6092.458496,
      "total_params_B": 6.092458496,
      "num_layers": 28,
      "module_params": {
        "embedding": 544997376,
        "lm_head": 544997376,
        "final_norm": 3584,
        "attention": 587294720,
        "mlp": 4414964736,
        "input_layernorm": 100352,
        "post_attention_layernorm": 100352,
        "total_accounted": 6092458496,
        "unaccounted": 0,
        "match": true
      },
      "attention_params": 587294720,
      "mlp_params": 4414964736,
      "attention_params_M": 587.29472,
      "mlp_params_M": 4414.964736,
      "attention_ratio": 0.09639699973099332,
      "mlp_ratio": 0.7246606175320919,
      "model_size_mb": 11620.442626953125,
      "model_size_gb": 11.348088502883911
    },
    "ppl_quick_128": {
      "wikitext2 (wikitext-2-raw-v1)": 56.833492279052734,
      "ptb": 87.32621765136719
    },
    "ppl_standard_2048_512": {
      "wikitext2 (wikitext-2-raw-v1)": 25.262195587158203,
      "ptb": 33.05659866333008
    },
    "ppl": {
      "wikitext2 (wikitext-2-raw-v1)": 25.262195587158203,
      "ptb": 33.05659866333008
    },
    "zeroshot": {
      "boolq": {
        "accuracy": 0.42232415902140674,
        "full_results": {
          "acc,none": 0.42232415902140674,
          "acc_stderr,none": 0.008638883260317774,
          "alias": "boolq"
        }
      },
      "piqa": {
        "accuracy": 0.691512513601741,
        "full_results": {
          "acc,none": 0.7013057671381937,
          "acc_stderr,none": 0.010678556398149066,
          "acc_norm,none": 0.691512513601741,
          "acc_norm_stderr,none": 0.010776164678037265,
          "alias": "piqa"
        }
      },
      "hellaswag": {
        "accuracy": 0.5575582553276239,
        "full_results": {
          "acc,none": 0.4023102967536347,
          "acc_stderr,none": 0.004893617014975503,
          "acc_norm,none": 0.5575582553276239,
          "acc_norm_stderr,none": 0.004956609327218664,
          "alias": "hellaswag"
        }
      },
      "winogrande": {
        "accuracy": 0.5643251775848461,
        "full_results": {
          "acc,none": 0.5643251775848461,
          "acc_stderr,none": 0.013935709739615816,
          "alias": "winogrande"
        }
      },
      "arc_easy": {
        "accuracy": 0.4436026936026936,
        "full_results": {
          "acc,none": 0.45664983164983164,
          "acc_stderr,none": 0.010221149650118147,
          "acc_norm,none": 0.4436026936026936,
          "acc_norm_stderr,none": 0.010194308914521161,
          "alias": "arc_easy"
        }
      },
      "arc_challenge": {
        "accuracy": 0.29692832764505117,
        "full_results": {
          "acc,none": 0.2568259385665529,
          "acc_stderr,none": 0.012766923794116735,
          "acc_norm,none": 0.29692832764505117,
          "acc_norm_stderr,none": 0.013352025976725267,
          "alias": "arc_challenge"
        }
      },
      "openbookqa": {
        "accuracy": 0.352,
        "full_results": {
          "acc,none": 0.208,
          "acc_stderr,none": 0.01816954222122996,
          "acc_norm,none": 0.352,
          "acc_norm_stderr,none": 0.02138004238594605,
          "alias": "openbookqa"
        }
      }
    },
    "avg_zeroshot_acc": 0.47546444668333754
  }
}