{
  "extreme_pruning_layers": [
    {
      "layer_idx": 17,
      "pruning_rate": 0.5069679054054054,
      "importance": 3.594817303322457,
      "gradient_mean": 0.06519647617824376,
      "gradient_norm": 134.10050215323767
    },
    {
      "layer_idx": 18,
      "pruning_rate": 0.5516258445945946,
      "importance": 3.05195782635663,
      "gradient_mean": 0.05259035062044859,
      "gradient_norm": 114.12711986899376
    },
    {
      "layer_idx": 19,
      "pruning_rate": 0.5621304898648649,
      "importance": 2.75607790173711,
      "gradient_mean": 0.0403600016143173,
      "gradient_norm": 95.71062774459521
    }
  ],
  "num_extreme_layers": 3,
  "gradient_statistics": {
    "mean_range": [
      0.021090650698170066,
      0.20736078134117028
    ],
    "mean_ratio": 9.831881591779139,
    "norm_range": [
      94.03784905870755,
      220.18561573326588
    ],
    "norm_ratio": 2.3414573805869434
  },
  "diagnosis": []
}