{
  "attention": {
    "0": 4.788442616930469,
    "1": 2.722238735503368,
    "2": 2.7479573859302753,
    "3": 2.1531501991333406,
    "4": 1.9269268542048175,
    "5": 1.7493867916732717,
    "6": 1.622620922649936,
    "7": 1.624291073630181,
    "8": 1.6744001729945661,
    "9": 1.5730983808134869,
    "10": 1.5368586824369639,
    "11": 1.5338950555111617,
    "12": 1.4484190849399146,
    "13": 1.5156948332556168,
    "14": 1.387747602895622,
    "15": 1.1187286866357002,
    "16": 0.9685997238969035,
    "17": 0.821728422072761,
    "18": 0.7298012790009705,
    "19": 0.6217140162846353,
    "20": 0.5853771899490021,
    "21": 0.5401511428296826,
    "22": 0.528792097907115,
    "23": 0.4601764967989608,
    "24": 0.44230781453245704,
    "25": 0.3999285431941466,
    "26": 0.3615736859434695,
    "27": 0.32878390503488175,
    "28": 0.28931747341574887,
    "29": 0.2695832854308633,
    "30": 0.21138861455121472,
    "31": 0.14379210828163957
  },
  "mlp": {
    "0": 3.7490304200575957,
    "1": 3.0470729983568536,
    "2": 1.522728746841453,
    "3": 1.1780528807884427,
    "4": 1.0383251080575833,
    "5": 0.9341303939177035,
    "6": 0.8438671395509867,
    "7": 0.7676437240393934,
    "8": 0.7671531562749321,
    "9": 0.7788917202900651,
    "10": 0.7798819489569824,
    "11": 0.7686284296334573,
    "12": 0.7453253893342584,
    "13": 0.7157703240479765,
    "14": 0.6829985616496854,
    "15": 0.6161672729000687,
    "16": 0.5707221292297451,
    "17": 0.5374403068296729,
    "18": 0.49538040426430197,
    "19": 0.45880123678796636,
    "20": 0.44522598805574143,
    "21": 0.4160571732946927,
    "22": 0.4065885307150041,
    "23": 0.3835220348084478,
    "24": 0.3867600793545276,
    "25": 0.34641266588236164,
    "26": 0.3266123974131281,
    "27": 0.3268557072383942,
    "28": 0.34078428867446187,
    "29": 0.3149530131506184,
    "30": 0.4775428207866619,
    "31": 1.152741304079226
  }
}