{
  "model_path": "results/search_Qwen_blockwise_20/exp_006_taylor_seq_len64_taylor_num_samples4/pruned_model.bin",
  "timestamp": "2025-12-02T21:43:22.373072",
  "metrics": {
    "model_info": {
      "total_params": 6092484096,
      "trainable_params": 6092484096,
      "total_params_M": 6092.484096,
      "total_params_B": 6.092484096,
      "num_layers": 28,
      "module_params": {
        "embedding": 544997376,
        "lm_head": 544997376,
        "final_norm": 3584,
        "attention": 704753664,
        "mlp": 4297531392,
        "input_layernorm": 100352,
        "post_attention_layernorm": 100352,
        "total_accounted": 6092484096,
        "unaccounted": 0,
        "match": true
      },
      "attention_params": 704753664,
      "mlp_params": 4297531392,
      "attention_params_M": 704.753664,
      "mlp_params_M": 4297.531392,
      "attention_ratio": 0.1156759136166976,
      "mlp_ratio": 0.7053824555441236,
      "model_size_mb": 11620.491455078125,
      "model_size_gb": 11.348136186599731
    },
    "ppl_quick_128": {
      "wikitext2 (wikitext-2-raw-v1)": 32.21260070800781,
      "ptb": 82.45042419433594
    },
    "ppl_standard_2048_512": {
      "wikitext2 (wikitext-2-raw-v1)": 17.393726348876953,
      "ptb": 29.105802536010742
    },
    "ppl": {
      "wikitext2 (wikitext-2-raw-v1)": 17.393726348876953,
      "ptb": 29.105802536010742
    },
    "zeroshot": {
      "boolq": {
        "accuracy": 0.7336391437308869,
        "full_results": {
          "acc,none": 0.7336391437308869,
          "acc_stderr,none": 0.007731593077316889,
          "alias": "boolq"
        }
      },
      "piqa": {
        "accuracy": 0.7415669205658324,
        "full_results": {
          "acc,none": 0.7279651795429815,
          "acc_stderr,none": 0.0103827637862474,
          "acc_norm,none": 0.7415669205658324,
          "acc_norm_stderr,none": 0.010213971636773348,
          "alias": "piqa"
        }
      },
      "hellaswag": {
        "accuracy": 0.660426209918343,
        "full_results": {
          "acc,none": 0.4737104162517427,
          "acc_stderr,none": 0.004982879340691123,
          "acc_norm,none": 0.660426209918343,
          "acc_norm_stderr,none": 0.00472596768480662,
          "alias": "hellaswag"
        }
      },
      "winogrande": {
        "accuracy": 0.6266771902131019,
        "full_results": {
          "acc,none": 0.6266771902131019,
          "acc_stderr,none": 0.0135940027630355,
          "alias": "winogrande"
        }
      },
      "arc_easy": {
        "accuracy": 0.6662457912457912,
        "full_results": {
          "acc,none": 0.7053872053872053,
          "acc_stderr,none": 0.009354224395837284,
          "acc_norm,none": 0.6662457912457912,
          "acc_norm_stderr,none": 0.009676065683575515,
          "alias": "arc_easy"
        }
      },
      "arc_challenge": {
        "accuracy": 0.3993174061433447,
        "full_results": {
          "acc,none": 0.371160409556314,
          "acc_stderr,none": 0.01411797190114269,
          "acc_norm,none": 0.3993174061433447,
          "acc_norm_stderr,none": 0.014312094557946681,
          "alias": "arc_challenge"
        }
      },
      "openbookqa": {
        "accuracy": 0.41,
        "full_results": {
          "acc,none": 0.272,
          "acc_stderr,none": 0.019920483209566107,
          "acc_norm,none": 0.41,
          "acc_norm_stderr,none": 0.02201748257812769,
          "alias": "openbookqa"
        }
      }
    },
    "avg_zeroshot_acc": 0.6054103802596142
  }
}