{
  "model_path": "results/search_Qwen-Instruct_layerwise_20/exp_012_taylor_seq_len128_taylor_num_samples64/pruned_model.bin",
  "timestamp": "2025-12-02T23:23:23.612908",
  "metrics": {
    "model_info": {
      "total_params": 6092498944,
      "trainable_params": 6092498944,
      "total_params_M": 6092.498944,
      "total_params_B": 6.092498944,
      "num_layers": 28,
      "module_params": {
        "embedding": 544997376,
        "lm_head": 544997376,
        "final_norm": 3584,
        "attention": 822212608,
        "mlp": 4180087296,
        "input_layernorm": 100352,
        "post_attention_layernorm": 100352,
        "total_accounted": 6092498944,
        "unaccounted": 0,
        "match": true
      },
      "attention_params": 822212608,
      "mlp_params": 4180087296,
      "attention_params_M": 822.212608,
      "mlp_params_M": 4180.087296,
      "attention_ratio": 0.1349549036540629,
      "mlp_ratio": 0.6861039016045499,
      "model_size_mb": 11620.519775390625,
      "model_size_gb": 11.348163843154907
    },
    "ppl_quick_128": {
      "wikitext2 (wikitext-2-raw-v1)": 57.29372024536133,
      "ptb": 79.0079345703125
    },
    "ppl_standard_2048_512": {
      "wikitext2 (wikitext-2-raw-v1)": 20.565288543701172,
      "ptb": 28.834009170532227
    },
    "ppl": {
      "wikitext2 (wikitext-2-raw-v1)": 20.565288543701172,
      "ptb": 28.834009170532227
    },
    "zeroshot": {
      "boolq": {
        "accuracy": 0.7048929663608563,
        "full_results": {
          "acc,none": 0.7048929663608563,
          "acc_stderr,none": 0.00797707928526963,
          "alias": "boolq"
        }
      },
      "piqa": {
        "accuracy": 0.690968443960827,
        "full_results": {
          "acc,none": 0.6898803046789989,
          "acc_stderr,none": 0.010791876566842959,
          "acc_norm,none": 0.690968443960827,
          "acc_norm_stderr,none": 0.010781419464406843,
          "alias": "piqa"
        }
      },
      "hellaswag": {
        "accuracy": 0.617805218084047,
        "full_results": {
          "acc,none": 0.45777733519219277,
          "acc_stderr,none": 0.004971958480920288,
          "acc_norm,none": 0.617805218084047,
          "acc_norm_stderr,none": 0.0048493069987276104,
          "alias": "hellaswag"
        }
      },
      "winogrande": {
        "accuracy": 0.632991318074191,
        "full_results": {
          "acc,none": 0.632991318074191,
          "acc_stderr,none": 0.013546284512919693,
          "alias": "winogrande"
        }
      },
      "arc_easy": {
        "accuracy": 0.617003367003367,
        "full_results": {
          "acc,none": 0.6346801346801347,
          "acc_stderr,none": 0.009880576614806942,
          "acc_norm,none": 0.617003367003367,
          "acc_norm_stderr,none": 0.009974920384536524,
          "alias": "arc_easy"
        }
      },
      "arc_challenge": {
        "accuracy": 0.4121160409556314,
        "full_results": {
          "acc,none": 0.36860068259385664,
          "acc_stderr,none": 0.014097810678042156,
          "acc_norm,none": 0.4121160409556314,
          "acc_norm_stderr,none": 0.014383915302225433,
          "alias": "arc_challenge"
        }
      },
      "openbookqa": {
        "accuracy": 0.334,
        "full_results": {
          "acc,none": 0.232,
          "acc_stderr,none": 0.01889619359195203,
          "acc_norm,none": 0.334,
          "acc_norm_stderr,none": 0.02111349234774381,
          "alias": "openbookqa"
        }
      }
    },
    "avg_zeroshot_acc": 0.5728253363484171
  }
}