{
  "model_path": "results/search_Mistral-Instruct_blockwise_20/exp_007_taylor_seq_len64_taylor_num_samples64/pruned_model.bin",
  "timestamp": "2025-12-02T13:55:48.088885",
  "metrics": {
    "model_info": {
      "total_params": 5798420480,
      "trainable_params": 5798420480,
      "total_params_M": 5798.42048,
      "total_params_B": 5.79842048,
      "num_layers": 32,
      "module_params": {
        "embedding": 134217728,
        "lm_head": 134217728,
        "final_norm": 4096,
        "attention": 1294991360,
        "mlp": 4234727424,
        "input_layernorm": 131072,
        "post_attention_layernorm": 131072,
        "total_accounted": 5798420480,
        "unaccounted": 0,
        "match": true
      },
      "attention_params": 1294991360,
      "mlp_params": 4234727424,
      "attention_params_M": 1294.99136,
      "mlp_params_M": 4234.727424,
      "attention_ratio": 0.2233351935180803,
      "mlp_ratio": 0.7303243079053142,
      "model_size_mb": 11059.609619140625,
      "model_size_gb": 10.800400018692017
    },
    "ppl_quick_128": {
      "wikitext2 (wikitext-2-raw-v1)": 26.33966636657715,
      "ptb": 114.09005737304688
    },
    "ppl_standard_2048_512": {
      "wikitext2 (wikitext-2-raw-v1)": 13.219840049743652,
      "ptb": 40.75965118408203
    },
    "ppl": {
      "wikitext2 (wikitext-2-raw-v1)": 13.219840049743652,
      "ptb": 40.75965118408203
    },
    "zeroshot": {
      "boolq": {
        "accuracy": 0.671559633027523,
        "full_results": {
          "acc,none": 0.671559633027523,
          "acc_stderr,none": 0.008214158819582543,
          "alias": "boolq"
        }
      },
      "piqa": {
        "accuracy": 0.7834602829162133,
        "full_results": {
          "acc,none": 0.7622415669205659,
          "acc_stderr,none": 0.009932525779525558,
          "acc_norm,none": 0.7834602829162133,
          "acc_norm_stderr,none": 0.00960998471438443,
          "alias": "piqa"
        }
      },
      "hellaswag": {
        "accuracy": 0.693487353116909,
        "full_results": {
          "acc,none": 0.5243975303724357,
          "acc_stderr,none": 0.004983837641502929,
          "acc_norm,none": 0.693487353116909,
          "acc_norm_stderr,none": 0.004601029188458791,
          "alias": "hellaswag"
        }
      },
      "winogrande": {
        "accuracy": 0.6203630623520127,
        "full_results": {
          "acc,none": 0.6203630623520127,
          "acc_stderr,none": 0.013639245403711248,
          "alias": "winogrande"
        }
      },
      "arc_easy": {
        "accuracy": 0.70496632996633,
        "full_results": {
          "acc,none": 0.734006734006734,
          "acc_stderr,none": 0.009066789565615746,
          "acc_norm,none": 0.70496632996633,
          "acc_norm_stderr,none": 0.00935811055108733,
          "alias": "arc_easy"
        }
      },
      "arc_challenge": {
        "accuracy": 0.45051194539249145,
        "full_results": {
          "acc,none": 0.42918088737201365,
          "acc_stderr,none": 0.014464085894870677,
          "acc_norm,none": 0.45051194539249145,
          "acc_norm_stderr,none": 0.01453964609847157,
          "alias": "arc_challenge"
        }
      },
      "openbookqa": {
        "accuracy": 0.394,
        "full_results": {
          "acc,none": 0.294,
          "acc_stderr,none": 0.02039509548493655,
          "acc_norm,none": 0.394,
          "acc_norm_stderr,none": 0.02187429930168918,
          "alias": "openbookqa"
        }
      }
    },
    "avg_zeroshot_acc": 0.6169069438244971
  }
}