{
  "model_path": "results/layerwise_only_2000/pruned_model.bin",
  "timestamp": "2025-11-25T22:09:03.379488",
  "metrics": {
    "model_info": {
      "total_params": 6466154496,
      "trainable_params": 6466154496,
      "total_params_M": 6466.154496,
      "total_params_B": 6.466154496,
      "attention_params": 1142947840,
      "mlp_params": 4272267264,
      "attention_params_M": 1142.94784,
      "mlp_params_M": 4272.267264,
      "attention_ratio": 0.17675851090583036,
      "mlp_ratio": 0.6607122156828836,
      "num_layers": 32,
      "model_size_mb": 12333.211181640625,
      "model_size_gb": 12.044151544570923
    },
    "ppl": {
      "wikitext2 (wikitext-2-raw-v1)": 14.480057716369629,
      "ptb": 22.03443717956543
    }
  }
}