{
  "model_path": "results/search_Qwen-Instruct_blockwise_20/exp_007_taylor_seq_len64_taylor_num_samples64/pruned_model.bin",
  "timestamp": "2025-12-02T01:48:01.958835",
  "metrics": {
    "model_info": {
      "total_params": 6092498944,
      "trainable_params": 6092498944,
      "total_params_M": 6092.498944,
      "total_params_B": 6.092498944,
      "num_layers": 28,
      "module_params": {
        "embedding": 544997376,
        "lm_head": 544997376,
        "final_norm": 3584,
        "attention": 822212608,
        "mlp": 4180087296,
        "input_layernorm": 100352,
        "post_attention_layernorm": 100352,
        "total_accounted": 6092498944,
        "unaccounted": 0,
        "match": true
      },
      "attention_params": 822212608,
      "mlp_params": 4180087296,
      "attention_params_M": 822.212608,
      "mlp_params_M": 4180.087296,
      "attention_ratio": 0.1349549036540629,
      "mlp_ratio": 0.6861039016045499,
      "model_size_mb": 11620.519775390625,
      "model_size_gb": 11.348163843154907
    },
    "ppl_quick_128": {
      "wikitext2 (wikitext-2-raw-v1)": 29.895862579345703,
      "ptb": 54.24397277832031
    },
    "ppl_standard_2048_512": {
      "wikitext2 (wikitext-2-raw-v1)": 13.997488021850586,
      "ptb": 22.78217124938965
    },
    "ppl": {
      "wikitext2 (wikitext-2-raw-v1)": 13.997488021850586,
      "ptb": 22.78217124938965
    },
    "zeroshot": {
      "boolq": {
        "accuracy": 0.7944954128440367,
        "full_results": {
          "acc,none": 0.7944954128440367,
          "acc_stderr,none": 0.0070672262811667455,
          "alias": "boolq"
        }
      },
      "piqa": {
        "accuracy": 0.7421109902067464,
        "full_results": {
          "acc,none": 0.73449401523395,
          "acc_stderr,none": 0.01030330865302444,
          "acc_norm,none": 0.7421109902067464,
          "acc_norm_stderr,none": 0.010206956662056201,
          "alias": "piqa"
        }
      },
      "hellaswag": {
        "accuracy": 0.6294562836088429,
        "full_results": {
          "acc,none": 0.4547898824935272,
          "acc_stderr,none": 0.00496934177342378,
          "acc_norm,none": 0.6294562836088429,
          "acc_norm_stderr,none": 0.004819633668832263,
          "alias": "hellaswag"
        }
      },
      "winogrande": {
        "accuracy": 0.6093133385951065,
        "full_results": {
          "acc,none": 0.6093133385951065,
          "acc_stderr,none": 0.013712536036556616,
          "alias": "winogrande"
        }
      },
      "arc_easy": {
        "accuracy": 0.6519360269360269,
        "full_results": {
          "acc,none": 0.6973905723905723,
          "acc_stderr,none": 0.00942643454237122,
          "acc_norm,none": 0.6519360269360269,
          "acc_norm_stderr,none": 0.00977462760025901,
          "alias": "arc_easy"
        }
      },
      "arc_challenge": {
        "accuracy": 0.4104095563139932,
        "full_results": {
          "acc,none": 0.3839590443686007,
          "acc_stderr,none": 0.014212444980651792,
          "acc_norm,none": 0.4104095563139932,
          "acc_norm_stderr,none": 0.01437492219264264,
          "alias": "arc_challenge"
        }
      },
      "openbookqa": {
        "accuracy": 0.388,
        "full_results": {
          "acc,none": 0.284,
          "acc_stderr,none": 0.020186703693570774,
          "acc_norm,none": 0.388,
          "acc_norm_stderr,none": 0.021814300984787705,
          "alias": "openbookqa"
        }
      }
    },
    "avg_zeroshot_acc": 0.603674515500679
  }
}