{
  "extreme_pruning_layers": [
    {
      "layer_idx": 28,
      "pruning_rate": 0.5505022321428571,
      "importance": 0.14999848178454808,
      "gradient_mean": 0.0036413001103533637,
      "gradient_norm": 27.251410325368244
    },
    {
      "layer_idx": 29,
      "pruning_rate": 0.7613002232142857,
      "importance": 0.13838602815355575,
      "gradient_mean": 0.0035832847158114114,
      "gradient_norm": 29.430508017539978
    },
    {
      "layer_idx": 30,
      "pruning_rate": 0.8821847098214286,
      "importance": 0.15542798702205932,
      "gradient_mean": 0.0031496023552285302,
      "gradient_norm": 31.32625765270657
    },
    {
      "layer_idx": 31,
      "pruning_rate": 0.9678431919642857,
      "importance": 0.12370698153972626,
      "gradient_mean": 0.003303357089559237,
      "gradient_norm": 31.28281643655565
    }
  ],
  "num_extreme_layers": 4,
  "gradient_statistics": {
    "mean_range": [
      0.0030289064678880903,
      0.017345319605535932
    ],
    "mean_ratio": 5.7265944712286,
    "norm_range": [
      20.972775631480747,
      318.2003055148655
    ],
    "norm_ratio": 15.172064542364167
  },
  "diagnosis": []
}