{
  "model_path": "results/all_model_blockwise_128_128_8/Qwen/pruned_model.bin",
  "timestamp": "2025-12-11T15:59:53.214845",
  "metrics": {
    "model_info": {
      "total_params": 6092498944,
      "trainable_params": 6092498944,
      "total_params_M": 6092.498944,
      "total_params_B": 6.092498944,
      "num_layers": 28,
      "module_params": {
        "embedding": 544997376,
        "lm_head": 544997376,
        "final_norm": 3584,
        "attention": 822212608,
        "mlp": 4180087296,
        "input_layernorm": 100352,
        "post_attention_layernorm": 100352,
        "total_accounted": 6092498944,
        "unaccounted": 0,
        "match": true
      },
      "attention_params": 822212608,
      "mlp_params": 4180087296,
      "attention_params_M": 822.212608,
      "mlp_params_M": 4180.087296,
      "attention_ratio": 0.1349549036540629,
      "mlp_ratio": 0.6861039016045499,
      "model_size_mb": 11620.519775390625,
      "model_size_gb": 11.348163843154907
    },
    "ppl_quick_128": {
      "wikitext2 (wikitext-2-raw-v1)": 37.67064666748047,
      "ptb": 54.89797592163086
    },
    "ppl_standard_2048_512": {
      "wikitext2 (wikitext-2-raw-v1)": 14.691530227661133,
      "ptb": 20.10138511657715
    },
    "ppl": {
      "wikitext2 (wikitext-2-raw-v1)": 14.691530227661133,
      "ptb": 20.10138511657715
    },
    "zeroshot": {
      "boolq": {
        "accuracy": 0.790519877675841,
        "full_results": {
          "acc,none": 0.790519877675841,
          "acc_stderr,none": 0.0071173831612253114,
          "alias": "boolq"
        }
      },
      "piqa": {
        "accuracy": 0.7230685527747551,
        "full_results": {
          "acc,none": 0.720348204570185,
          "acc_stderr,none": 0.010471899530306519,
          "acc_norm,none": 0.7230685527747551,
          "acc_norm_stderr,none": 0.010440499969334648,
          "alias": "piqa"
        }
      },
      "hellaswag": {
        "accuracy": 0.6303525194184425,
        "full_results": {
          "acc,none": 0.4644493128858793,
          "acc_stderr,none": 0.004977152746478463,
          "acc_norm,none": 0.6303525194184425,
          "acc_norm_stderr,none": 0.004817227292240581,
          "alias": "hellaswag"
        }
      },
      "winogrande": {
        "accuracy": 0.6748224151539068,
        "full_results": {
          "acc,none": 0.6748224151539068,
          "acc_stderr,none": 0.013165525471764269,
          "alias": "winogrande"
        }
      },
      "arc_easy": {
        "accuracy": 0.6317340067340067,
        "full_results": {
          "acc,none": 0.6599326599326599,
          "acc_stderr,none": 0.009720765494805203,
          "acc_norm,none": 0.6317340067340067,
          "acc_norm_stderr,none": 0.009897286209010814,
          "alias": "arc_easy"
        }
      },
      "arc_challenge": {
        "accuracy": 0.38139931740614336,
        "full_results": {
          "acc,none": 0.37542662116040953,
          "acc_stderr,none": 0.014150631435111728,
          "acc_norm,none": 0.38139931740614336,
          "acc_norm_stderr,none": 0.014194389086685315,
          "alias": "arc_challenge"
        }
      },
      "openbookqa": {
        "accuracy": 0.348,
        "full_results": {
          "acc,none": 0.238,
          "acc_stderr,none": 0.019064072958198387,
          "acc_norm,none": 0.348,
          "acc_norm_stderr,none": 0.021323728632807425,
          "alias": "openbookqa"
        }
      }
    },
    "avg_zeroshot_acc": 0.5971280984518709
  }
}