{
  "attention": {
    "0": 4.899405056813796,
    "1": 2.460362566668668,
    "2": 2.652163367925032,
    "3": 1.9766660146252764,
    "4": 1.7502598707921035,
    "5": 1.6227840749645526,
    "6": 1.4771016221922877,
    "7": 1.4571641892658955,
    "8": 1.56310611740451,
    "9": 1.4831166813678087,
    "10": 1.4575631422417188,
    "11": 1.447329689334857,
    "12": 1.3357463011860475,
    "13": 1.4449255165652697,
    "14": 1.3326503421287295,
    "15": 1.0679677508330419,
    "16": 0.9202752704932311,
    "17": 0.7720016506602088,
    "18": 0.6785975186995628,
    "19": 0.6005323216551188,
    "20": 0.5811860178861292,
    "21": 0.5760635144242614,
    "22": 0.5790334264437358,
    "23": 0.5195761810953372,
    "24": 0.5052497775012457,
    "25": 0.4646529595428537,
    "26": 0.4641642990142012,
    "27": 0.4640752527572656,
    "28": 0.3880596187627203,
    "29": 0.4073500366597158,
    "30": 0.36256257210193743,
    "31": 0.18899700162566724
  },
  "mlp": {
    "0": 4.187313172750384,
    "1": 3.470195409664855,
    "2": 1.3183731749421708,
    "3": 1.0127309890550986,
    "4": 0.8271229579812642,
    "5": 0.722107413661814,
    "6": 0.6297036414577208,
    "7": 0.5644924020841486,
    "8": 0.5743823394968501,
    "9": 0.6080968072109876,
    "10": 0.6260072042637526,
    "11": 0.6021041280012636,
    "12": 0.5619381037827962,
    "13": 0.5619039398116112,
    "14": 0.5260846314771896,
    "15": 0.4913930391596857,
    "16": 0.4647648084200804,
    "17": 0.43928779059110035,
    "18": 0.44180172262162065,
    "19": 0.44337841216648854,
    "20": 0.45066973074945693,
    "21": 0.45094834610680534,
    "22": 0.4708597929678229,
    "23": 0.45366752730723103,
    "24": 0.4763266537048363,
    "25": 0.413074989222292,
    "26": 0.38752186060694527,
    "27": 0.44747458068752577,
    "28": 0.39533820761327076,
    "29": 0.3723868052164714,
    "30": 0.5297648469235665,
    "31": 1.183147313735938
  }
}