{
  "model_path": "results/search_Llama-Instruct_blockwise_20/exp_007_taylor_seq_len64_taylor_num_samples64/pruned_model.bin",
  "timestamp": "2025-12-02T13:47:58.749208",
  "metrics": {
    "model_info": {
      "total_params": 6424219648,
      "trainable_params": 6424219648,
      "total_params_M": 6424.219648,
      "total_params_B": 6.424219648,
      "num_layers": 32,
      "module_params": {
        "embedding": 525336576,
        "lm_head": 525336576,
        "final_norm": 4096,
        "attention": 1169162240,
        "mlp": 4204118016,
        "input_layernorm": 131072,
        "post_attention_layernorm": 131072,
        "total_accounted": 6424219648,
        "unaccounted": 0,
        "match": true
      },
      "attention_params": 1169162240,
      "mlp_params": 4204118016,
      "attention_params_M": 1169.16224,
      "mlp_params_M": 4204.118016,
      "attention_ratio": 0.18199288070170294,
      "mlp_ratio": 0.6544169169727616,
      "model_size_mb": 12253.226806640625,
      "model_size_gb": 11.966041803359985
    },
    "ppl_quick_128": {
      "wikitext2 (wikitext-2-raw-v1)": 37.65702438354492,
      "ptb": 54.58873748779297
    },
    "ppl_standard_2048_512": {
      "wikitext2 (wikitext-2-raw-v1)": 15.065346717834473,
      "ptb": 20.645370483398438
    },
    "ppl": {
      "wikitext2 (wikitext-2-raw-v1)": 15.065346717834473,
      "ptb": 20.645370483398438
    },
    "zeroshot": {
      "boolq": {
        "accuracy": 0.8302752293577982,
        "full_results": {
          "acc,none": 0.8302752293577982,
          "acc_stderr,none": 0.006565626836633657,
          "alias": "boolq"
        }
      },
      "piqa": {
        "accuracy": 0.7290533188248096,
        "full_results": {
          "acc,none": 0.733949945593036,
          "acc_stderr,none": 0.010310039263352765,
          "acc_norm,none": 0.7290533188248096,
          "acc_norm_stderr,none": 0.010369718937426912,
          "alias": "piqa"
        }
      },
      "hellaswag": {
        "accuracy": 0.6584345747858992,
        "full_results": {
          "acc,none": 0.4757020513841864,
          "acc_stderr,none": 0.004983886091690804,
          "acc_norm,none": 0.6584345747858992,
          "acc_norm_stderr,none": 0.004732654295724703,
          "alias": "hellaswag"
        }
      },
      "winogrande": {
        "accuracy": 0.6850828729281768,
        "full_results": {
          "acc,none": 0.6850828729281768,
          "acc_stderr,none": 0.013054277568469216,
          "alias": "winogrande"
        }
      },
      "arc_easy": {
        "accuracy": 0.6540404040404041,
        "full_results": {
          "acc,none": 0.7167508417508418,
          "acc_stderr,none": 0.009245632200075576,
          "acc_norm,none": 0.6540404040404041,
          "acc_norm_stderr,none": 0.009760749624427722,
          "alias": "arc_easy"
        }
      },
      "arc_challenge": {
        "accuracy": 0.43856655290102387,
        "full_results": {
          "acc,none": 0.4351535836177474,
          "acc_stderr,none": 0.014487986197186081,
          "acc_norm,none": 0.43856655290102387,
          "acc_norm_stderr,none": 0.014500682618212822,
          "alias": "arc_challenge"
        }
      },
      "openbookqa": {
        "accuracy": 0.37,
        "full_results": {
          "acc,none": 0.252,
          "acc_stderr,none": 0.019435727282249564,
          "acc_norm,none": 0.37,
          "acc_norm_stderr,none": 0.021613289165165816,
          "alias": "openbookqa"
        }
      }
    },
    "avg_zeroshot_acc": 0.6236361361197302
  }
}