{
  "attention": {
    "0": 6.752064831094206,
    "1": 1.7252094670140337,
    "2": 0.4209490375625493,
    "3": 0.17245774635388855,
    "4": 0.171620846818751,
    "5": 0.08677626904068525,
    "6": 0.08839425577672966,
    "7": 0.06989781490490143,
    "8": 0.06111132001891084,
    "9": 0.07272842818475356,
    "10": 0.03742732202455379,
    "11": 0.03928925145364204,
    "12": 0.04065997459328541,
    "13": 0.053003550385537945,
    "14": 0.04424280099084754,
    "15": 0.04741759938967949,
    "16": 0.054024581153746976,
    "17": 0.053883567388425924,
    "18": 0.06419848859899568,
    "19": 0.06133342027402211,
    "20": 0.03949381735712798,
    "21": 0.04249887053943402,
    "22": 0.04185715872928686,
    "23": 0.049584834657340426,
    "24": 0.024866049397588075,
    "25": 0.03098870421632416,
    "26": 0.04290796683725562,
    "27": 0.7731563492429063
  },
  "mlp": {
    "0": 0.5098212836994036,
    "1": 7.165664153074767,
    "2": 4.07209534776543,
    "3": 3.170782083493824,
    "4": 2.5953090992522587,
    "5": 1.8563547276578904,
    "6": 0.27752040547336687,
    "7": 0.09652311715459527,
    "8": 0.07801386507678432,
    "9": 0.20211796621951938,
    "10": 0.07898491425133614,
    "11": 0.08866829260545162,
    "12": 0.07364825220711024,
    "13": 0.05161473005876083,
    "14": 0.0523028821214524,
    "15": 0.0411654539415971,
    "16": 0.03846131496621874,
    "17": 0.042297704297695304,
    "18": 0.04645340188544367,
    "19": 0.04864550265574241,
    "20": 0.06527834071490002,
    "21": 0.078017248353357,
    "22": 0.11746947415974596,
    "23": 0.12176868277536279,
    "24": 0.12355585853699358,
    "25": 0.14575724677479407,
    "26": 0.1954698626448037,
    "27": 0.780909227379408
  }
}