{
  "extreme_pruning_layers": [
    {
      "layer_idx": 0,
      "pruning_rate": 0.61962890625,
      "importance": 0.007769079745880195,
      "gradient_mean": 0.0003407067722744412,
      "gradient_norm": 5.19423082139757
    }
  ],
  "num_extreme_layers": 1,
  "gradient_statistics": {
    "mean_range": [
      0.00024901496039496525,
      0.0005938344531589084
    ],
    "mean_ratio": 2.3847330848865997,
    "norm_range": [
      2.35264163547092,
      12.392320421006945
    ],
    "norm_ratio": 5.267406745524027
  },
  "diagnosis": [
    {
      "issue": "\u524d\u51e0\u5c42\u88ab\u8fc7\u5ea6\u526a\u679d",
      "severity": "critical",
      "description": "\u524d5\u5c42\u4e2d\u6709 1 \u5c42\u88ab\u8fc7\u5ea6\u526a\u679d",
      "recommendation": "\u524d\u51e0\u5c42\u901a\u5e38\u5f88\u91cd\u8981\uff0c\u5efa\u8bae\u4e3a\u5176\u8bbe\u7f6e\u8f83\u4f4e\u7684 max_rate"
    }
  ]
}