{
  "model_path": "results/all_model_blockwise_128_128_8/Mistral/pruned_model.bin",
  "timestamp": "2025-12-11T16:00:14.779255",
  "metrics": {
    "model_info": {
      "total_params": 5798420480,
      "trainable_params": 5798420480,
      "total_params_M": 5798.42048,
      "total_params_B": 5.79842048,
      "num_layers": 32,
      "module_params": {
        "embedding": 134217728,
        "lm_head": 134217728,
        "final_norm": 4096,
        "attention": 1342177280,
        "mlp": 4187541504,
        "input_layernorm": 131072,
        "post_attention_layernorm": 131072,
        "total_accounted": 5798420480,
        "unaccounted": 0,
        "match": true
      },
      "attention_params": 1342177280,
      "mlp_params": 4187541504,
      "attention_params_M": 1342.17728,
      "mlp_params_M": 4187.541504,
      "attention_ratio": 0.23147291311995366,
      "mlp_ratio": 0.7221865883034408,
      "model_size_mb": 11059.609619140625,
      "model_size_gb": 10.800400018692017
    },
    "ppl_quick_128": {
      "wikitext2 (wikitext-2-raw-v1)": 29.431373596191406,
      "ptb": 119.1498794555664
    },
    "ppl_standard_2048_512": {
      "wikitext2 (wikitext-2-raw-v1)": 15.850729942321777,
      "ptb": 100.98439025878906
    },
    "ppl": {
      "wikitext2 (wikitext-2-raw-v1)": 15.850729942321777,
      "ptb": 100.98439025878906
    },
    "zeroshot": {
      "boolq": {
        "accuracy": 0.6327217125382263,
        "full_results": {
          "acc,none": 0.6327217125382263,
          "acc_stderr,none": 0.00843133870284503,
          "alias": "boolq"
        }
      },
      "piqa": {
        "accuracy": 0.719804134929271,
        "full_results": {
          "acc,none": 0.7132752992383025,
          "acc_stderr,none": 0.010551314503108209,
          "acc_norm,none": 0.719804134929271,
          "acc_norm_stderr,none": 0.010478122015577183,
          "alias": "piqa"
        }
      },
      "hellaswag": {
        "accuracy": 0.5329615614419438,
        "full_results": {
          "acc,none": 0.3975303724357698,
          "acc_stderr,none": 0.004883871774350834,
          "acc_norm,none": 0.5329615614419438,
          "acc_norm_stderr,none": 0.0049789271647926745,
          "alias": "hellaswag"
        }
      },
      "winogrande": {
        "accuracy": 0.569060773480663,
        "full_results": {
          "acc,none": 0.569060773480663,
          "acc_stderr,none": 0.013917796623335919,
          "alias": "winogrande"
        }
      },
      "arc_easy": {
        "accuracy": 0.5433501683501684,
        "full_results": {
          "acc,none": 0.6001683501683501,
          "acc_stderr,none": 0.010051788039412915,
          "acc_norm,none": 0.5433501683501684,
          "acc_norm_stderr,none": 0.010221149650118147,
          "alias": "arc_easy"
        }
      },
      "arc_challenge": {
        "accuracy": 0.2977815699658703,
        "full_results": {
          "acc,none": 0.2721843003412969,
          "acc_stderr,none": 0.01300660040642361,
          "acc_norm,none": 0.2977815699658703,
          "acc_norm_stderr,none": 0.013363080107244428,
          "alias": "arc_challenge"
        }
      },
      "openbookqa": {
        "accuracy": 0.35,
        "full_results": {
          "acc,none": 0.19,
          "acc_stderr,none": 0.01756180041075899,
          "acc_norm,none": 0.35,
          "acc_norm_stderr,none": 0.021352091786223066,
          "alias": "openbookqa"
        }
      }
    },
    "avg_zeroshot_acc": 0.5208114172437347
  }
}