{
  "model_path": "results/search_Qwen-Instruct_layerwise_20/exp_001_taylor_seq_len32_taylor_num_samples4/pruned_model.bin",
  "timestamp": "2025-12-02T20:10:40.162669",
  "metrics": {
    "model_info": {
      "total_params": 6092479232,
      "trainable_params": 6092479232,
      "total_params_M": 6092.479232,
      "total_params_B": 6.092479232,
      "num_layers": 28,
      "module_params": {
        "embedding": 544997376,
        "lm_head": 544997376,
        "final_norm": 3584,
        "attention": 719436032,
        "mlp": 4282844160,
        "input_layernorm": 100352,
        "post_attention_layernorm": 100352,
        "total_accounted": 6092479232,
        "unaccounted": 0,
        "match": true
      },
      "attention_params": 719436032,
      "mlp_params": 4282844160,
      "attention_params_M": 719.436032,
      "mlp_params_M": 4282.84416,
      "attention_ratio": 0.11808592275887465,
      "mlp_ratio": 0.7029723035418629,
      "model_size_mb": 11620.482177734375,
      "model_size_gb": 11.348127126693726
    },
    "ppl_quick_128": {
      "wikitext2 (wikitext-2-raw-v1)": 28.877159118652344,
      "ptb": 58.91383743286133
    },
    "ppl_standard_2048_512": {
      "wikitext2 (wikitext-2-raw-v1)": 13.424369812011719,
      "ptb": 21.898990631103516
    },
    "ppl": {
      "wikitext2 (wikitext-2-raw-v1)": 13.424369812011719,
      "ptb": 21.898990631103516
    },
    "zeroshot": {
      "boolq": {
        "accuracy": 0.7700305810397553,
        "full_results": {
          "acc,none": 0.7700305810397553,
          "acc_stderr,none": 0.007360063651505739,
          "alias": "boolq"
        }
      },
      "piqa": {
        "accuracy": 0.7459194776931447,
        "full_results": {
          "acc,none": 0.7404787812840044,
          "acc_stderr,none": 0.010227939888174076,
          "acc_norm,none": 0.7459194776931447,
          "acc_norm_stderr,none": 0.010157271999135166,
          "alias": "piqa"
        }
      },
      "hellaswag": {
        "accuracy": 0.6851224855606453,
        "full_results": {
          "acc,none": 0.49522007568213505,
          "acc_stderr,none": 0.004989553396413285,
          "acc_norm,none": 0.6851224855606453,
          "acc_norm_stderr,none": 0.0046351783711097525,
          "alias": "hellaswag"
        }
      },
      "winogrande": {
        "accuracy": 0.6322020520915549,
        "full_results": {
          "acc,none": 0.6322020520915549,
          "acc_stderr,none": 0.013552385559833624,
          "alias": "winogrande"
        }
      },
      "arc_easy": {
        "accuracy": 0.6721380471380471,
        "full_results": {
          "acc,none": 0.7129629629629629,
          "acc_stderr,none": 0.009282621598983217,
          "acc_norm,none": 0.6721380471380471,
          "acc_norm_stderr,none": 0.009632587076170127,
          "alias": "arc_easy"
        }
      },
      "arc_challenge": {
        "accuracy": 0.4197952218430034,
        "full_results": {
          "acc,none": 0.3967576791808874,
          "acc_stderr,none": 0.014296513020180628,
          "acc_norm,none": 0.4197952218430034,
          "acc_norm_stderr,none": 0.014422181226303012,
          "alias": "arc_challenge"
        }
      },
      "openbookqa": {
        "accuracy": 0.416,
        "full_results": {
          "acc,none": 0.282,
          "acc_stderr,none": 0.020143572847290726,
          "acc_norm,none": 0.416,
          "acc_norm_stderr,none": 0.02206494331392886,
          "alias": "openbookqa"
        }
      }
    },
    "avg_zeroshot_acc": 0.6201725521951644
  }
}