{
  "model_path": "results/search_Llama-Instruct_layerwise_20/exp_003_taylor_seq_len32_taylor_num_samples64/pruned_model.bin",
  "timestamp": "2025-12-02T17:50:21.161938",
  "metrics": {
    "model_info": {
      "total_params": 6426841088,
      "trainable_params": 6426841088,
      "total_params_M": 6426.841088,
      "total_params_B": 6.426841088,
      "num_layers": 32,
      "module_params": {
        "embedding": 525336576,
        "lm_head": 525336576,
        "final_norm": 4096,
        "attention": 1069547520,
        "mlp": 4306354176,
        "input_layernorm": 131072,
        "post_attention_layernorm": 131072,
        "total_accounted": 6426841088,
        "unaccounted": 0,
        "match": true
      },
      "attention_params": 1069547520,
      "mlp_params": 4306354176,
      "attention_params_M": 1069.54752,
      "mlp_params_M": 4306.354176,
      "attention_ratio": 0.16641885264551293,
      "mlp_ratio": 0.6700576717293807,
      "model_size_mb": 12258.226806640625,
      "model_size_gb": 11.970924615859985
    },
    "ppl_quick_128": {
      "wikitext2 (wikitext-2-raw-v1)": 29.825651168823242,
      "ptb": 47.478981018066406
    },
    "ppl_standard_2048_512": {
      "wikitext2 (wikitext-2-raw-v1)": 13.336299896240234,
      "ptb": 20.119556427001953
    },
    "ppl": {
      "wikitext2 (wikitext-2-raw-v1)": 13.336299896240234,
      "ptb": 20.119556427001953
    },
    "zeroshot": {
      "boolq": {
        "accuracy": 0.736697247706422,
        "full_results": {
          "acc,none": 0.736697247706422,
          "acc_stderr,none": 0.007703086288558812,
          "alias": "boolq"
        }
      },
      "piqa": {
        "accuracy": 0.7399347116430903,
        "full_results": {
          "acc,none": 0.7404787812840044,
          "acc_stderr,none": 0.010227939888174076,
          "acc_norm,none": 0.7399347116430903,
          "acc_norm_stderr,none": 0.010234893249061136,
          "alias": "piqa"
        }
      },
      "hellaswag": {
        "accuracy": 0.6144194383588927,
        "full_results": {
          "acc,none": 0.4444333798048198,
          "acc_stderr,none": 0.004958872288442085,
          "acc_norm,none": 0.6144194383588927,
          "acc_norm_stderr,none": 0.004857374133246808,
          "alias": "hellaswag"
        }
      },
      "winogrande": {
        "accuracy": 0.6535122336227308,
        "full_results": {
          "acc,none": 0.6535122336227308,
          "acc_stderr,none": 0.013373773411685615,
          "alias": "winogrande"
        }
      },
      "arc_easy": {
        "accuracy": 0.6481481481481481,
        "full_results": {
          "acc,none": 0.6902356902356902,
          "acc_stderr,none": 0.009488172851903584,
          "acc_norm,none": 0.6481481481481481,
          "acc_norm_stderr,none": 0.009799078929868853,
          "alias": "arc_easy"
        }
      },
      "arc_challenge": {
        "accuracy": 0.39334470989761094,
        "full_results": {
          "acc,none": 0.39505119453924914,
          "acc_stderr,none": 0.01428589829293823,
          "acc_norm,none": 0.39334470989761094,
          "acc_norm_stderr,none": 0.014275101465692932,
          "alias": "arc_challenge"
        }
      },
      "openbookqa": {
        "accuracy": 0.34,
        "full_results": {
          "acc,none": 0.226,
          "acc_stderr,none": 0.01872295644913999,
          "acc_norm,none": 0.34,
          "acc_norm_stderr,none": 0.021206117013673084,
          "alias": "openbookqa"
        }
      }
    },
    "avg_zeroshot_acc": 0.5894366413395564
  }
}