{
  "0": 6.200283435906769,
  "1": 4.343524351369268,
  "2": 0.09197636197429482,
  "3": 0.07777051809063229,
  "4": 0.05112202151428802,
  "5": 0.05644764791652701,
  "6": 0.03595211164143208,
  "7": 0.03464527483935287,
  "8": 0.030303868837340264,
  "9": 0.028032595833879626,
  "10": 0.022194668655652894,
  "11": 0.017445988357569497,
  "12": 0.015686218734535462,
  "13": 0.022877319385792294,
  "14": 0.026718897441587508,
  "15": 0.03400258213834473,
  "16": 0.03492161089815138,
  "17": 0.04508478066571442,
  "18": 0.06016394219551291,
  "19": 0.0698263580843328,
  "20": 0.06662174614042682,
  "21": 0.056053879007722074,
  "22": 0.042982249798702465,
  "23": 0.04989850376347871,
  "24": 0.04561260888387553,
  "25": 0.04644914795134136,
  "26": 0.046392434483635725,
  "27": 0.046808898308224656,
  "28": 0.07069105695914235,
  "29": 0.13521734393668217,
  "30": 0.1190753755038747,
  "31": 0.29251377405645895
}