{
  "attention": {
    "0": 7.671895213297699,
    "1": 1.7662813728834572,
    "2": 0.48278658840556155,
    "3": 0.18833399328807277,
    "4": 0.1487041290032547,
    "5": 0.06646507060731732,
    "6": 0.0724563389135926,
    "7": 0.054607013336051224,
    "8": 0.04186332893223277,
    "9": 0.058972931575626664,
    "10": 0.02776543965235856,
    "11": 0.03513586233785704,
    "12": 0.047591461132325374,
    "13": 0.05485249427762762,
    "14": 0.03937009472869235,
    "15": 0.03521073216783854,
    "16": 0.06070966766002961,
    "17": 0.06408827838779052,
    "18": 0.0886726351585212,
    "19": 0.07614677685601157,
    "20": 0.038092559687271876,
    "21": 0.040340115781149155,
    "22": 0.040674880355550336,
    "23": 0.042060560377352285,
    "24": 0.020116651549495046,
    "25": 0.018148394385541167,
    "26": 0.023865191367328897,
    "27": 0.7972725227498341
  },
  "mlp": {
    "0": 0.8481190791860524,
    "1": 8.341708937106569,
    "2": 3.9548226302927056,
    "3": 3.2158701932448808,
    "4": 2.3581158054375533,
    "5": 1.7348711425279197,
    "6": 0.25358279241744297,
    "7": 0.06798328419866317,
    "8": 0.054655029373257946,
    "9": 0.17442243141853586,
    "10": 0.07771808404944736,
    "11": 0.06617219678906983,
    "12": 0.0560144708371646,
    "13": 0.05894868194037217,
    "14": 0.053819196544946823,
    "15": 0.05154679472301815,
    "16": 0.04214500389054621,
    "17": 0.044771618318409256,
    "18": 0.048883442235400754,
    "19": 0.05249275343599802,
    "20": 0.06771506413145323,
    "21": 0.06415377499341579,
    "22": 0.09697730572746455,
    "23": 0.09909494960474907,
    "24": 0.09677183164593606,
    "25": 0.1290008994413201,
    "26": 0.19977466908064834,
    "27": 0.7878893867343617
  }
}