{
  "extreme_pruning_layers": [
    {
      "layer_idx": 1,
      "pruning_rate": 0.8276499155405406,
      "importance": 0.7878814424589478,
      "gradient_mean": 0.09687651026373108,
      "gradient_norm": 136.9334743420283
    },
    {
      "layer_idx": 2,
      "pruning_rate": 0.528980152027027,
      "importance": 1.2682766999917205,
      "gradient_mean": 0.07051137384648125,
      "gradient_norm": 135.2861186861992
    },
    {
      "layer_idx": 5,
      "pruning_rate": 0.6482791385135135,
      "importance": 2.1375517555185266,
      "gradient_mean": 0.08251337287947536,
      "gradient_norm": 124.93986727794011
    },
    {
      "layer_idx": 17,
      "pruning_rate": 0.6874472128378378,
      "importance": 4.130100095594251,
      "gradient_mean": 0.06754400720819831,
      "gradient_norm": 144.2153041958809
    }
  ],
  "num_extreme_layers": 4,
  "gradient_statistics": {
    "mean_range": [
      0.01298439766590794,
      0.17787800977627435
    ],
    "mean_ratio": 13.699365421730528,
    "norm_range": [
      82.35524732371171,
      177.39361917972565
    ],
    "norm_ratio": 2.1540050566812527
  },
  "diagnosis": [
    {
      "issue": "\u524d\u51e0\u5c42\u88ab\u8fc7\u5ea6\u526a\u679d",
      "severity": "critical",
      "description": "\u524d5\u5c42\u4e2d\u6709 2 \u5c42\u88ab\u8fc7\u5ea6\u526a\u679d",
      "recommendation": "\u524d\u51e0\u5c42\u901a\u5e38\u5f88\u91cd\u8981\uff0c\u5efa\u8bae\u4e3a\u5176\u8bbe\u7f6e\u8f83\u4f4e\u7684 max_rate"
    }
  ]
}