{
  "extreme_pruning_layers": [],
  "num_extreme_layers": 0,
  "gradient_statistics": {
    "mean_range": [
      0.030467920419242647,
      0.5256634449793233
    ],
    "mean_ratio": 17.25301353098022,
    "norm_range": [
      168.34255139033,
      2059.284876929389
    ],
    "norm_ratio": 12.232705634556853
  },
  "diagnosis": []
}