{
  "extreme_pruning_layers": [],
  "num_extreme_layers": 0,
  "gradient_statistics": {
    "mean_range": [
      0.00024901496039496525,
      0.0005938344531589084
    ],
    "mean_ratio": 2.3847330848865997,
    "norm_range": [
      2.35264163547092,
      12.392320421006945
    ],
    "norm_ratio": 5.267406745524027
  },
  "diagnosis": []
}