{
  "extreme_pruning_layers": [
    {
      "layer_idx": 30,
      "pruning_rate": 0.6845703125,
      "importance": 0.015367676770048482,
      "gradient_mean": 0.00031444099214341905,
      "gradient_norm": 4.417076958550347
    },
    {
      "layer_idx": 31,
      "pruning_rate": 0.9074358258928571,
      "importance": 0.017788147952939783,
      "gradient_mean": 0.00039330455991956923,
      "gradient_norm": 4.159147474500868
    }
  ],
  "num_extreme_layers": 2,
  "gradient_statistics": {
    "mean_range": [
      0.00024901496039496525,
      0.0005938344531589084
    ],
    "mean_ratio": 2.3847330848865997,
    "norm_range": [
      2.35264163547092,
      12.392320421006945
    ],
    "norm_ratio": 5.267406745524027
  },
  "diagnosis": []
}