{
  "0": 3.447736624581381,
  "1": 3.148561578196417,
  "2": 0.1027536620572933,
  "3": 0.0827332224423829,
  "4": 0.06014018442133118,
  "5": 0.06427748046669901,
  "6": 0.053134597701245845,
  "7": 0.03997782399561878,
  "8": 0.03837988860146169,
  "9": 0.031079207100361383,
  "10": 0.02112794472667545,
  "11": 0.022046971435991658,
  "12": 0.011923489621812333,
  "13": 0.023395449888051978,
  "14": 0.019285464913637806,
  "15": 0.026554154083970438,
  "16": 0.04135066649246433,
  "17": 0.04894839744816171,
  "18": 0.06889770891410629,
  "19": 0.13871599868241002,
  "20": 0.06910329911521185,
  "21": 0.05238285606072113,
  "22": 0.04011877712408074,
  "23": 0.05218492304848432,
  "24": 0.04691052144574881,
  "25": 0.05191635408287798,
  "26": 0.04970122429733781,
  "27": 0.04471628469811728,
  "28": 0.05529714358287263,
  "29": 0.09029897273730647,
  "30": 0.0829754006541159,
  "31": 0.2657941247153355
}