{
  "model_path": "results/search_Qwen-Instruct_layerwise_20/exp_003_taylor_seq_len32_taylor_num_samples128/pruned_model.bin",
  "timestamp": "2025-12-02T00:35:16.845839",
  "metrics": {
    "model_info": {
      "total_params": 6092498944,
      "trainable_params": 6092498944,
      "total_params_M": 6092.498944,
      "total_params_B": 6.092498944,
      "num_layers": 28,
      "module_params": {
        "embedding": 544997376,
        "lm_head": 544997376,
        "final_norm": 3584,
        "attention": 822212608,
        "mlp": 4180087296,
        "input_layernorm": 100352,
        "post_attention_layernorm": 100352,
        "total_accounted": 6092498944,
        "unaccounted": 0,
        "match": true
      },
      "attention_params": 822212608,
      "mlp_params": 4180087296,
      "attention_params_M": 822.212608,
      "mlp_params_M": 4180.087296,
      "attention_ratio": 0.1349549036540629,
      "mlp_ratio": 0.6861039016045499,
      "model_size_mb": 11620.519775390625,
      "model_size_gb": 11.348163843154907
    },
    "ppl_quick_128": {
      "wikitext2 (wikitext-2-raw-v1)": 24.396459579467773,
      "ptb": 49.0996208190918
    },
    "ppl_standard_2048_512": {
      "wikitext2 (wikitext-2-raw-v1)": 11.126215934753418,
      "ptb": 19.872785568237305
    },
    "ppl": {
      "wikitext2 (wikitext-2-raw-v1)": 11.126215934753418,
      "ptb": 19.872785568237305
    },
    "zeroshot": {
      "boolq": {
        "accuracy": 0.6678899082568808,
        "full_results": {
          "acc,none": 0.6678899082568808,
          "acc_stderr,none": 0.008237321500082183,
          "alias": "boolq"
        }
      },
      "piqa": {
        "accuracy": 0.7557127312295974,
        "full_results": {
          "acc,none": 0.7546245919477693,
          "acc_stderr,none": 0.010039831320422288,
          "acc_norm,none": 0.7557127312295974,
          "acc_norm_stderr,none": 0.010024765172284315,
          "alias": "piqa"
        }
      },
      "hellaswag": {
        "accuracy": 0.651364270065724,
        "full_results": {
          "acc,none": 0.48376817367058356,
          "acc_stderr,none": 0.004987151381091183,
          "acc_norm,none": 0.651364270065724,
          "acc_norm_stderr,none": 0.004755645016263529,
          "alias": "hellaswag"
        }
      },
      "winogrande": {
        "accuracy": 0.5674822415153907,
        "full_results": {
          "acc,none": 0.5674822415153907,
          "acc_stderr,none": 0.013923911578623853,
          "alias": "winogrande"
        }
      },
      "arc_easy": {
        "accuracy": 0.6384680134680135,
        "full_results": {
          "acc,none": 0.680976430976431,
          "acc_stderr,none": 0.009564133249441194,
          "acc_norm,none": 0.6384680134680135,
          "acc_norm_stderr,none": 0.00985850654316196,
          "alias": "arc_easy"
        }
      },
      "arc_challenge": {
        "accuracy": 0.37542662116040953,
        "full_results": {
          "acc,none": 0.3575085324232082,
          "acc_stderr,none": 0.014005494275916665,
          "acc_norm,none": 0.37542662116040953,
          "acc_norm_stderr,none": 0.014150631435111728,
          "alias": "arc_challenge"
        }
      },
      "openbookqa": {
        "accuracy": 0.406,
        "full_results": {
          "acc,none": 0.284,
          "acc_stderr,none": 0.020186703693570774,
          "acc_norm,none": 0.406,
          "acc_norm_stderr,none": 0.021983962090086417,
          "alias": "openbookqa"
        }
      }
    },
    "avg_zeroshot_acc": 0.5803348265280023
  }
}