{
  "extreme_pruning_layers": [
    {
      "layer_idx": 25,
      "pruning_rate": 0.5861467633928571,
      "importance": 20.520280531474523,
      "gradient_mean": 0.2454184835983647,
      "gradient_norm": 1309.8259421454536
    },
    {
      "layer_idx": 26,
      "pruning_rate": 0.5959821428571429,
      "importance": 20.65080601828439,
      "gradient_mean": 0.2616998917526669,
      "gradient_norm": 1363.3695788913303
    }
  ],
  "num_extreme_layers": 2,
  "gradient_statistics": {
    "mean_range": [
      0.16642262496882015,
      3.3517069613767996
    ],
    "mean_ratio": 20.13973136159089,
    "norm_range": [
      945.0690396626791,
      Infinity
    ],
    "norm_ratio": Infinity
  },
  "diagnosis": []
}