{
  "0": 6.1887538149062085,
  "1": 3.83983171713744,
  "2": 0.2805052865689537,
  "3": 0.19826073546551415,
  "4": 0.20277215699448092,
  "5": 0.1762199080904514,
  "6": 0.14907041250446795,
  "7": 0.12383183157686517,
  "8": 0.08575947662287842,
  "9": 0.09491937079153523,
  "10": 0.08652668186569823,
  "11": 0.08732119452785447,
  "12": 0.09449412075753116,
  "13": 0.12465352485997006,
  "14": 0.12385205509890218,
  "15": 0.13994181571805253,
  "16": 0.1616689014061703,
  "17": 0.17384731404658238,
  "18": 0.17347467420246687,
  "19": 0.1243802028754506,
  "20": 0.1462512161735452,
  "21": 0.13943866077536526,
  "22": 0.12783663025857495,
  "23": 0.11365561054719286,
  "24": 0.1268784783815553,
  "25": 0.09351489755096187,
  "26": 0.09377059585051928,
  "27": 0.1295210400657476,
  "28": 0.12944896236831616,
  "29": 0.21973946284800094,
  "30": 0.3546062154128147,
  "31": 1.293344749531276
}