{
  "extreme_pruning_layers": [],
  "num_extreme_layers": 0,
  "gradient_statistics": {
    "mean_range": [
      0.0469087991449568,
      0.9480640043814977
    ],
    "mean_ratio": 20.21079242362881,
    "norm_range": [
      266.7817026774089,
      3655.787841796875
    ],
    "norm_ratio": 13.703293011125526
  },
  "diagnosis": []
}