{
  "model_path": "results/search_Llama-Instruct_blockwise_20/exp_004_taylor_seq_len32_taylor_num_samples256/pruned_model.bin",
  "timestamp": "2025-12-02T12:52:57.533776",
  "metrics": {
    "model_info": {
      "total_params": 6425088000,
      "trainable_params": 6425088000,
      "total_params_M": 6425.088,
      "total_params_B": 6.425088,
      "num_layers": 32,
      "module_params": {
        "embedding": 525336576,
        "lm_head": 525336576,
        "final_norm": 4096,
        "attention": 1158676480,
        "mlp": 4215472128,
        "input_layernorm": 131072,
        "post_attention_layernorm": 131072,
        "total_accounted": 6425088000,
        "unaccounted": 0,
        "match": true
      },
      "attention_params": 1158676480,
      "mlp_params": 4215472128,
      "attention_params_M": 1158.67648,
      "mlp_params_M": 4215.472128,
      "attention_ratio": 0.18033628177544028,
      "mlp_ratio": 0.6560956251494143,
      "model_size_mb": 12254.883056640625,
      "model_size_gb": 11.96765923500061
    },
    "ppl_quick_128": {
      "wikitext2 (wikitext-2-raw-v1)": 33.36408233642578,
      "ptb": 49.646446228027344
    },
    "ppl_standard_2048_512": {
      "wikitext2 (wikitext-2-raw-v1)": 13.81856632232666,
      "ptb": 19.40304946899414
    },
    "ppl": {
      "wikitext2 (wikitext-2-raw-v1)": 13.81856632232666,
      "ptb": 19.40304946899414
    },
    "zeroshot": {
      "boolq": {
        "accuracy": 0.8220183486238533,
        "full_results": {
          "acc,none": 0.8220183486238533,
          "acc_stderr,none": 0.006689919802606026,
          "alias": "boolq"
        }
      },
      "piqa": {
        "accuracy": 0.7404787812840044,
        "full_results": {
          "acc,none": 0.7317736670293797,
          "acc_stderr,none": 0.010336761992404487,
          "acc_norm,none": 0.7404787812840044,
          "acc_norm_stderr,none": 0.010227939888174076,
          "alias": "piqa"
        }
      },
      "hellaswag": {
        "accuracy": 0.6563433578968333,
        "full_results": {
          "acc,none": 0.4750049790878311,
          "acc_stderr,none": 0.004983542768853415,
          "acc_norm,none": 0.6563433578968333,
          "acc_norm_stderr,none": 0.0047395753805088295,
          "alias": "hellaswag"
        }
      },
      "winogrande": {
        "accuracy": 0.6890292028413575,
        "full_results": {
          "acc,none": 0.6890292028413575,
          "acc_stderr,none": 0.013009534736285902,
          "alias": "winogrande"
        }
      },
      "arc_easy": {
        "accuracy": 0.6683501683501684,
        "full_results": {
          "acc,none": 0.7251683501683501,
          "acc_stderr,none": 0.009160538115254864,
          "acc_norm,none": 0.6683501683501684,
          "acc_norm_stderr,none": 0.00966073378092379,
          "alias": "arc_easy"
        }
      },
      "arc_challenge": {
        "accuracy": 0.4334470989761092,
        "full_results": {
          "acc,none": 0.42235494880546076,
          "acc_stderr,none": 0.014434138713379965,
          "acc_norm,none": 0.4334470989761092,
          "acc_norm_stderr,none": 0.014481376224558896,
          "alias": "arc_challenge"
        }
      },
      "openbookqa": {
        "accuracy": 0.356,
        "full_results": {
          "acc,none": 0.256,
          "acc_stderr,none": 0.019536923574747664,
          "acc_norm,none": 0.356,
          "acc_norm_stderr,none": 0.021434712356072687,
          "alias": "openbookqa"
        }
      }
    },
    "avg_zeroshot_acc": 0.623666708281761
  }
}