{
  "model_path": "results/all_model_blockwise_128_128_8/Mistral-Instruct/wanda/pruned_model.bin",
  "timestamp": "2025-12-12T01:23:10.199047",
  "metrics": {
    "model_info": {
      "total_params": 5798408192,
      "trainable_params": 5798408192,
      "total_params_M": 5798.408192,
      "total_params_B": 5.798408192,
      "num_layers": 32,
      "module_params": {
        "embedding": 134217728,
        "lm_head": 134217728,
        "final_norm": 4096,
        "attention": 1342177280,
        "mlp": 4187529216,
        "input_layernorm": 131072,
        "post_attention_layernorm": 131072,
        "total_accounted": 5798408192,
        "unaccounted": 0,
        "match": true
      },
      "attention_params": 1342177280,
      "mlp_params": 4187529216,
      "attention_params_M": 1342.17728,
      "mlp_params_M": 4187.529216,
      "attention_ratio": 0.23147340365788446,
      "mlp_ratio": 0.7221859995606187,
      "model_size_mb": 11059.586181640625,
      "model_size_gb": 10.800377130508423
    },
    "ppl_quick_128": {
      "wikitext2 (wikitext-2-raw-v1)": 10231.8154296875,
      "ptb": 10763.5146484375
    },
    "ppl_standard_2048_512": {
      "wikitext2 (wikitext-2-raw-v1)": 8160.79052734375,
      "ptb": 8874.5458984375
    },
    "ppl": {
      "wikitext2 (wikitext-2-raw-v1)": 8160.79052734375,
      "ptb": 8874.5458984375
    },
    "zeroshot": {
      "boolq": {
        "accuracy": 0.37889908256880733,
        "full_results": {
          "acc,none": 0.37889908256880733,
          "acc_stderr,none": 0.008484678718565153,
          "alias": "boolq"
        }
      },
      "piqa": {
        "accuracy": 0.4896626768226333,
        "full_results": {
          "acc,none": 0.5163220892274211,
          "acc_stderr,none": 0.011659606710151597,
          "acc_norm,none": 0.4896626768226333,
          "acc_norm_stderr,none": 0.01166333067307569,
          "alias": "piqa"
        }
      },
      "hellaswag": {
        "accuracy": 0.26000796654052977,
        "full_results": {
          "acc,none": 0.2581159131647082,
          "acc_stderr,none": 0.004367037632204837,
          "acc_norm,none": 0.26000796654052977,
          "acc_norm_stderr,none": 0.004377421493297842,
          "alias": "hellaswag"
        }
      },
      "winogrande": {
        "accuracy": 0.5059194948697711,
        "full_results": {
          "acc,none": 0.5059194948697711,
          "acc_stderr,none": 0.014051500838485923,
          "alias": "winogrande"
        }
      },
      "arc_easy": {
        "accuracy": 0.2596801346801347,
        "full_results": {
          "acc,none": 0.25462962962962965,
          "acc_stderr,none": 0.008939407288589512,
          "acc_norm,none": 0.2596801346801347,
          "acc_norm_stderr,none": 0.008996990428562134,
          "alias": "arc_easy"
        }
      },
      "arc_challenge": {
        "accuracy": 0.2858361774744027,
        "full_results": {
          "acc,none": 0.20136518771331058,
          "acc_stderr,none": 0.011718927477444347,
          "acc_norm,none": 0.2858361774744027,
          "acc_norm_stderr,none": 0.0132031960885374,
          "alias": "arc_challenge"
        }
      },
      "openbookqa": {
        "accuracy": 0.256,
        "full_results": {
          "acc,none": 0.14,
          "acc_stderr,none": 0.015533272840269705,
          "acc_norm,none": 0.256,
          "acc_norm_stderr,none": 0.019536923574747664,
          "alias": "openbookqa"
        }
      }
    },
    "avg_zeroshot_acc": 0.34800079042232557
  }
}