{
  "model_path": "results/for_finetuning/Qwen-Instruct/magnitude/pruned_model.bin",
  "timestamp": "2025-12-04T19:32:34.945059",
  "metrics": {
    "model_info": {
      "total_params": 6092498944,
      "trainable_params": 6092498944,
      "total_params_M": 6092.498944,
      "total_params_B": 6.092498944,
      "num_layers": 28,
      "module_params": {
        "embedding": 544997376,
        "lm_head": 544997376,
        "final_norm": 3584,
        "attention": 822212608,
        "mlp": 4180087296,
        "input_layernorm": 100352,
        "post_attention_layernorm": 100352,
        "total_accounted": 6092498944,
        "unaccounted": 0,
        "match": true
      },
      "attention_params": 822212608,
      "mlp_params": 4180087296,
      "attention_params_M": 822.212608,
      "mlp_params_M": 4180.087296,
      "attention_ratio": 0.1349549036540629,
      "mlp_ratio": 0.6861039016045499,
      "model_size_mb": 11620.519775390625,
      "model_size_gb": 11.348163843154907
    },
    "ppl_quick_128": {
      "wikitext2 (wikitext-2-raw-v1)": 10211.7626953125,
      "ptb": 12303.40234375
    },
    "ppl_standard_2048_512": {
      "wikitext2 (wikitext-2-raw-v1)": 24485.23046875,
      "ptb": 16344.7666015625
    },
    "ppl": {
      "wikitext2 (wikitext-2-raw-v1)": 24485.23046875,
      "ptb": 16344.7666015625
    },
    "zeroshot": {
      "boolq": {
        "accuracy": 0.41314984709480124,
        "full_results": {
          "acc,none": 0.41314984709480124,
          "acc_stderr,none": 0.008612117547803605,
          "alias": "boolq"
        }
      },
      "piqa": {
        "accuracy": 0.5315560391730142,
        "full_results": {
          "acc,none": 0.5369967355821545,
          "acc_stderr,none": 0.011633844942776493,
          "acc_norm,none": 0.5315560391730142,
          "acc_norm_stderr,none": 0.011642567710878958,
          "alias": "piqa"
        }
      },
      "hellaswag": {
        "accuracy": 0.2874925313682533,
        "full_results": {
          "acc,none": 0.2635929097789285,
          "acc_stderr,none": 0.004396806562351701,
          "acc_norm,none": 0.2874925313682533,
          "acc_norm_stderr,none": 0.004516681953878919,
          "alias": "hellaswag"
        }
      },
      "winogrande": {
        "accuracy": 0.516179952644041,
        "full_results": {
          "acc,none": 0.516179952644041,
          "acc_stderr,none": 0.014045126130978676,
          "alias": "winogrande"
        }
      },
      "arc_easy": {
        "accuracy": 0.3101851851851852,
        "full_results": {
          "acc,none": 0.30934343434343436,
          "acc_stderr,none": 0.009484615220606778,
          "acc_norm,none": 0.3101851851851852,
          "acc_norm_stderr,none": 0.009491721291998401,
          "alias": "arc_easy"
        }
      },
      "arc_challenge": {
        "accuracy": 0.2645051194539249,
        "full_results": {
          "acc,none": 0.21843003412969283,
          "acc_stderr,none": 0.012074291605700917,
          "acc_norm,none": 0.2645051194539249,
          "acc_norm_stderr,none": 0.012889272949313479,
          "alias": "arc_challenge"
        }
      },
      "openbookqa": {
        "accuracy": 0.296,
        "full_results": {
          "acc,none": 0.17,
          "acc_stderr,none": 0.016815633531393464,
          "acc_norm,none": 0.296,
          "acc_norm_stderr,none": 0.020435342091896222,
          "alias": "openbookqa"
        }
      }
    },
    "avg_zeroshot_acc": 0.37415266784560286
  }
}