{
  "model_path": "results/all_model_blockwise_128_128_8_finetuned/Qwen/magnitude/pruned_model.bin",
  "timestamp": "2025-12-12T00:53:11.888188",
  "metrics": {
    "model_info": {
      "total_params": 6092498944,
      "trainable_params": 0,
      "total_params_M": 6092.498944,
      "total_params_B": 6.092498944,
      "num_layers": 28,
      "module_params": {
        "embedding": 544997376,
        "lm_head": 544997376,
        "final_norm": 3584,
        "attention": 822212608,
        "mlp": 4180087296,
        "input_layernorm": 100352,
        "post_attention_layernorm": 100352,
        "total_accounted": 6092498944,
        "unaccounted": 0,
        "match": true
      },
      "attention_params": 822212608,
      "mlp_params": 4180087296,
      "attention_params_M": 822.212608,
      "mlp_params_M": 4180.087296,
      "attention_ratio": 0.1349549036540629,
      "mlp_ratio": 0.6861039016045499,
      "model_size_mb": 11620.519653320312,
      "model_size_gb": 11.348163723945618
    },
    "ppl_quick_128": {
      "wikitext2 (wikitext-2-raw-v1)": 65.66549682617188,
      "ptb": 109.77668762207031
    },
    "ppl_standard_2048_512": {
      "wikitext2 (wikitext-2-raw-v1)": 22.607616424560547,
      "ptb": 37.548160552978516
    },
    "ppl": {
      "wikitext2 (wikitext-2-raw-v1)": 22.607616424560547,
      "ptb": 37.548160552978516
    },
    "zeroshot": {
      "boolq": {
        "accuracy": 0.6033639143730887,
        "full_results": {
          "acc,none": 0.6033639143730887,
          "acc_stderr,none": 0.00855614858203196,
          "alias": "boolq"
        }
      },
      "piqa": {
        "accuracy": 0.7573449401523396,
        "full_results": {
          "acc,none": 0.7519042437431991,
          "acc_stderr,none": 0.010077118315574635,
          "acc_norm,none": 0.7573449401523396,
          "acc_norm_stderr,none": 0.010002002569708613,
          "alias": "piqa"
        }
      },
      "hellaswag": {
        "accuracy": 0.6739693288189603,
        "full_results": {
          "acc,none": 0.5053774148575981,
          "acc_stderr,none": 0.004989492828168741,
          "acc_norm,none": 0.6739693288189603,
          "acc_norm_stderr,none": 0.004678006403692155,
          "alias": "hellaswag"
        }
      },
      "winogrande": {
        "accuracy": 0.5911602209944752,
        "full_results": {
          "acc,none": 0.5911602209944752,
          "acc_stderr,none": 0.013816954295135714,
          "alias": "winogrande"
        }
      },
      "arc_easy": {
        "accuracy": 0.6047979797979798,
        "full_results": {
          "acc,none": 0.6763468013468014,
          "acc_stderr,none": 0.009600478182273867,
          "acc_norm,none": 0.6047979797979798,
          "acc_norm_stderr,none": 0.010031894052791137,
          "alias": "arc_easy"
        }
      },
      "arc_challenge": {
        "accuracy": 0.44283276450511944,
        "full_results": {
          "acc,none": 0.4232081911262799,
          "acc_stderr,none": 0.014438036220848015,
          "acc_norm,none": 0.44283276450511944,
          "acc_norm_stderr,none": 0.01451557387334892,
          "alias": "arc_challenge"
        }
      },
      "openbookqa": {
        "accuracy": 0.388,
        "full_results": {
          "acc,none": 0.294,
          "acc_stderr,none": 0.02039509548493655,
          "acc_norm,none": 0.388,
          "acc_norm_stderr,none": 0.021814300984787705,
          "alias": "openbookqa"
        }
      }
    },
    "avg_zeroshot_acc": 0.5802098783774233
  }
}