{
  "model_path": "results/search_Qwen_blockwise_20/exp_014_taylor_seq_len256_taylor_num_samples256/pruned_model.bin",
  "timestamp": "2025-12-01T02:59:59.686798",
  "metrics": {
    "model_info": {
      "total_params": 6092492032,
      "trainable_params": 6092492032,
      "total_params_M": 6092.492032,
      "total_params_B": 6.092492032,
      "num_layers": 28,
      "module_params": {
        "embedding": 544997376,
        "lm_head": 544997376,
        "final_norm": 3584,
        "attention": 778165504,
        "mlp": 4224127488,
        "input_layernorm": 100352,
        "post_attention_layernorm": 100352,
        "total_accounted": 6092492032,
        "unaccounted": 0,
        "match": true
      },
      "attention_params": 778165504,
      "mlp_params": 4224127488,
      "attention_params_M": 778.165504,
      "mlp_params_M": 4224.127488,
      "attention_ratio": 0.12772532157822936,
      "mlp_ratio": 0.693333280669607,
      "model_size_mb": 11620.506591796875,
      "model_size_gb": 11.348150968551636
    },
    "ppl_quick_128": {
      "wikitext2 (wikitext-2-raw-v1)": 27.321773529052734,
      "ptb": 47.90230178833008
    },
    "ppl_standard_2048_512": {
      "wikitext2 (wikitext-2-raw-v1)": 11.987203598022461,
      "ptb": 18.934343338012695
    },
    "ppl": {
      "wikitext2 (wikitext-2-raw-v1)": 11.987203598022461,
      "ptb": 18.934343338012695
    },
    "zeroshot": {
      "boolq": {
        "accuracy": 0.590519877675841,
        "full_results": {
          "acc,none": 0.590519877675841,
          "acc_stderr,none": 0.008600549751320942,
          "alias": "boolq"
        }
      },
      "piqa": {
        "accuracy": 0.735038084874864,
        "full_results": {
          "acc,none": 0.7366702937976061,
          "acc_stderr,none": 0.010276185322196763,
          "acc_norm,none": 0.735038084874864,
          "acc_norm_stderr,none": 0.010296557993316033,
          "alias": "piqa"
        }
      },
      "hellaswag": {
        "accuracy": 0.6197968532164907,
        "full_results": {
          "acc,none": 0.4462258514240191,
          "acc_stderr,none": 0.0049608399860996645,
          "acc_norm,none": 0.6197968532164907,
          "acc_norm_stderr,none": 0.004844445265582494,
          "alias": "hellaswag"
        }
      },
      "winogrande": {
        "accuracy": 0.6077348066298343,
        "full_results": {
          "acc,none": 0.6077348066298343,
          "acc_stderr,none": 0.013722400462000807,
          "alias": "winogrande"
        }
      },
      "arc_easy": {
        "accuracy": 0.6220538720538721,
        "full_results": {
          "acc,none": 0.6595117845117845,
          "acc_stderr,none": 0.009723676813825778,
          "acc_norm,none": 0.6220538720538721,
          "acc_norm_stderr,none": 0.009949405744045473,
          "alias": "arc_easy"
        }
      },
      "arc_challenge": {
        "accuracy": 0.3779863481228669,
        "full_results": {
          "acc,none": 0.3447098976109215,
          "acc_stderr,none": 0.013888816286782117,
          "acc_norm,none": 0.3779863481228669,
          "acc_norm_stderr,none": 0.014169664520303164,
          "alias": "arc_challenge"
        }
      },
      "openbookqa": {
        "accuracy": 0.332,
        "full_results": {
          "acc,none": 0.236,
          "acc_stderr,none": 0.01900869962208476,
          "acc_norm,none": 0.332,
          "acc_norm_stderr,none": 0.021081766571222797,
          "alias": "openbookqa"
        }
      }
    },
    "avg_zeroshot_acc": 0.5550185489391098
  }
}