{
  "extreme_pruning_layers": [
    {
      "layer_idx": 1,
      "pruning_rate": 0.5968644425675675,
      "importance": 0.0046246326654343995,
      "gradient_mean": 0.0007023066282272339,
      "gradient_norm": 0.9264030456542969
    },
    {
      "layer_idx": 15,
      "pruning_rate": 0.5215371621621622,
      "importance": 0.013242969843181403,
      "gradient_mean": 0.00030717750390370685,
      "gradient_norm": 0.6307058334350586
    },
    {
      "layer_idx": 16,
      "pruning_rate": 0.5633445945945946,
      "importance": 0.012702241439271617,
      "gradient_mean": 0.0002885212500890096,
      "gradient_norm": 0.5652407010396322
    },
    {
      "layer_idx": 17,
      "pruning_rate": 0.5388513513513513,
      "importance": 0.01291755073376604,
      "gradient_mean": 0.00030629833539326984,
      "gradient_norm": 0.5974890391031901
    }
  ],
  "num_extreme_layers": 4,
  "gradient_statistics": {
    "mean_range": [
      0.00023165345191955566,
      0.001051555077234904
    ],
    "mean_ratio": 4.539343638469521,
    "norm_range": [
      0.5652407010396322,
      2.4837735493977866
    ],
    "norm_ratio": 4.394187369009396
  },
  "diagnosis": [
    {
      "issue": "\u524d\u51e0\u5c42\u88ab\u8fc7\u5ea6\u526a\u679d",
      "severity": "critical",
      "description": "\u524d5\u5c42\u4e2d\u6709 1 \u5c42\u88ab\u8fc7\u5ea6\u526a\u679d",
      "recommendation": "\u524d\u51e0\u5c42\u901a\u5e38\u5f88\u91cd\u8981\uff0c\u5efa\u8bae\u4e3a\u5176\u8bbe\u7f6e\u8f83\u4f4e\u7684 max_rate"
    }
  ]
}