{
  "model_path": "results/search_Qwen-Instruct_blockwise_20/exp_008_taylor_seq_len64_taylor_num_samples128/pruned_model.bin",
  "timestamp": "2025-12-02T22:17:08.101791",
  "metrics": {
    "model_info": {
      "total_params": 6092497920,
      "trainable_params": 6092497920,
      "total_params_M": 6092.49792,
      "total_params_B": 6.09249792,
      "num_layers": 28,
      "module_params": {
        "embedding": 544997376,
        "lm_head": 544997376,
        "final_norm": 3584,
        "attention": 792847872,
        "mlp": 4209451008,
        "input_layernorm": 100352,
        "post_attention_layernorm": 100352,
        "total_accounted": 6092497920,
        "unaccounted": 0,
        "match": true
      },
      "attention_params": 792847872,
      "mlp_params": 4209451008,
      "attention_params_M": 792.847872,
      "mlp_params_M": 4209.451008,
      "attention_ratio": 0.13013510753894522,
      "mlp_ratio": 0.690923667644026,
      "model_size_mb": 11620.517822265625,
      "model_size_gb": 11.348161935806274
    },
    "ppl_quick_128": {
      "wikitext2 (wikitext-2-raw-v1)": 40.15271759033203,
      "ptb": 62.693214416503906
    },
    "ppl_standard_2048_512": {
      "wikitext2 (wikitext-2-raw-v1)": 16.688079833984375,
      "ptb": 24.154268264770508
    },
    "ppl": {
      "wikitext2 (wikitext-2-raw-v1)": 16.688079833984375,
      "ptb": 24.154268264770508
    },
    "zeroshot": {
      "boolq": {
        "accuracy": 0.845565749235474,
        "full_results": {
          "acc,none": 0.845565749235474,
          "acc_stderr,none": 0.0063203051065391395,
          "alias": "boolq"
        }
      },
      "piqa": {
        "accuracy": 0.720348204570185,
        "full_results": {
          "acc,none": 0.7159956474428727,
          "acc_stderr,none": 0.01052114754245417,
          "acc_norm,none": 0.720348204570185,
          "acc_norm_stderr,none": 0.010471899530306519,
          "alias": "piqa"
        }
      },
      "hellaswag": {
        "accuracy": 0.6331408086038638,
        "full_results": {
          "acc,none": 0.45976897032463654,
          "acc_stderr,none": 0.004973602904248037,
          "acc_norm,none": 0.6331408086038638,
          "acc_norm_stderr,none": 0.004809626723626934,
          "alias": "hellaswag"
        }
      },
      "winogrande": {
        "accuracy": 0.6456195737963694,
        "full_results": {
          "acc,none": 0.6456195737963694,
          "acc_stderr,none": 0.013443314368356059,
          "alias": "winogrande"
        }
      },
      "arc_easy": {
        "accuracy": 0.5833333333333334,
        "full_results": {
          "acc,none": 0.6346801346801347,
          "acc_stderr,none": 0.009880576614806942,
          "acc_norm,none": 0.5833333333333334,
          "acc_norm_stderr,none": 0.010116282977781398,
          "alias": "arc_easy"
        }
      },
      "arc_challenge": {
        "accuracy": 0.4035836177474403,
        "full_results": {
          "acc,none": 0.37627986348122866,
          "acc_stderr,none": 0.01415702255540725,
          "acc_norm,none": 0.4035836177474403,
          "acc_norm_stderr,none": 0.014337158914268453,
          "alias": "arc_challenge"
        }
      },
      "openbookqa": {
        "accuracy": 0.354,
        "full_results": {
          "acc,none": 0.234,
          "acc_stderr,none": 0.018952741564893755,
          "acc_norm,none": 0.354,
          "acc_norm_stderr,none": 0.02140758204791649,
          "alias": "openbookqa"
        }
      }
    },
    "avg_zeroshot_acc": 0.5979416124695237
  }
}