{
  "model_path": "results/search_Llama-Instruct_layerwise_20/exp_019_taylor_seq_len256_taylor_num_samples256/pruned_model.bin",
  "timestamp": "2025-12-01T22:14:23.886953",
  "metrics": {
    "model_info": {
      "total_params": 6424219648,
      "trainable_params": 6424219648,
      "total_params_M": 6424.219648,
      "total_params_B": 6.424219648,
      "num_layers": 32,
      "module_params": {
        "embedding": 525336576,
        "lm_head": 525336576,
        "final_norm": 4096,
        "attention": 1342177280,
        "mlp": 4031102976,
        "input_layernorm": 131072,
        "post_attention_layernorm": 131072,
        "total_accounted": 6424219648,
        "unaccounted": 0,
        "match": true
      },
      "attention_params": 1342177280,
      "mlp_params": 4031102976,
      "attention_params_M": 1342.17728,
      "mlp_params_M": 4031.102976,
      "attention_ratio": 0.20892456259926434,
      "mlp_ratio": 0.6274852350752003,
      "model_size_mb": 12253.226806640625,
      "model_size_gb": 11.966041803359985
    },
    "ppl_quick_128": {
      "wikitext2 (wikitext-2-raw-v1)": 33.042510986328125,
      "ptb": 50.42852783203125
    },
    "ppl_standard_2048_512": {
      "wikitext2 (wikitext-2-raw-v1)": 13.995973587036133,
      "ptb": 19.908275604248047
    },
    "ppl": {
      "wikitext2 (wikitext-2-raw-v1)": 13.995973587036133,
      "ptb": 19.908275604248047
    },
    "zeroshot": {
      "boolq": {
        "accuracy": 0.7458715596330275,
        "full_results": {
          "acc,none": 0.7458715596330275,
          "acc_stderr,none": 0.007614671967465734,
          "alias": "boolq"
        }
      },
      "piqa": {
        "accuracy": 0.736126224156692,
        "full_results": {
          "acc,none": 0.7328618063112078,
          "acc_stderr,none": 0.010323440492612343,
          "acc_norm,none": 0.736126224156692,
          "acc_norm_stderr,none": 0.010282996367695665,
          "alias": "piqa"
        }
      },
      "hellaswag": {
        "accuracy": 0.6171081457876917,
        "full_results": {
          "acc,none": 0.4525990838478391,
          "acc_stderr,none": 0.00496730825442575,
          "acc_norm,none": 0.6171081457876917,
          "acc_norm_stderr,none": 0.004850988215167681,
          "alias": "hellaswag"
        }
      },
      "winogrande": {
        "accuracy": 0.6574585635359116,
        "full_results": {
          "acc,none": 0.6574585635359116,
          "acc_stderr,none": 0.013337483579076027,
          "alias": "winogrande"
        }
      },
      "arc_easy": {
        "accuracy": 0.6199494949494949,
        "full_results": {
          "acc,none": 0.6586700336700336,
          "acc_stderr,none": 0.009729473841242994,
          "acc_norm,none": 0.6199494949494949,
          "acc_norm_stderr,none": 0.009960175831493001,
          "alias": "arc_easy"
        }
      },
      "arc_challenge": {
        "accuracy": 0.38139931740614336,
        "full_results": {
          "acc,none": 0.3464163822525597,
          "acc_stderr,none": 0.013905011180063256,
          "acc_norm,none": 0.38139931740614336,
          "acc_norm_stderr,none": 0.014194389086685315,
          "alias": "arc_challenge"
        }
      },
      "openbookqa": {
        "accuracy": 0.326,
        "full_results": {
          "acc,none": 0.246,
          "acc_stderr,none": 0.019279819056352458,
          "acc_norm,none": 0.326,
          "acc_norm_stderr,none": 0.02098400956239367,
          "alias": "openbookqa"
        }
      }
    },
    "avg_zeroshot_acc": 0.5834161864955659
  }
}