{
  "0": 8.075746747195513,
  "1": 0.10491665675754991,
  "2": 0.1361320814918181,
  "3": 0.4761892977485713,
  "4": 0.37494694221333624,
  "5": 0.05256921272637882,
  "6": 0.08963689633524385,
  "7": 0.0720588667974269,
  "8": 0.06387328530684444,
  "9": 0.22922374045025684,
  "10": 0.05735378388557866,
  "11": 0.04093113968873352,
  "12": 0.03187332655503505,
  "13": 0.03552059992237355,
  "14": 0.03572536109397495,
  "15": 0.03045707563825717,
  "16": 0.022808724046641693,
  "17": 0.015792602931334,
  "18": 0.033308770368777996,
  "19": 0.09761732845713844,
  "20": 0.0699462333249028,
  "21": 0.08487918160178465,
  "22": 0.11535906332142032,
  "23": 0.1430692900370083,
  "24": 0.1305724551413583,
  "25": 0.16645415896393434,
  "26": 0.24946861458961722,
  "27": 1.2728146892960726
}