{
  "model_path": "results/search_Llama_20/exp_002_taylor_seq_len32_taylor_num_samples64/pruned_model.bin",
  "timestamp": "2025-12-01T16:40:36.124629",
  "metrics": {
    "model_info": {
      "total_params": 6424211456,
      "trainable_params": 6424211456,
      "total_params_M": 6424.211456,
      "total_params_B": 6.424211456,
      "num_layers": 32,
      "module_params": {
        "embedding": 525336576,
        "lm_head": 525336576,
        "final_norm": 4096,
        "attention": 1179648000,
        "mlp": 4193624064,
        "input_layernorm": 131072,
        "post_attention_layernorm": 131072,
        "total_accounted": 6424211456,
        "unaccounted": 0,
        "match": true
      },
      "attention_params": 1179648000,
      "mlp_params": 4193624064,
      "attention_params_M": 1179.648,
      "mlp_params_M": 4193.624064,
      "attention_ratio": 0.18362533800132746,
      "mlp_ratio": 0.6527842510668441,
      "model_size_mb": 12253.211181640625,
      "model_size_gb": 11.966026544570923
    },
    "ppl_quick_128": {
      "wikitext2 (wikitext-2-raw-v1)": 27.225852966308594,
      "ptb": 45.495357513427734
    },
    "ppl_standard_2048_512": {
      "wikitext2 (wikitext-2-raw-v1)": 11.839380264282227,
      "ptb": 17.59884262084961
    },
    "ppl": {
      "wikitext2 (wikitext-2-raw-v1)": 11.839380264282227,
      "ptb": 17.59884262084961
    },
    "zeroshot": {
      "boolq": {
        "accuracy": 0.6342507645259939,
        "full_results": {
          "acc,none": 0.6342507645259939,
          "acc_stderr,none": 0.008423930068850893,
          "alias": "boolq"
        }
      },
      "piqa": {
        "accuracy": 0.7366702937976061,
        "full_results": {
          "acc,none": 0.7285092491838956,
          "acc_stderr,none": 0.010376251176596043,
          "acc_norm,none": 0.7366702937976061,
          "acc_norm_stderr,none": 0.010276185322196763,
          "alias": "piqa"
        }
      },
      "hellaswag": {
        "accuracy": 0.6096395140410277,
        "full_results": {
          "acc,none": 0.44373630750846443,
          "acc_stderr,none": 0.004958089432669621,
          "acc_norm,none": 0.6096395140410277,
          "acc_norm_stderr,none": 0.0048683410565662135,
          "alias": "hellaswag"
        }
      },
      "winogrande": {
        "accuracy": 0.6614048934490924,
        "full_results": {
          "acc,none": 0.6614048934490924,
          "acc_stderr,none": 0.013300169865842256,
          "alias": "winogrande"
        }
      },
      "arc_easy": {
        "accuracy": 0.577020202020202,
        "full_results": {
          "acc,none": 0.6161616161616161,
          "acc_stderr,none": 0.009979061846649267,
          "acc_norm,none": 0.577020202020202,
          "acc_norm_stderr,none": 0.010137328382209196,
          "alias": "arc_easy"
        }
      },
      "arc_challenge": {
        "accuracy": 0.3703071672354949,
        "full_results": {
          "acc,none": 0.34044368600682595,
          "acc_stderr,none": 0.013847460518892936,
          "acc_norm,none": 0.3703071672354949,
          "acc_norm_stderr,none": 0.014111298751675015,
          "alias": "arc_challenge"
        }
      },
      "openbookqa": {
        "accuracy": 0.342,
        "full_results": {
          "acc,none": 0.238,
          "acc_stderr,none": 0.019064072958198387,
          "acc_norm,none": 0.342,
          "acc_norm_stderr,none": 0.021236147199899316,
          "alias": "openbookqa"
        }
      }
    },
    "avg_zeroshot_acc": 0.5616132621527739
  }
}