{
  "model_path": "results/search_Llama-Instruct_20/exp_015_taylor_seq_len128_taylor_num_samples512/pruned_model.bin",
  "timestamp": "2025-12-01T20:50:03.107006",
  "metrics": {
    "model_info": {
      "total_params": 6424211456,
      "trainable_params": 6424211456,
      "total_params_M": 6424.211456,
      "total_params_B": 6.424211456,
      "num_layers": 32,
      "module_params": {
        "embedding": 525336576,
        "lm_head": 525336576,
        "final_norm": 4096,
        "attention": 1195376640,
        "mlp": 4177895424,
        "input_layernorm": 131072,
        "post_attention_layernorm": 131072,
        "total_accounted": 6424211456,
        "unaccounted": 0,
        "match": true
      },
      "attention_params": 1195376640,
      "mlp_params": 4177895424,
      "attention_params_M": 1195.37664,
      "mlp_params_M": 4177.895424,
      "attention_ratio": 0.18607367584134515,
      "mlp_ratio": 0.6503359132268264,
      "model_size_mb": 12253.211181640625,
      "model_size_gb": 11.966026544570923
    },
    "ppl_quick_128": {
      "wikitext2 (wikitext-2-raw-v1)": 43.57072448730469,
      "ptb": 79.67880249023438
    },
    "ppl_standard_2048_512": {
      "wikitext2 (wikitext-2-raw-v1)": 16.673419952392578,
      "ptb": 28.628536224365234
    },
    "ppl": {
      "wikitext2 (wikitext-2-raw-v1)": 16.673419952392578,
      "ptb": 28.628536224365234
    },
    "zeroshot": {
      "boolq": {
        "accuracy": 0.8262996941896025,
        "full_results": {
          "acc,none": 0.8262996941896025,
          "acc_stderr,none": 0.006626155556927284,
          "alias": "boolq"
        }
      },
      "piqa": {
        "accuracy": 0.7334058759521219,
        "full_results": {
          "acc,none": 0.7268770402611534,
          "acc_stderr,none": 0.01039573026445318,
          "acc_norm,none": 0.7334058759521219,
          "acc_norm_stderr,none": 0.010316749863541436,
          "alias": "piqa"
        }
      },
      "hellaswag": {
        "accuracy": 0.6488747261501693,
        "full_results": {
          "acc,none": 0.46942840071698866,
          "acc_stderr,none": 0.004980445551991594,
          "acc_norm,none": 0.6488747261501693,
          "acc_norm_stderr,none": 0.00476346513903847,
          "alias": "hellaswag"
        }
      },
      "winogrande": {
        "accuracy": 0.6732438831886346,
        "full_results": {
          "acc,none": 0.6732438831886346,
          "acc_stderr,none": 0.01318199730213137,
          "alias": "winogrande"
        }
      },
      "arc_easy": {
        "accuracy": 0.6683501683501684,
        "full_results": {
          "acc,none": 0.7239057239057239,
          "acc_stderr,none": 0.00917355987383544,
          "acc_norm,none": 0.6683501683501684,
          "acc_norm_stderr,none": 0.00966073378092379,
          "alias": "arc_easy"
        }
      },
      "arc_challenge": {
        "accuracy": 0.4283276450511945,
        "full_results": {
          "acc,none": 0.4206484641638225,
          "acc_stderr,none": 0.014426211252508337,
          "acc_norm,none": 0.4283276450511945,
          "acc_norm_stderr,none": 0.01446049636759908,
          "alias": "arc_challenge"
        }
      },
      "openbookqa": {
        "accuracy": 0.356,
        "full_results": {
          "acc,none": 0.254,
          "acc_stderr,none": 0.01948659680164342,
          "acc_norm,none": 0.356,
          "acc_norm_stderr,none": 0.021434712356072687,
          "alias": "openbookqa"
        }
      }
    },
    "avg_zeroshot_acc": 0.6192145704116987
  }
}