{
  "model_path": "results/search_Mistral_layerwise_20/exp_018_taylor_seq_len256_taylor_num_samples128/pruned_model.bin",
  "timestamp": "2025-12-02T17:41:04.130456",
  "metrics": {
    "model_info": {
      "total_params": 5798420480,
      "trainable_params": 5798420480,
      "total_params_M": 5798.42048,
      "total_params_B": 5.79842048,
      "num_layers": 32,
      "module_params": {
        "embedding": 134217728,
        "lm_head": 134217728,
        "final_norm": 4096,
        "attention": 1342177280,
        "mlp": 4187541504,
        "input_layernorm": 131072,
        "post_attention_layernorm": 131072,
        "total_accounted": 5798420480,
        "unaccounted": 0,
        "match": true
      },
      "attention_params": 1342177280,
      "mlp_params": 4187541504,
      "attention_params_M": 1342.17728,
      "mlp_params_M": 4187.541504,
      "attention_ratio": 0.23147291311995366,
      "mlp_ratio": 0.7221865883034408,
      "model_size_mb": 11059.609619140625,
      "model_size_gb": 10.800400018692017
    },
    "ppl_quick_128": {
      "wikitext2 (wikitext-2-raw-v1)": 59.15739822387695,
      "ptb": 209.03189086914062
    },
    "ppl_standard_2048_512": {
      "wikitext2 (wikitext-2-raw-v1)": 35.80113220214844,
      "ptb": 169.95445251464844
    },
    "ppl": {
      "wikitext2 (wikitext-2-raw-v1)": 35.80113220214844,
      "ptb": 169.95445251464844
    },
    "zeroshot": {
      "boolq": {
        "accuracy": 0.5779816513761468,
        "full_results": {
          "acc,none": 0.5779816513761468,
          "acc_stderr,none": 0.008638040428462886,
          "alias": "boolq"
        }
      },
      "piqa": {
        "accuracy": 0.6115342763873776,
        "full_results": {
          "acc,none": 0.6131664853101197,
          "acc_stderr,none": 0.011363095931902692,
          "acc_norm,none": 0.6115342763873776,
          "acc_norm_stderr,none": 0.011371877593210428,
          "alias": "piqa"
        }
      },
      "hellaswag": {
        "accuracy": 0.37114120693089026,
        "full_results": {
          "acc,none": 0.317167894841665,
          "acc_stderr,none": 0.004644223294727642,
          "acc_norm,none": 0.37114120693089026,
          "acc_norm_stderr,none": 0.004821228034624959,
          "alias": "hellaswag"
        }
      },
      "winogrande": {
        "accuracy": 0.5193370165745856,
        "full_results": {
          "acc,none": 0.5193370165745856,
          "acc_stderr,none": 0.014041972733713017,
          "alias": "winogrande"
        }
      },
      "arc_easy": {
        "accuracy": 0.3897306397306397,
        "full_results": {
          "acc,none": 0.43686868686868685,
          "acc_stderr,none": 0.0101776729281577,
          "acc_norm,none": 0.3897306397306397,
          "acc_norm_stderr,none": 0.010007169391797084,
          "alias": "arc_easy"
        }
      },
      "arc_challenge": {
        "accuracy": 0.24061433447098976,
        "full_results": {
          "acc,none": 0.2030716723549488,
          "acc_stderr,none": 0.011755899303705644,
          "acc_norm,none": 0.24061433447098976,
          "acc_norm_stderr,none": 0.012491468532390682,
          "alias": "arc_challenge"
        }
      },
      "openbookqa": {
        "accuracy": 0.296,
        "full_results": {
          "acc,none": 0.164,
          "acc_stderr,none": 0.016575811142446696,
          "acc_norm,none": 0.296,
          "acc_norm_stderr,none": 0.020435342091896222,
          "alias": "openbookqa"
        }
      }
    },
    "avg_zeroshot_acc": 0.42947701792437565
  }
}