{
  "0": 6.800283904582949,
  "1": 4.167939947097211,
  "2": 0.10667356003028683,
  "3": 0.07984877885651898,
  "4": 0.05961936895455766,
  "5": 0.06132034694963462,
  "6": 0.04936308242878651,
  "7": 0.046014143192380175,
  "8": 0.035159333445549557,
  "9": 0.03366325314668073,
  "10": 0.033731748345336765,
  "11": 0.030859569266069364,
  "12": 0.028485936896507358,
  "13": 0.030882898635923528,
  "14": 0.03693117755196962,
  "15": 0.04126146119633001,
  "16": 0.05358467630683528,
  "17": 0.06396257727677002,
  "18": 0.07480501617422064,
  "19": 0.08344373401365868,
  "20": 0.07685180005151038,
  "21": 0.06663155241753449,
  "22": 0.05423670738403441,
  "23": 0.06000473942563689,
  "24": 0.05809112422547136,
  "25": 0.057303384613425656,
  "26": 0.053530062785327015,
  "27": 0.05478821796958755,
  "28": 0.08054111814546694,
  "29": 0.12577320440823314,
  "30": 0.12338151298797762,
  "31": 0.28082124962118415
}