{
  "extreme_pruning_layers": [],
  "num_extreme_layers": 0,
  "gradient_statistics": {
    "mean_range": [
      0.026838848574293986,
      0.497183450187246
    ],
    "mean_ratio": 18.524768190352514,
    "norm_range": [
      150.23287179734973,
      1926.643995496962
    ],
    "norm_ratio": 12.824383721390513
  },
  "diagnosis": []
}