{
  "0": 8.2404879722503,
  "1": 0.12328530399524729,
  "2": 0.1647352745775481,
  "3": 0.5906619087769935,
  "4": 0.5785009878284058,
  "5": 0.05899233831228745,
  "6": 0.0989620471902306,
  "7": 0.07127173987309376,
  "8": 0.0689575185925615,
  "9": 0.2571889796707425,
  "10": 0.0586967793920663,
  "11": 0.04566688904838845,
  "12": 0.03660137100430516,
  "13": 0.03213376295708592,
  "14": 0.03814325800338869,
  "15": 0.03235158115815784,
  "16": 0.022673746070143608,
  "17": 0.015409239049485546,
  "18": 0.030410481824958868,
  "19": 0.10820463510235623,
  "20": 0.07383259757774274,
  "21": 0.08040925390546194,
  "22": 0.11268772714147479,
  "23": 0.1382316684624092,
  "24": 0.12242451707968094,
  "25": 0.16316670260678867,
  "26": 0.26240960556574366,
  "27": 1.2964588719273946
}