{
  "model_path": "results/all_model_blockwise_128_128_8_finetuned/Qwen/blockwise/pruned_model.bin",
  "timestamp": "2025-12-11T20:58:45.406677",
  "metrics": {
    "model_info": {
      "total_params": 6092498944,
      "trainable_params": 0,
      "total_params_M": 6092.498944,
      "total_params_B": 6.092498944,
      "num_layers": 28,
      "module_params": {
        "embedding": 544997376,
        "lm_head": 544997376,
        "final_norm": 3584,
        "attention": 822212608,
        "mlp": 4180087296,
        "input_layernorm": 100352,
        "post_attention_layernorm": 100352,
        "total_accounted": 6092498944,
        "unaccounted": 0,
        "match": true
      },
      "attention_params": 822212608,
      "mlp_params": 4180087296,
      "attention_params_M": 822.212608,
      "mlp_params_M": 4180.087296,
      "attention_ratio": 0.1349549036540629,
      "mlp_ratio": 0.6861039016045499,
      "model_size_mb": 11620.519653320312,
      "model_size_gb": 11.348163723945618
    },
    "ppl_quick_128": {
      "wikitext2 (wikitext-2-raw-v1)": 29.87119483947754,
      "ptb": 46.60882568359375
    },
    "ppl_standard_2048_512": {
      "wikitext2 (wikitext-2-raw-v1)": 11.782574653625488,
      "ptb": 17.17439079284668
    },
    "ppl": {
      "wikitext2 (wikitext-2-raw-v1)": 11.782574653625488,
      "ptb": 17.17439079284668
    },
    "zeroshot": {
      "boolq": {
        "accuracy": 0.7636085626911315,
        "full_results": {
          "acc,none": 0.7636085626911315,
          "acc_stderr,none": 0.007430940864240685,
          "alias": "boolq"
        }
      },
      "piqa": {
        "accuracy": 0.7459194776931447,
        "full_results": {
          "acc,none": 0.7399347116430903,
          "acc_stderr,none": 0.010234893249061136,
          "acc_norm,none": 0.7459194776931447,
          "acc_norm_stderr,none": 0.010157271999135166,
          "alias": "piqa"
        }
      },
      "hellaswag": {
        "accuracy": 0.686516630153356,
        "full_results": {
          "acc,none": 0.504282015534754,
          "acc_stderr,none": 0.004989598426249308,
          "acc_norm,none": 0.686516630153356,
          "acc_norm_stderr,none": 0.0046296088632727245,
          "alias": "hellaswag"
        }
      },
      "winogrande": {
        "accuracy": 0.67008681925809,
        "full_results": {
          "acc,none": 0.67008681925809,
          "acc_stderr,none": 0.01321443254251756,
          "alias": "winogrande"
        }
      },
      "arc_easy": {
        "accuracy": 0.7175925925925926,
        "full_results": {
          "acc,none": 0.7218013468013468,
          "acc_stderr,none": 0.00919505960158374,
          "acc_norm,none": 0.7175925925925926,
          "acc_norm_stderr,none": 0.009237303403479292,
          "alias": "arc_easy"
        }
      },
      "arc_challenge": {
        "accuracy": 0.45307167235494883,
        "full_results": {
          "acc,none": 0.43430034129692835,
          "acc_stderr,none": 0.014484703048857371,
          "acc_norm,none": 0.45307167235494883,
          "acc_norm_stderr,none": 0.014546892052005678,
          "alias": "arc_challenge"
        }
      },
      "openbookqa": {
        "accuracy": 0.368,
        "full_results": {
          "acc,none": 0.256,
          "acc_stderr,none": 0.019536923574747664,
          "acc_norm,none": 0.368,
          "acc_norm_stderr,none": 0.021588982568353548,
          "alias": "openbookqa"
        }
      }
    },
    "avg_zeroshot_acc": 0.6292565363918948
  }
}