{
  "0": 5.26817279310945,
  "1": 4.909104036577369,
  "2": 0.11336055097744158,
  "3": 0.09728304779941555,
  "4": 0.07413549271240116,
  "5": 0.06643160479251309,
  "6": 0.04925281743249821,
  "7": 0.03630308010796801,
  "8": 0.031387914594006805,
  "9": 0.02389353424190599,
  "10": 0.022248217031507256,
  "11": 0.020659127883501327,
  "12": 0.018655638800157526,
  "13": 0.0248519783856187,
  "14": 0.0303882868942984,
  "15": 0.027168169404752973,
  "16": 0.045452002626531485,
  "17": 0.05795061613034669,
  "18": 0.06896301782645065,
  "19": 0.09542547810687596,
  "20": 0.07026601064800575,
  "21": 0.06355682428480858,
  "22": 0.05220903254411269,
  "23": 0.05526398328477633,
  "24": 0.047641466877692995,
  "25": 0.04766763897223969,
  "26": 0.054869241134516855,
  "27": 0.04892516910614919,
  "28": 0.13052631787057756,
  "29": 0.1773361060074623,
  "30": 0.13458836080099523,
  "31": 0.41425400724165273
}