{
  "0": 12192.5859375,
  "1": 8486.7734375,
  "2": 5268.41015625,
  "3": 4592.466796875,
  "4": 4864.083984375,
  "5": 5291.2890625,
  "6": 4936.40625,
  "7": 4763.056640625,
  "8": 4365.857421875,
  "9": 3767.208984375,
  "10": 3649.640625,
  "11": 3204.5078125,
  "12": 2974.9443359375,
  "13": 2903.7138671875,
  "14": 3046.7744140625,
  "15": 3046.6337890625,
  "16": 3088.7451171875,
  "17": 3062.3779296875,
  "18": 3004.259765625,
  "19": 2984.927734375,
  "20": 2366.4462890625,
  "21": 2018.4873046875,
  "22": 1624.66552734375,
  "23": 1534.45654296875,
  "24": 1385.85546875,
  "25": 1400.80517578125,
  "26": 1308.99267578125,
  "27": 1308.69091796875,
  "28": 1600.92822265625,
  "29": 1950.48828125,
  "30": 1781.56591796875,
  "31": 6197.4296875
}