{
  "attention": {
    "0": 5.32418017562606,
    "1": 2.5557870320447784,
    "2": 2.835405912299169,
    "3": 2.1252692721960114,
    "4": 1.8287384666482915,
    "5": 1.6861547441307327,
    "6": 1.5391325725345157,
    "7": 1.5356072503437832,
    "8": 1.5411211005033159,
    "9": 1.436141907073694,
    "10": 1.4546155610422447,
    "11": 1.402047641634002,
    "12": 1.3765779023408258,
    "13": 1.3868414667334767,
    "14": 1.3425180980852578,
    "15": 1.1173899261344444,
    "16": 0.9393331222333932,
    "17": 0.7776041562788754,
    "18": 0.6616046854204392,
    "19": 0.5453947685522045,
    "20": 0.5091591600983785,
    "21": 0.4595982127302274,
    "22": 0.44312413783836835,
    "23": 0.3954366054434786,
    "24": 0.38368768141338494,
    "25": 0.37161791731366334,
    "26": 0.3092030327464026,
    "27": 0.30515242561580624,
    "28": 0.2509301897734795,
    "29": 0.2897761825501446,
    "30": 0.21557324139151968,
    "31": 0.18461856378970776
  },
  "mlp": {
    "0": 4.791334035202587,
    "1": 3.945437768625775,
    "2": 1.5933633513963756,
    "3": 1.2243370277675116,
    "4": 1.0634755681505976,
    "5": 0.9435167256302717,
    "6": 0.8611509124125081,
    "7": 0.8162667450942389,
    "8": 0.8168665799568955,
    "9": 0.8497673357565572,
    "10": 0.861453255956254,
    "11": 0.797699244942252,
    "12": 0.8172042857943556,
    "13": 0.7495587597994664,
    "14": 0.7642100051319192,
    "15": 0.6959094563181316,
    "16": 0.6315183020013522,
    "17": 0.6055640992842943,
    "18": 0.47494759522085106,
    "19": 0.4666945439936918,
    "20": 0.4368759941241245,
    "21": 0.4399287056109409,
    "22": 0.4524728901430062,
    "23": 0.4145309217958624,
    "24": 0.43664911099932,
    "25": 0.4002998939023552,
    "26": 0.39015515958230296,
    "27": 0.39383177744747755,
    "28": 0.3497550281014026,
    "29": 0.3680790215339558,
    "30": 0.6103472409285895,
    "31": 1.361255563776011
  }
}