{
  "model_path": "results/all_model_blockwise_128_128_8_finetuned/Llama-Instruct/wanda/pruned_model.bin",
  "timestamp": "2025-12-12T05:01:43.731240",
  "metrics": {
    "model_info": {
      "total_params": 6424219648,
      "trainable_params": 0,
      "total_params_M": 6424.219648,
      "total_params_B": 6.424219648,
      "num_layers": 32,
      "module_params": {
        "embedding": 525336576,
        "lm_head": 525336576,
        "final_norm": 4096,
        "attention": 1342177280,
        "mlp": 4031102976,
        "input_layernorm": 131072,
        "post_attention_layernorm": 131072,
        "total_accounted": 6424219648,
        "unaccounted": 0,
        "match": true
      },
      "attention_params": 1342177280,
      "mlp_params": 4031102976,
      "attention_params_M": 1342.17728,
      "mlp_params_M": 4031.102976,
      "attention_ratio": 0.20892456259926434,
      "mlp_ratio": 0.6274852350752003,
      "model_size_mb": 12253.226684570312,
      "model_size_gb": 11.966041684150696
    },
    "ppl_quick_128": {
      "wikitext2 (wikitext-2-raw-v1)": 28183.806640625,
      "ptb": 22060.837890625
    },
    "ppl_standard_2048_512": {
      "wikitext2 (wikitext-2-raw-v1)": 63333.4296875,
      "ptb": 54419.82421875
    },
    "ppl": {
      "wikitext2 (wikitext-2-raw-v1)": 63333.4296875,
      "ptb": 54419.82421875
    },
    "zeroshot": {
      "boolq": {
        "accuracy": 0.382262996941896,
        "full_results": {
          "acc,none": 0.382262996941896,
          "acc_stderr,none": 0.008499149690449011,
          "alias": "boolq"
        }
      },
      "piqa": {
        "accuracy": 0.5136017410228509,
        "full_results": {
          "acc,none": 0.529379760609358,
          "acc_stderr,none": 0.01164566756505079,
          "acc_norm,none": 0.5136017410228509,
          "acc_norm_stderr,none": 0.011661506839823792,
          "alias": "piqa"
        }
      },
      "hellaswag": {
        "accuracy": 0.2647878908583947,
        "full_results": {
          "acc,none": 0.2606054570802629,
          "acc_stderr,none": 0.004380678585341082,
          "acc_norm,none": 0.2647878908583947,
          "acc_norm_stderr,none": 0.0044031846913420375,
          "alias": "hellaswag"
        }
      },
      "winogrande": {
        "accuracy": 0.47671665351223363,
        "full_results": {
          "acc,none": 0.47671665351223363,
          "acc_stderr,none": 0.0140372413095736,
          "alias": "winogrande"
        }
      },
      "arc_easy": {
        "accuracy": 0.2542087542087542,
        "full_results": {
          "acc,none": 0.25673400673400676,
          "acc_stderr,none": 0.008963590834042483,
          "acc_norm,none": 0.2542087542087542,
          "acc_norm_stderr,none": 0.008934537681141764,
          "alias": "arc_easy"
        }
      },
      "arc_challenge": {
        "accuracy": 0.2551194539249147,
        "full_results": {
          "acc,none": 0.2090443686006826,
          "acc_stderr,none": 0.011882746987406408,
          "acc_norm,none": 0.2551194539249147,
          "acc_norm_stderr,none": 0.012739038695202038,
          "alias": "arc_challenge"
        }
      },
      "openbookqa": {
        "accuracy": 0.27,
        "full_results": {
          "acc,none": 0.156,
          "acc_stderr,none": 0.016243636028391108,
          "acc_norm,none": 0.27,
          "acc_norm_stderr,none": 0.019874354831287473,
          "alias": "openbookqa"
        }
      }
    },
    "avg_zeroshot_acc": 0.34524249863843487
  }
}