{
  "attention": {
    "0": 6.386183556388406,
    "1": 2.361054004407396,
    "2": 0.21943457921346043,
    "3": 0.3302867552813358,
    "4": 0.13206433782390503,
    "5": 0.07868646172916183,
    "6": 0.0576329231262207,
    "7": 0.05447593389772898,
    "8": 0.04779843255585314,
    "9": 0.04679152544806975,
    "10": 0.02016781825645264,
    "11": 0.006769227046592441,
    "12": 0.0222056099012784,
    "13": 0.020295951880660468,
    "14": 0.006104380476708471,
    "15": 0.02266078369290181,
    "16": 0.019876424004049653,
    "17": 0.038628947501088806,
    "18": 0.026770325268016038,
    "19": 0.026775855644076252,
    "20": 0.022912118949141913,
    "21": 0.006006993499456659,
    "22": 0.03188030392515895,
    "23": 0.030406844382192322,
    "24": 0.012420902065202188,
    "25": 0.013232965095370197,
    "26": 0.030198391746071973,
    "27": 0.8454541645798028
  },
  "mlp": {
    "0": 1.3907215922486542,
    "1": 7.043944485047284,
    "2": 3.4202767306683106,
    "3": 2.4894975166694793,
    "4": 3.804867730421178,
    "5": 1.5094690743614643,
    "6": 0.6453553835550943,
    "7": 0.31926435115290586,
    "8": 0.19927951401355193,
    "9": 0.6326956141228766,
    "10": 0.18688387496798642,
    "11": 0.461419797411152,
    "12": 0.3828623855815212,
    "13": 0.1235559267156261,
    "14": 0.055977952246572205,
    "15": 0.06391986211140921,
    "16": 0.029938333174761578,
    "17": 0.037590400845396665,
    "18": 0.020396854363235573,
    "19": 0.03739517342810528,
    "20": 0.033298604628619,
    "21": 0.04870623233271543,
    "22": 0.12257956056033859,
    "23": 0.11096966500375771,
    "24": 0.13927726184620548,
    "25": 0.25967000045028366,
    "26": 0.5065654679840681,
    "27": 1.2577171886668483
  }
}