{
  "attention": {
    "0": 5.017270779307886,
    "1": 2.3401474444288124,
    "2": 2.602999476943841,
    "3": 1.9406927959441522,
    "4": 1.6889233293954296,
    "5": 1.5655583087131215,
    "6": 1.38250718821724,
    "7": 1.3894200077771912,
    "8": 1.4452904543680094,
    "9": 1.3412016406147482,
    "10": 1.3787499470046805,
    "11": 1.353675371832137,
    "12": 1.2785225306885155,
    "13": 1.3860317491084406,
    "14": 1.298645292965865,
    "15": 1.0577350438937319,
    "16": 0.9291866463680081,
    "17": 0.7821551262268347,
    "18": 0.7043884670297191,
    "19": 0.5932130436354046,
    "20": 0.5635018914754188,
    "21": 0.5721834593877819,
    "22": 0.5544976279628004,
    "23": 0.4750565572513925,
    "24": 0.4544596965728509,
    "25": 0.41087195719267333,
    "26": 0.38666729070427586,
    "27": 0.39067981944228114,
    "28": 0.3242828841334773,
    "29": 0.3655369632702996,
    "30": 0.32133587851457834,
    "31": 0.1763731372197781
  },
  "mlp": {
    "0": 4.640417285183737,
    "1": 4.0096108388761476,
    "2": 1.2331464471696303,
    "3": 0.9678913961173419,
    "4": 0.7954047202522285,
    "5": 0.7103543587606937,
    "6": 0.6404939119555046,
    "7": 0.5925671646092785,
    "8": 0.5915733320455359,
    "9": 0.6435356322761794,
    "10": 0.6451323829429252,
    "11": 0.6287615615336475,
    "12": 0.5878886070316467,
    "13": 0.5806091790538219,
    "14": 0.5491558458850743,
    "15": 0.5184830952603798,
    "16": 0.5012461495298877,
    "17": 0.4778441917737637,
    "18": 0.47844354129773947,
    "19": 0.45536102237967624,
    "20": 0.4423012751644597,
    "21": 0.4256324998669254,
    "22": 0.45770928218201457,
    "23": 0.4301450737727537,
    "24": 0.4393192855075987,
    "25": 0.36623939923054616,
    "26": 0.3390086518599982,
    "27": 0.372982607302593,
    "28": 0.3384131488766,
    "29": 0.33258565781527416,
    "30": 0.5293456743151213,
    "31": 1.1355303637356928
  }
}