{
  "attention": {
    "0": 7.819973753060362,
    "1": 1.869612351533338,
    "2": 0.4505708700982831,
    "3": 0.24509910016211345,
    "4": 0.14733184977648728,
    "5": 0.08129856623205312,
    "6": 0.07770057289283105,
    "7": 0.07054954795351387,
    "8": 0.03914900075793071,
    "9": 0.07026314829160052,
    "10": 0.027733796420581935,
    "11": 0.017990138891471386,
    "12": 0.036572980483247974,
    "13": 0.04686178951827413,
    "14": 0.040603706093470304,
    "15": 0.027436345468792922,
    "16": 0.0648536779251292,
    "17": 0.07219534353026447,
    "18": 0.09884345362718161,
    "19": 0.08657964845617139,
    "20": 0.035872087909126105,
    "21": 0.040575338107454506,
    "22": 0.04646486739536293,
    "23": 0.05708310802090111,
    "24": 0.017993969225815754,
    "25": 0.0104771717121932,
    "26": 0.02769044061320569,
    "27": 0.6831926108156594
  },
  "mlp": {
    "0": 1.3519361531370726,
    "1": 8.052190009247923,
    "2": 3.8298139052032565,
    "3": 3.121444348420464,
    "4": 2.746186822155955,
    "5": 1.6720439420626874,
    "6": 0.33643937099651167,
    "7": 0.11835004162885898,
    "8": 0.07062806776388131,
    "9": 0.25365085195317594,
    "10": 0.09242763433789403,
    "11": 0.10028892419892443,
    "12": 0.06638449121099033,
    "13": 0.0683578365664319,
    "14": 0.07224549704206984,
    "15": 0.05970246231604692,
    "16": 0.057083079596666586,
    "17": 0.044821031365839925,
    "18": 0.050678782622069374,
    "19": 0.06369341750983448,
    "20": 0.06766621213020763,
    "21": 0.07533264175155852,
    "22": 0.12248001221629501,
    "23": 0.11937295438059081,
    "24": 0.12446281395456493,
    "25": 0.18145575445378537,
    "26": 0.257289399475225,
    "27": 0.9511792419390992
  }
}