{
  "model_path": "results/search_Qwen_blockwise_20/exp_012_taylor_seq_len128_taylor_num_samples64/pruned_model.bin",
  "timestamp": "2025-12-02T23:32:52.251432",
  "metrics": {
    "model_info": {
      "total_params": 6092498944,
      "trainable_params": 6092498944,
      "total_params_M": 6092.498944,
      "total_params_B": 6.092498944,
      "num_layers": 28,
      "module_params": {
        "embedding": 544997376,
        "lm_head": 544997376,
        "final_norm": 3584,
        "attention": 822212608,
        "mlp": 4180087296,
        "input_layernorm": 100352,
        "post_attention_layernorm": 100352,
        "total_accounted": 6092498944,
        "unaccounted": 0,
        "match": true
      },
      "attention_params": 822212608,
      "mlp_params": 4180087296,
      "attention_params_M": 822.212608,
      "mlp_params_M": 4180.087296,
      "attention_ratio": 0.1349549036540629,
      "mlp_ratio": 0.6861039016045499,
      "model_size_mb": 11620.519775390625,
      "model_size_gb": 11.348163843154907
    },
    "ppl_quick_128": {
      "wikitext2 (wikitext-2-raw-v1)": 37.558555603027344,
      "ptb": 55.66701126098633
    },
    "ppl_standard_2048_512": {
      "wikitext2 (wikitext-2-raw-v1)": 14.613804817199707,
      "ptb": 20.184186935424805
    },
    "ppl": {
      "wikitext2 (wikitext-2-raw-v1)": 14.613804817199707,
      "ptb": 20.184186935424805
    },
    "zeroshot": {
      "boolq": {
        "accuracy": 0.8229357798165138,
        "full_results": {
          "acc,none": 0.8229357798165138,
          "acc_stderr,none": 0.006676378006349308,
          "alias": "boolq"
        }
      },
      "piqa": {
        "accuracy": 0.7181719260065288,
        "full_results": {
          "acc,none": 0.7159956474428727,
          "acc_stderr,none": 0.01052114754245417,
          "acc_norm,none": 0.7181719260065288,
          "acc_norm_stderr,none": 0.010496675231258095,
          "alias": "piqa"
        }
      },
      "hellaswag": {
        "accuracy": 0.6274646484763992,
        "full_results": {
          "acc,none": 0.4587731527584147,
          "acc_stderr,none": 0.004972790690639909,
          "acc_norm,none": 0.6274646484763992,
          "acc_norm_stderr,none": 0.004824917516374302,
          "alias": "hellaswag"
        }
      },
      "winogrande": {
        "accuracy": 0.6479873717442778,
        "full_results": {
          "acc,none": 0.6479873717442778,
          "acc_stderr,none": 0.013422874824929841,
          "alias": "winogrande"
        }
      },
      "arc_easy": {
        "accuracy": 0.6207912457912458,
        "full_results": {
          "acc,none": 0.6506734006734006,
          "acc_stderr,none": 0.009782853449399437,
          "acc_norm,none": 0.6207912457912458,
          "acc_norm_stderr,none": 0.009955891668865676,
          "alias": "arc_easy"
        }
      },
      "arc_challenge": {
        "accuracy": 0.378839590443686,
        "full_results": {
          "acc,none": 0.35580204778157,
          "acc_stderr,none": 0.01399057113791884,
          "acc_norm,none": 0.378839590443686,
          "acc_norm_stderr,none": 0.01417591549000027,
          "alias": "arc_challenge"
        }
      },
      "openbookqa": {
        "accuracy": 0.348,
        "full_results": {
          "acc,none": 0.238,
          "acc_stderr,none": 0.019064072958198387,
          "acc_norm,none": 0.348,
          "acc_norm_stderr,none": 0.021323728632807425,
          "alias": "openbookqa"
        }
      }
    },
    "avg_zeroshot_acc": 0.5948843660398074
  }
}