{
  "attention": {
    "0": 6.9644633351404135,
    "1": 5.387165066160048,
    "2": 6.385974326970629,
    "3": 5.532869206725735,
    "4": 5.976044088663537,
    "5": 5.917938480787601,
    "6": 5.653998645747242,
    "7": 5.6377008116180445,
    "8": 5.52820507560911,
    "9": 5.608662037851214,
    "10": 5.477492462978473,
    "11": 5.500240535398998,
    "12": 5.522165324905677,
    "13": 5.245867042207996,
    "14": 5.238792933533434,
    "15": 4.8913873122911085,
    "16": 4.5093959996428925,
    "17": 3.6618997814864085,
    "18": 3.566565487748258,
    "19": 3.1305450112516113,
    "20": 2.930933186669477,
    "21": 2.6280793839450536,
    "22": 2.5006691992182275,
    "23": 2.3368691155013237,
    "24": 2.309723418335206,
    "25": 2.2320162201383735,
    "26": 1.8982916022026584,
    "27": 1.5796382954973183,
    "28": 1.245374380055722,
    "29": 0.9469916512276337,
    "30": 0.5254014843560375,
    "31": 0.22430872257757706
  },
  "mlp": {
    "0": 4.704391511926593,
    "1": 8.037608608013914,
    "2": 5.345812713744468,
    "3": 5.682356006518418,
    "4": 5.9796222625385855,
    "5": 5.954571989470926,
    "6": 5.757942030158473,
    "7": 5.827089134689659,
    "8": 5.6042313622909745,
    "9": 5.445106248727731,
    "10": 5.072408794060268,
    "11": 4.90247742693397,
    "12": 4.893840759819362,
    "13": 4.770611071282607,
    "14": 4.3763647192798185,
    "15": 4.1950114076678044,
    "16": 4.068665564786688,
    "17": 3.6483279842608822,
    "18": 3.3179902089551896,
    "19": 3.1476626396849796,
    "20": 3.1758236474443637,
    "21": 3.203125548076612,
    "22": 3.1438352981428257,
    "23": 3.034079535848402,
    "24": 3.0018056320826694,
    "25": 2.866830289397391,
    "26": 2.5936753500609915,
    "27": 2.0901441961923637,
    "28": 1.5879803599547695,
    "29": 1.0985721598283091,
    "30": 0.5759898915023487,
    "31": 0.3247626664020231
  }
}