{
  "model_path": "results/search_Qwen-Instruct_blockwise_20/exp_012_taylor_seq_len128_taylor_num_samples64/pruned_model.bin",
  "timestamp": "2025-12-02T23:29:30.195227",
  "metrics": {
    "model_info": {
      "total_params": 6092498944,
      "trainable_params": 6092498944,
      "total_params_M": 6092.498944,
      "total_params_B": 6.092498944,
      "num_layers": 28,
      "module_params": {
        "embedding": 544997376,
        "lm_head": 544997376,
        "final_norm": 3584,
        "attention": 822212608,
        "mlp": 4180087296,
        "input_layernorm": 100352,
        "post_attention_layernorm": 100352,
        "total_accounted": 6092498944,
        "unaccounted": 0,
        "match": true
      },
      "attention_params": 822212608,
      "mlp_params": 4180087296,
      "attention_params_M": 822.212608,
      "mlp_params_M": 4180.087296,
      "attention_ratio": 0.1349549036540629,
      "mlp_ratio": 0.6861039016045499,
      "model_size_mb": 11620.519775390625,
      "model_size_gb": 11.348163843154907
    },
    "ppl_quick_128": {
      "wikitext2 (wikitext-2-raw-v1)": 71.7193374633789,
      "ptb": 108.58304595947266
    },
    "ppl_standard_2048_512": {
      "wikitext2 (wikitext-2-raw-v1)": 26.180400848388672,
      "ptb": 43.33653259277344
    },
    "ppl": {
      "wikitext2 (wikitext-2-raw-v1)": 26.180400848388672,
      "ptb": 43.33653259277344
    },
    "zeroshot": {
      "boolq": {
        "accuracy": 0.7290519877675841,
        "full_results": {
          "acc,none": 0.7290519877675841,
          "acc_stderr,none": 0.007773467255881116,
          "alias": "boolq"
        }
      },
      "piqa": {
        "accuracy": 0.690968443960827,
        "full_results": {
          "acc,none": 0.6882480957562568,
          "acc_stderr,none": 0.01080743142487354,
          "acc_norm,none": 0.690968443960827,
          "acc_norm_stderr,none": 0.010781419464406843,
          "alias": "piqa"
        }
      },
      "hellaswag": {
        "accuracy": 0.5950009958175663,
        "full_results": {
          "acc,none": 0.4442342162915754,
          "acc_stderr,none": 0.004958649623815168,
          "acc_norm,none": 0.5950009958175663,
          "acc_norm_stderr,none": 0.004898886080687903,
          "alias": "hellaswag"
        }
      },
      "winogrande": {
        "accuracy": 0.6164167324388319,
        "full_results": {
          "acc,none": 0.6164167324388319,
          "acc_stderr,none": 0.013666275889538936,
          "alias": "winogrande"
        }
      },
      "arc_easy": {
        "accuracy": 0.5782828282828283,
        "full_results": {
          "acc,none": 0.617003367003367,
          "acc_stderr,none": 0.009974920384536524,
          "acc_norm,none": 0.5782828282828283,
          "acc_norm_stderr,none": 0.010133255284012375,
          "alias": "arc_easy"
        }
      },
      "arc_challenge": {
        "accuracy": 0.36177474402730375,
        "full_results": {
          "acc,none": 0.3575085324232082,
          "acc_stderr,none": 0.014005494275916665,
          "acc_norm,none": 0.36177474402730375,
          "acc_norm_stderr,none": 0.014041957945037995,
          "alias": "arc_challenge"
        }
      },
      "openbookqa": {
        "accuracy": 0.336,
        "full_results": {
          "acc,none": 0.232,
          "acc_stderr,none": 0.01889619359195203,
          "acc_norm,none": 0.336,
          "acc_norm_stderr,none": 0.021144791425048808,
          "alias": "openbookqa"
        }
      }
    },
    "avg_zeroshot_acc": 0.5582136760421345
  }
}