{
  "model_path": "results/search_Llama_layerwise_20/exp_004_taylor_seq_len32_taylor_num_samples128/pruned_model.bin",
  "timestamp": "2025-11-30T23:40:09.743939",
  "metrics": {
    "model_info": {
      "total_params": 6424215552,
      "trainable_params": 6424215552,
      "total_params_M": 6424.215552,
      "total_params_B": 6.424215552,
      "num_layers": 32,
      "module_params": {
        "embedding": 525336576,
        "lm_head": 525336576,
        "final_norm": 4096,
        "attention": 1174405120,
        "mlp": 4198871040,
        "input_layernorm": 131072,
        "post_attention_layernorm": 131072,
        "total_accounted": 6424215552,
        "unaccounted": 0,
        "match": true
      },
      "attention_params": 1174405120,
      "mlp_params": 4198871040,
      "attention_params_M": 1174.40512,
      "mlp_params_M": 4198.87104,
      "attention_ratio": 0.18280910883109794,
      "mlp_ratio": 0.6536005845402866,
      "model_size_mb": 12253.218994140625,
      "model_size_gb": 11.966034173965454
    },
    "ppl_quick_128": {
      "wikitext2 (wikitext-2-raw-v1)": 29.466766357421875,
      "ptb": 48.83412551879883
    },
    "ppl_standard_2048_512": {
      "wikitext2 (wikitext-2-raw-v1)": 13.928252220153809,
      "ptb": 19.85670280456543
    },
    "ppl": {
      "wikitext2 (wikitext-2-raw-v1)": 13.928252220153809,
      "ptb": 19.85670280456543
    },
    "zeroshot": {
      "boolq": {
        "accuracy": 0.45198776758409787,
        "full_results": {
          "acc,none": 0.45198776758409787,
          "acc_stderr,none": 0.008704643851177729,
          "alias": "boolq"
        }
      },
      "piqa": {
        "accuracy": 0.7236126224156693,
        "full_results": {
          "acc,none": 0.7089227421109902,
          "acc_stderr,none": 0.010598612490942636,
          "acc_norm,none": 0.7236126224156693,
          "acc_norm_stderr,none": 0.010434162388275511,
          "alias": "piqa"
        }
      },
      "hellaswag": {
        "accuracy": 0.5165305715992831,
        "full_results": {
          "acc,none": 0.3881696873132842,
          "acc_stderr,none": 0.0048633756981540524,
          "acc_norm,none": 0.5165305715992831,
          "acc_norm_stderr,none": 0.004987053652540096,
          "alias": "hellaswag"
        }
      },
      "winogrande": {
        "accuracy": 0.6093133385951065,
        "full_results": {
          "acc,none": 0.6093133385951065,
          "acc_stderr,none": 0.013712536036556616,
          "alias": "winogrande"
        }
      },
      "arc_easy": {
        "accuracy": 0.5218855218855218,
        "full_results": {
          "acc,none": 0.5664983164983165,
          "acc_stderr,none": 0.010168640625454209,
          "acc_norm,none": 0.5218855218855218,
          "acc_norm_stderr,none": 0.010249950427234134,
          "alias": "arc_easy"
        }
      },
      "arc_challenge": {
        "accuracy": 0.3037542662116041,
        "full_results": {
          "acc,none": 0.26621160409556316,
          "acc_stderr,none": 0.012915774781523113,
          "acc_norm,none": 0.3037542662116041,
          "acc_norm_stderr,none": 0.013438909184778828,
          "alias": "arc_challenge"
        }
      },
      "openbookqa": {
        "accuracy": 0.34,
        "full_results": {
          "acc,none": 0.226,
          "acc_stderr,none": 0.01872295644913999,
          "acc_norm,none": 0.34,
          "acc_norm_stderr,none": 0.021206117013673084,
          "alias": "openbookqa"
        }
      }
    },
    "avg_zeroshot_acc": 0.4952977268987547
  }
}