{
  "extreme_pruning_layers": [
    {
      "layer_idx": 8,
      "pruning_rate": 0.5335518973214286,
      "importance": 2.8655737127576555,
      "gradient_mean": 0.04163679563336902,
      "gradient_norm": 219.47841453552246
    },
    {
      "layer_idx": 9,
      "pruning_rate": 0.5122767857142857,
      "importance": 2.7268464054380144,
      "gradient_mean": 0.036336567977236375,
      "gradient_norm": 207.08022541469998
    },
    {
      "layer_idx": 10,
      "pruning_rate": 0.56201171875,
      "importance": 2.505511564867837,
      "gradient_mean": 0.03439157652772135,
      "gradient_norm": 189.214201397366
    }
  ],
  "num_extreme_layers": 3,
  "gradient_statistics": {
    "mean_range": [
      0.020988179991642635,
      0.32648273438422215
    ],
    "mean_ratio": 15.555552361313383,
    "norm_range": [
      115.83029786745708,
      1300.3606792026096
    ],
    "norm_ratio": 11.226429553772457
  },
  "diagnosis": []
}