{
  "model_path": "results/search_Llama_blockwise_20/exp_016_taylor_seq_len256_taylor_num_samples4/pruned_model.bin",
  "timestamp": "2025-12-01T22:05:25.674826",
  "metrics": {
    "model_info": {
      "total_params": 6424211456,
      "trainable_params": 6424211456,
      "total_params_M": 6424.211456,
      "total_params_B": 6.424211456,
      "num_layers": 32,
      "module_params": {
        "embedding": 525336576,
        "lm_head": 525336576,
        "final_norm": 4096,
        "attention": 1305477120,
        "mlp": 4067794944,
        "input_layernorm": 131072,
        "post_attention_layernorm": 131072,
        "total_accounted": 6424211456,
        "unaccounted": 0,
        "match": true
      },
      "attention_params": 1305477120,
      "mlp_params": 4067794944,
      "attention_params_M": 1305.47712,
      "mlp_params_M": 4067.794944,
      "attention_ratio": 0.20321204072146906,
      "mlp_ratio": 0.6331975483467025,
      "model_size_mb": 12253.211181640625,
      "model_size_gb": 11.966026544570923
    },
    "ppl_quick_128": {
      "wikitext2 (wikitext-2-raw-v1)": 34.59878158569336,
      "ptb": 51.088218688964844
    },
    "ppl_standard_2048_512": {
      "wikitext2 (wikitext-2-raw-v1)": 13.764334678649902,
      "ptb": 18.17723274230957
    },
    "ppl": {
      "wikitext2 (wikitext-2-raw-v1)": 13.764334678649902,
      "ptb": 18.17723274230957
    },
    "zeroshot": {
      "boolq": {
        "accuracy": 0.727217125382263,
        "full_results": {
          "acc,none": 0.727217125382263,
          "acc_stderr,none": 0.007789922542556739,
          "alias": "boolq"
        }
      },
      "piqa": {
        "accuracy": 0.7388465723612623,
        "full_results": {
          "acc,none": 0.7241566920565833,
          "acc_stderr,none": 0.010427805502729186,
          "acc_norm,none": 0.7388465723612623,
          "acc_norm_stderr,none": 0.010248738649935658,
          "alias": "piqa"
        }
      },
      "hellaswag": {
        "accuracy": 0.6374228241386178,
        "full_results": {
          "acc,none": 0.4640509858593906,
          "acc_stderr,none": 0.004976867796583177,
          "acc_norm,none": 0.6374228241386178,
          "acc_norm_stderr,none": 0.004797616754372646,
          "alias": "hellaswag"
        }
      },
      "winogrande": {
        "accuracy": 0.6890292028413575,
        "full_results": {
          "acc,none": 0.6890292028413575,
          "acc_stderr,none": 0.013009534736285902,
          "alias": "winogrande"
        }
      },
      "arc_easy": {
        "accuracy": 0.6153198653198653,
        "full_results": {
          "acc,none": 0.6477272727272727,
          "acc_stderr,none": 0.009801753933112646,
          "acc_norm,none": 0.6153198653198653,
          "acc_norm_stderr,none": 0.009983171707008973,
          "alias": "arc_easy"
        }
      },
      "arc_challenge": {
        "accuracy": 0.37542662116040953,
        "full_results": {
          "acc,none": 0.3703071672354949,
          "acc_stderr,none": 0.014111298751675015,
          "acc_norm,none": 0.37542662116040953,
          "acc_norm_stderr,none": 0.014150631435111728,
          "alias": "arc_challenge"
        }
      },
      "openbookqa": {
        "accuracy": 0.392,
        "full_results": {
          "acc,none": 0.272,
          "acc_stderr,none": 0.019920483209566107,
          "acc_norm,none": 0.392,
          "acc_norm_stderr,none": 0.02185468495561119,
          "alias": "openbookqa"
        }
      }
    },
    "avg_zeroshot_acc": 0.5964660301719679
  }
}