{
  "model_path": "results/search_Mistral_blockwise_20/exp_001_taylor_seq_len32_taylor_num_samples4/pruned_model.bin",
  "timestamp": "2025-12-02T12:23:14.767131",
  "metrics": {
    "model_info": {
      "total_params": 5798428672,
      "trainable_params": 5798428672,
      "total_params_M": 5798.428672,
      "total_params_B": 5.798428672,
      "num_layers": 32,
      "module_params": {
        "embedding": 134217728,
        "lm_head": 134217728,
        "final_norm": 4096,
        "attention": 859832320,
        "mlp": 4669894656,
        "input_layernorm": 131072,
        "post_attention_layernorm": 131072,
        "total_accounted": 5798428672,
        "unaccounted": 0,
        "match": true
      },
      "attention_params": 859832320,
      "mlp_params": 4669894656,
      "attention_params_M": 859.83232,
      "mlp_params_M": 4669.894656,
      "attention_ratio": 0.14828712546763564,
      "mlp_ratio": 0.8053724414254552,
      "model_size_mb": 11059.625244140625,
      "model_size_gb": 10.800415277481079
    },
    "ppl_quick_128": {
      "wikitext2 (wikitext-2-raw-v1)": 75.52637481689453,
      "ptb": 190.25665283203125
    },
    "ppl_standard_2048_512": {
      "wikitext2 (wikitext-2-raw-v1)": 30.11289405822754,
      "ptb": 187.76441955566406
    },
    "ppl": {
      "wikitext2 (wikitext-2-raw-v1)": 30.11289405822754,
      "ptb": 187.76441955566406
    },
    "zeroshot": {
      "boolq": {
        "accuracy": 0.618960244648318,
        "full_results": {
          "acc,none": 0.618960244648318,
          "acc_stderr,none": 0.008493937524439233,
          "alias": "boolq"
        }
      },
      "piqa": {
        "accuracy": 0.7306855277475517,
        "full_results": {
          "acc,none": 0.7312295973884657,
          "acc_stderr,none": 0.01034339294008991,
          "acc_norm,none": 0.7306855277475517,
          "acc_norm_stderr,none": 0.010350004070588812,
          "alias": "piqa"
        }
      },
      "hellaswag": {
        "accuracy": 0.5751842262497511,
        "full_results": {
          "acc,none": 0.4206333399721171,
          "acc_stderr,none": 0.004926518439372231,
          "acc_norm,none": 0.5751842262497511,
          "acc_norm_stderr,none": 0.004933047726996733,
          "alias": "hellaswag"
        }
      },
      "winogrande": {
        "accuracy": 0.5177584846093133,
        "full_results": {
          "acc,none": 0.5177584846093133,
          "acc_stderr,none": 0.014043619596174988,
          "alias": "winogrande"
        }
      },
      "arc_easy": {
        "accuracy": 0.45075757575757575,
        "full_results": {
          "acc,none": 0.49957912457912457,
          "acc_stderr,none": 0.01025977988609441,
          "acc_norm,none": 0.45075757575757575,
          "acc_norm_stderr,none": 0.01020990610101116,
          "alias": "arc_easy"
        }
      },
      "arc_challenge": {
        "accuracy": 0.34215017064846415,
        "full_results": {
          "acc,none": 0.29266211604095566,
          "acc_stderr,none": 0.013295916103619498,
          "acc_norm,none": 0.34215017064846415,
          "acc_norm_stderr,none": 0.013864152159177238,
          "alias": "arc_challenge"
        }
      },
      "openbookqa": {
        "accuracy": 0.278,
        "full_results": {
          "acc,none": 0.164,
          "acc_stderr,none": 0.016575811142446696,
          "acc_norm,none": 0.278,
          "acc_norm_stderr,none": 0.020055833888070865,
          "alias": "openbookqa"
        }
      }
    },
    "avg_zeroshot_acc": 0.5019280328087106
  }
}