{
  "attention": {
    "0": 4.8231154858596685,
    "1": 1.7719989930550883,
    "2": 2.2114946654462435,
    "3": 1.4872526240161084,
    "4": 1.2606144458290163,
    "5": 1.1207600935237614,
    "6": 0.8725316975060413,
    "7": 0.9318056500802832,
    "8": 1.0780477993131625,
    "9": 1.07688461701701,
    "10": 0.9878849513887418,
    "11": 0.9725104936464564,
    "12": 0.8602970660202147,
    "13": 0.9088687615131765,
    "14": 0.8276629203886494,
    "15": 0.7487532829675145,
    "16": 0.6066091398554527,
    "17": 0.4971931055774843,
    "18": 0.330866779868058,
    "19": 0.33358178739472644,
    "20": 0.3564031049022529,
    "21": 0.35107378133638667,
    "22": 0.3683439821708858,
    "23": 0.3161546508158284,
    "24": 0.3470208757505646,
    "25": 0.3458503193742648,
    "26": 0.35392339774004133,
    "27": 0.3857402595009387,
    "28": 0.298803526585496,
    "29": 0.41813895646042676,
    "30": 0.3018356289450579,
    "31": 0.21556054701016647
  },
  "mlp": {
    "0": 5.145110334937028,
    "1": 4.506092388798871,
    "2": 1.1165820050427295,
    "3": 0.664018017100537,
    "4": 0.5845537279534532,
    "5": 0.44618874835217115,
    "6": 0.3192135874680644,
    "7": 0.39466431197219043,
    "8": 0.4042780624599911,
    "9": 0.5148431428774134,
    "10": 0.5059820667026549,
    "11": 0.41321634119889916,
    "12": 0.35438398864325604,
    "13": 0.3634831867818762,
    "14": 0.2974872983346777,
    "15": 0.4252410892426499,
    "16": 0.34186462717732136,
    "17": 0.32804286198353205,
    "18": 0.2474503648562698,
    "19": 0.34765746086601235,
    "20": 0.38742007796219946,
    "21": 0.38831803366893825,
    "22": 0.45186996647692146,
    "23": 0.4060230649362402,
    "24": 0.4666910753475402,
    "25": 0.42926974371662263,
    "26": 0.41777237756984453,
    "27": 0.4821581934380723,
    "28": 0.35738309161869575,
    "29": 0.42670205822141183,
    "30": 0.7786318955458991,
    "31": 1.305161327827634
  }
}