{
  "0": 4.558484139404898,
  "1": 4.2566678261193704,
  "2": 0.23676348108006318,
  "3": 0.056937705813430384,
  "4": 0.07969406458336525,
  "5": 0.08453513881352936,
  "6": 0.015742930840319413,
  "7": -0.020913829953651764,
  "8": 0.05180300314595376,
  "9": -0.003086664545254525,
  "10": -0.008163230625663154,
  "11": -0.009863645072996974,
  "12": 0.007188079864021368,
  "13": 0.09421253392076867,
  "14": -0.003552975617055587,
  "15": 0.03328489694069692,
  "16": 0.08823276129294566,
  "17": 0.10999247596019845,
  "18": 0.02143634961345997,
  "19": -0.004133476047065265,
  "20": -0.008014727765180751,
  "21": 0.0767337712715932,
  "22": 0.11203981196786472,
  "23": -0.013664938333466381,
  "24": 0.08986576523367829,
  "25": 0.022564570734819878,
  "26": -0.04928543999439139,
  "27": 0.21575262978320975,
  "28": 0.06490766532777803,
  "29": 0.3451137298674092,
  "30": 0.30901619580786965,
  "31": 1.4219987542610473
}