{
  "extreme_pruning_layers": [
    {
      "layer_idx": 30,
      "pruning_rate": 0.5072544642857143,
      "importance": 1.220545734677996,
      "gradient_mean": 0.021926245134737756,
      "gradient_norm": 113.04093011220296
    }
  ],
  "num_extreme_layers": 1,
  "gradient_statistics": {
    "mean_range": [
      0.009991477605783276,
      0.14577435298512378
    ],
    "mean_ratio": 14.58986921431517,
    "norm_range": [
      54.936618434058296,
      854.5707910325792
    ],
    "norm_ratio": 15.555576870039515
  },
  "diagnosis": []
}