{
  "model_path": "results/search_Qwen_20/exp_002_taylor_seq_len32_taylor_num_samples64/pruned_model.bin",
  "timestamp": "2025-12-02T00:19:32.994739",
  "metrics": {
    "model_info": {
      "total_params": 6092484096,
      "trainable_params": 6092484096,
      "total_params_M": 6092.484096,
      "total_params_B": 6.092484096,
      "num_layers": 28,
      "module_params": {
        "embedding": 544997376,
        "lm_head": 544997376,
        "final_norm": 3584,
        "attention": 704753664,
        "mlp": 4297531392,
        "input_layernorm": 100352,
        "post_attention_layernorm": 100352,
        "total_accounted": 6092484096,
        "unaccounted": 0,
        "match": true
      },
      "attention_params": 704753664,
      "mlp_params": 4297531392,
      "attention_params_M": 704.753664,
      "mlp_params_M": 4297.531392,
      "attention_ratio": 0.1156759136166976,
      "mlp_ratio": 0.7053824555441236,
      "model_size_mb": 11620.491455078125,
      "model_size_gb": 11.348136186599731
    },
    "ppl_quick_128": {
      "wikitext2 (wikitext-2-raw-v1)": 31.41314125061035,
      "ptb": 71.90499877929688
    },
    "ppl_standard_2048_512": {
      "wikitext2 (wikitext-2-raw-v1)": 15.551135063171387,
      "ptb": 27.49912452697754
    },
    "ppl": {
      "wikitext2 (wikitext-2-raw-v1)": 15.551135063171387,
      "ptb": 27.49912452697754
    },
    "zeroshot": {
      "boolq": {
        "accuracy": 0.6678899082568808,
        "full_results": {
          "acc,none": 0.6678899082568808,
          "acc_stderr,none": 0.008237321500082183,
          "alias": "boolq"
        }
      },
      "piqa": {
        "accuracy": 0.7519042437431991,
        "full_results": {
          "acc,none": 0.749183895538629,
          "acc_stderr,none": 0.010113869547069011,
          "acc_norm,none": 0.7519042437431991,
          "acc_norm_stderr,none": 0.010077118315574635,
          "alias": "piqa"
        }
      },
      "hellaswag": {
        "accuracy": 0.6784505078669588,
        "full_results": {
          "acc,none": 0.4872535351523601,
          "acc_stderr,none": 0.004988159744742404,
          "acc_norm,none": 0.6784505078669588,
          "acc_norm_stderr,none": 0.004661165425662166,
          "alias": "hellaswag"
        }
      },
      "winogrande": {
        "accuracy": 0.5927387529597474,
        "full_results": {
          "acc,none": 0.5927387529597474,
          "acc_stderr,none": 0.013808654122417864,
          "alias": "winogrande"
        }
      },
      "arc_easy": {
        "accuracy": 0.6582491582491582,
        "full_results": {
          "acc,none": 0.7007575757575758,
          "acc_stderr,none": 0.009396447162309833,
          "acc_norm,none": 0.6582491582491582,
          "acc_norm_stderr,none": 0.009732359564894466,
          "alias": "arc_easy"
        }
      },
      "arc_challenge": {
        "accuracy": 0.4069965870307167,
        "full_results": {
          "acc,none": 0.37542662116040953,
          "acc_stderr,none": 0.014150631435111728,
          "acc_norm,none": 0.4069965870307167,
          "acc_norm_stderr,none": 0.014356399418009202,
          "alias": "arc_challenge"
        }
      },
      "openbookqa": {
        "accuracy": 0.408,
        "full_results": {
          "acc,none": 0.288,
          "acc_stderr,none": 0.020271503835075255,
          "acc_norm,none": 0.408,
          "acc_norm_stderr,none": 0.022000910893877113,
          "alias": "openbookqa"
        }
      }
    },
    "avg_zeroshot_acc": 0.594889879729523
  }
}