{
  "0": 5.7434775486532725,
  "1": 3.721157835486864,
  "2": 0.16711219653033238,
  "3": 0.12325456791036205,
  "4": 0.1129817682303953,
  "5": 0.12732861553010677,
  "6": 0.07354758182099497,
  "7": 0.05224065931005173,
  "8": 0.07054397169120286,
  "9": 0.04027788362548934,
  "10": 0.03211273706131346,
  "11": 0.02841947130950473,
  "12": 0.02075230062230915,
  "13": 0.062453044665044644,
  "14": 0.07429208429276413,
  "15": 0.11707396751925758,
  "16": 0.14368290279333396,
  "17": 0.2027562176843558,
  "18": 0.20347834232336437,
  "19": 0.13093831869193684,
  "20": 0.1443572484000617,
  "21": 0.14658918156463274,
  "22": 0.17182685435614697,
  "23": 0.1055110474438159,
  "24": 0.11167064036741925,
  "25": 0.06082050804146322,
  "26": 0.09212547390936265,
  "27": 0.22223761488192206,
  "28": 0.15030026652480366,
  "29": 0.2759120951101526,
  "30": 0.3343074042678582,
  "31": 1.1604512216954355
}