{
  "attention": {
    "0": 5.066034882344474,
    "1": 2.7331165755740257,
    "2": 2.782594318577001,
    "3": 2.1517529590326605,
    "4": 1.9130401903082248,
    "5": 1.733072246017965,
    "6": 1.591879708722571,
    "7": 1.5669908341273517,
    "8": 1.6065037704304972,
    "9": 1.5029632943444264,
    "10": 1.4648129923636857,
    "11": 1.4528191188971205,
    "12": 1.3722590212393735,
    "13": 1.4251839780402413,
    "14": 1.3230390914242633,
    "15": 1.0539298053698247,
    "16": 0.9188305457336616,
    "17": 0.7748604151133964,
    "18": 0.6809867336429822,
    "19": 0.573204698975418,
    "20": 0.5521239340787565,
    "21": 0.5231898277033493,
    "22": 0.5052268331490675,
    "23": 0.4393681578555153,
    "24": 0.4214980124366323,
    "25": 0.37515530375986783,
    "26": 0.33626786645947915,
    "27": 0.30818733949105726,
    "28": 0.2710646913420036,
    "29": 0.2622925658442057,
    "30": 0.20555682533381425,
    "31": 0.15201090428146324
  },
  "mlp": {
    "0": 4.032876458706207,
    "1": 3.2341444404090494,
    "2": 1.5354831434762204,
    "3": 1.2269963385796467,
    "4": 1.0591655131489714,
    "5": 0.9441530362109152,
    "6": 0.8591931471932668,
    "7": 0.7769375924250066,
    "8": 0.7585085080183052,
    "9": 0.7658962359995516,
    "10": 0.746525679350285,
    "11": 0.7417124531029882,
    "12": 0.7098191774489422,
    "13": 0.6752419484278915,
    "14": 0.660056970748315,
    "15": 0.5859227485255514,
    "16": 0.5329843101281564,
    "17": 0.49632382267501374,
    "18": 0.4605799863253597,
    "19": 0.42300310412656916,
    "20": 0.4177080577534764,
    "21": 0.3934755740042255,
    "22": 0.3790066584607157,
    "23": 0.3586950617990059,
    "24": 0.36798185052223564,
    "25": 0.31466163294600813,
    "26": 0.3024883156455451,
    "27": 0.300674652590335,
    "28": 0.3184046971952257,
    "29": 0.3058168606947156,
    "30": 0.4794653878821524,
    "31": 1.214129620192506
  }
}