{
  "0": 6163.65234375,
  "1": 3632.31640625,
  "2": 3072.775390625,
  "3": 2917.240234375,
  "4": 3205.87890625,
  "5": 3193.53515625,
  "6": 2930.34375,
  "7": 2740.205078125,
  "8": 2399.455078125,
  "9": 2294.666015625,
  "10": 2061.505859375,
  "11": 2023.66796875,
  "12": 2218.99609375,
  "13": 1988.087890625,
  "14": 2133.962890625,
  "15": 2136.88671875,
  "16": 1932.20703125,
  "17": 1673.11328125,
  "18": 1340.29296875,
  "19": 1085.494140625,
  "20": 983.302734375,
  "21": 1012.5869140625,
  "22": 830.2177734375,
  "23": 750.6767578125,
  "24": 667.478515625,
  "25": 617.3134765625,
  "26": 615.4541015625,
  "27": 651.4404296875,
  "28": 726.7705078125,
  "29": 888.486328125,
  "30": 1481.56640625,
  "31": 6158.71484375
}