{
  "model_path": "results/all_model_blockwise_128_128_8/Llama/magnitude/pruned_model.bin",
  "timestamp": "2025-12-11T21:04:57.530306",
  "metrics": {
    "model_info": {
      "total_params": 6424219648,
      "trainable_params": 6424219648,
      "total_params_M": 6424.219648,
      "total_params_B": 6.424219648,
      "num_layers": 32,
      "module_params": {
        "embedding": 525336576,
        "lm_head": 525336576,
        "final_norm": 4096,
        "attention": 1294991360,
        "mlp": 4078288896,
        "input_layernorm": 131072,
        "post_attention_layernorm": 131072,
        "total_accounted": 6424219648,
        "unaccounted": 0,
        "match": true
      },
      "attention_params": 1294991360,
      "mlp_params": 4078288896,
      "attention_params_M": 1294.99136,
      "mlp_params_M": 4078.288896,
      "attention_ratio": 0.20157955844538397,
      "mlp_ratio": 0.6348302392290806,
      "model_size_mb": 12253.226806640625,
      "model_size_gb": 11.966041803359985
    },
    "ppl_quick_128": {
      "wikitext2 (wikitext-2-raw-v1)": 81303.6640625,
      "ptb": 67254.203125
    },
    "ppl_standard_2048_512": {
      "wikitext2 (wikitext-2-raw-v1)": 53010.35546875,
      "ptb": 44631.9140625
    },
    "ppl": {
      "wikitext2 (wikitext-2-raw-v1)": 53010.35546875,
      "ptb": 44631.9140625
    },
    "zeroshot": {
      "boolq": {
        "accuracy": 0.4767584097859327,
        "full_results": {
          "acc,none": 0.4767584097859327,
          "acc_stderr,none": 0.008735602208318358,
          "alias": "boolq"
        }
      },
      "piqa": {
        "accuracy": 0.5206746463547334,
        "full_results": {
          "acc,none": 0.5353645266594124,
          "acc_stderr,none": 0.011636607860111725,
          "acc_norm,none": 0.5206746463547334,
          "acc_norm_stderr,none": 0.011655846995729838,
          "alias": "piqa"
        }
      },
      "hellaswag": {
        "accuracy": 0.26199960167297354,
        "full_results": {
          "acc,none": 0.2582154949213304,
          "acc_stderr,none": 0.004367586801776807,
          "acc_norm,none": 0.26199960167297354,
          "acc_norm_stderr,none": 0.004388237557526529,
          "alias": "hellaswag"
        }
      },
      "winogrande": {
        "accuracy": 0.505130228887135,
        "full_results": {
          "acc,none": 0.505130228887135,
          "acc_stderr,none": 0.014051745961790525,
          "alias": "winogrande"
        }
      },
      "arc_easy": {
        "accuracy": 0.25042087542087543,
        "full_results": {
          "acc,none": 0.25547138047138046,
          "acc_stderr,none": 0.008949113551665389,
          "acc_norm,none": 0.25042087542087543,
          "acc_norm_stderr,none": 0.00889021367511414,
          "alias": "arc_easy"
        }
      },
      "arc_challenge": {
        "accuracy": 0.2764505119453925,
        "full_results": {
          "acc,none": 0.22525597269624573,
          "acc_stderr,none": 0.012207839995407479,
          "acc_norm,none": 0.2764505119453925,
          "acc_norm_stderr,none": 0.013069662474252427,
          "alias": "arc_challenge"
        }
      },
      "openbookqa": {
        "accuracy": 0.288,
        "full_results": {
          "acc,none": 0.156,
          "acc_stderr,none": 0.016243636028391108,
          "acc_norm,none": 0.288,
          "acc_norm_stderr,none": 0.020271503835075255,
          "alias": "openbookqa"
        }
      }
    },
    "avg_zeroshot_acc": 0.3684906105810061
  }
}