{
  "0": 7.095526636420907,
  "1": 3.9225315707070485,
  "2": 0.2385160269675315,
  "3": 0.18592678757456982,
  "4": 0.18238291121148453,
  "5": 0.15861692026064,
  "6": 0.09188520908355713,
  "7": 0.09219888866721826,
  "8": 0.08527755768268142,
  "9": 0.0902499260840477,
  "10": 0.06536557364773454,
  "11": 0.06964695283344824,
  "12": 0.07381496940340293,
  "13": 0.13526794229234973,
  "14": 0.08487439681957287,
  "15": 0.14915600504193982,
  "16": 0.21151794117766531,
  "17": 0.29379730007865223,
  "18": 0.35056966713496607,
  "19": 0.19529265490445225,
  "20": 0.22024338090574602,
  "21": 0.22125698776988223,
  "22": 0.25717640511401285,
  "23": 0.20285880039264637,
  "24": 0.19553224978508865,
  "25": 0.13229129469239842,
  "26": 0.1891318361480514,
  "27": 0.21436253058445898,
  "28": 0.1916290716691451,
  "29": 0.32533896155171593,
  "30": 0.50343303618493,
  "31": 1.3023697797354163
}