{
  "extreme_pruning_layers": [
    {
      "layer_idx": 29,
      "pruning_rate": 0.5380161830357143,
      "importance": 0.0886722207069397,
      "gradient_mean": 0.0015805456787347794,
      "gradient_norm": 12.990378969245487
    },
    {
      "layer_idx": 30,
      "pruning_rate": 0.7181919642857143,
      "importance": 0.09412533789873123,
      "gradient_mean": 0.0013569688631428613,
      "gradient_norm": 19.791708601845635
    },
    {
      "layer_idx": 31,
      "pruning_rate": 0.6656668526785714,
      "importance": 0.11817003360816411,
      "gradient_mean": 0.001760418423348003,
      "gradient_norm": 19.583004156748455
    }
  ],
  "num_extreme_layers": 3,
  "gradient_statistics": {
    "mean_range": [
      0.001310865498251385,
      0.0029910020530223846
    ],
    "mean_ratio": 2.2817000133440066,
    "norm_range": [
      10.609566893842485,
      62.585158030192055
    ],
    "norm_ratio": 5.898936182392605
  },
  "diagnosis": []
}