{
  "model_path": "results/search_Llama_blockwise_20/exp_006_taylor_seq_len32_taylor_num_samples512/pruned_model.bin",
  "timestamp": "2025-12-01T00:35:19.095149",
  "metrics": {
    "model_info": {
      "total_params": 6424215552,
      "trainable_params": 6424215552,
      "total_params_M": 6424.215552,
      "total_params_B": 6.424215552,
      "num_layers": 32,
      "module_params": {
        "embedding": 525336576,
        "lm_head": 525336576,
        "final_norm": 4096,
        "attention": 1158676480,
        "mlp": 4214599680,
        "input_layernorm": 131072,
        "post_attention_layernorm": 131072,
        "total_accounted": 6424215552,
        "unaccounted": 0,
        "match": true
      },
      "attention_params": 1158676480,
      "mlp_params": 4214599680,
      "attention_params_M": 1158.67648,
      "mlp_params_M": 4214.59968,
      "attention_ratio": 0.18036077255211003,
      "mlp_ratio": 0.6560489208192746,
      "model_size_mb": 12253.218994140625,
      "model_size_gb": 11.966034173965454
    },
    "ppl_quick_128": {
      "wikitext2 (wikitext-2-raw-v1)": 30.561538696289062,
      "ptb": 47.500282287597656
    },
    "ppl_standard_2048_512": {
      "wikitext2 (wikitext-2-raw-v1)": 12.60452651977539,
      "ptb": 17.500730514526367
    },
    "ppl": {
      "wikitext2 (wikitext-2-raw-v1)": 12.60452651977539,
      "ptb": 17.500730514526367
    },
    "zeroshot": {
      "boolq": {
        "accuracy": 0.42691131498470947,
        "full_results": {
          "acc,none": 0.42691131498470947,
          "acc_stderr,none": 0.008651119069643751,
          "alias": "boolq"
        }
      },
      "piqa": {
        "accuracy": 0.735582154515778,
        "full_results": {
          "acc,none": 0.7312295973884657,
          "acc_stderr,none": 0.01034339294008991,
          "acc_norm,none": 0.735582154515778,
          "acc_norm_stderr,none": 0.010289787244767095,
          "alias": "piqa"
        }
      },
      "hellaswag": {
        "accuracy": 0.64070902210715,
        "full_results": {
          "acc,none": 0.469627564230233,
          "acc_stderr,none": 0.004980566907790411,
          "acc_norm,none": 0.64070902210715,
          "acc_norm_stderr,none": 0.004788120727316469,
          "alias": "hellaswag"
        }
      },
      "winogrande": {
        "accuracy": 0.7269139700078927,
        "full_results": {
          "acc,none": 0.7269139700078927,
          "acc_stderr,none": 0.01252202010586945,
          "alias": "winogrande"
        }
      },
      "arc_easy": {
        "accuracy": 0.6077441077441077,
        "full_results": {
          "acc,none": 0.648989898989899,
          "acc_stderr,none": 0.009793703885101085,
          "acc_norm,none": 0.6077441077441077,
          "acc_norm_stderr,none": 0.010018744689649993,
          "alias": "arc_easy"
        }
      },
      "arc_challenge": {
        "accuracy": 0.4087030716723549,
        "full_results": {
          "acc,none": 0.38993174061433444,
          "acc_stderr,none": 0.014252959848892797,
          "acc_norm,none": 0.4087030716723549,
          "acc_norm_stderr,none": 0.014365750345427017,
          "alias": "arc_challenge"
        }
      },
      "openbookqa": {
        "accuracy": 0.366,
        "full_results": {
          "acc,none": 0.242,
          "acc_stderr,none": 0.019173085678337164,
          "acc_norm,none": 0.366,
          "acc_norm_stderr,none": 0.021564276850201684,
          "alias": "openbookqa"
        }
      }
    },
    "avg_zeroshot_acc": 0.5589376630045704
  }
}