{
  "0": 5.872208253129736,
  "1": 3.8225031397559426,
  "2": 0.1698248030303362,
  "3": 0.13812638258005094,
  "4": 0.1104485691367807,
  "5": 0.10995694940740419,
  "6": 0.038603788846498954,
  "7": 0.03612391824846117,
  "8": 0.052437878274298466,
  "9": 0.05034670086650106,
  "10": 0.033220089565623834,
  "11": 0.029037893902171596,
  "12": 0.03228547758870315,
  "13": 0.07739225641473535,
  "14": 0.04856619680082641,
  "15": 0.12651743207659027,
  "16": 0.15645151386013278,
  "17": 0.2728812827692404,
  "18": 0.28622112893438967,
  "19": 0.17170190563449594,
  "20": 0.21346862780583375,
  "21": 0.20252009336050447,
  "22": 0.2670112111351708,
  "23": 0.1477295445157334,
  "24": 0.17344042511729452,
  "25": 0.08878707576107647,
  "26": 0.1394600530723471,
  "27": 0.2803178403284643,
  "28": 0.21722754719969517,
  "29": 0.3364492273949957,
  "30": 0.40199402771986925,
  "31": 1.1348615760927077
}