{
  "model_path": "results/search_Llama_layerwise_20/exp_017_taylor_seq_len256_taylor_num_samples64/pruned_model.bin",
  "timestamp": "2025-12-02T16:48:06.605267",
  "metrics": {
    "model_info": {
      "total_params": 6424219648,
      "trainable_params": 6424219648,
      "total_params_M": 6424.219648,
      "total_params_B": 6.424219648,
      "num_layers": 32,
      "module_params": {
        "embedding": 525336576,
        "lm_head": 525336576,
        "final_norm": 4096,
        "attention": 1232076800,
        "mlp": 4141203456,
        "input_layernorm": 131072,
        "post_attention_layernorm": 131072,
        "total_accounted": 6424219648,
        "unaccounted": 0,
        "match": true
      },
      "attention_params": 1232076800,
      "mlp_params": 4141203456,
      "attention_params_M": 1232.0768,
      "mlp_params_M": 4141.203456,
      "attention_ratio": 0.19178621957354344,
      "mlp_ratio": 0.6446235781009211,
      "model_size_mb": 12253.226806640625,
      "model_size_gb": 11.966041803359985
    },
    "ppl_quick_128": {
      "wikitext2 (wikitext-2-raw-v1)": 31.346166610717773,
      "ptb": 48.51131057739258
    },
    "ppl_standard_2048_512": {
      "wikitext2 (wikitext-2-raw-v1)": 12.93399429321289,
      "ptb": 17.8957576751709
    },
    "ppl": {
      "wikitext2 (wikitext-2-raw-v1)": 12.93399429321289,
      "ptb": 17.8957576751709
    },
    "zeroshot": {
      "boolq": {
        "accuracy": 0.6357798165137615,
        "full_results": {
          "acc,none": 0.6357798165137615,
          "acc_stderr,none": 0.008416429936787161,
          "alias": "boolq"
        }
      },
      "piqa": {
        "accuracy": 0.7366702937976061,
        "full_results": {
          "acc,none": 0.7268770402611534,
          "acc_stderr,none": 0.01039573026445318,
          "acc_norm,none": 0.7366702937976061,
          "acc_norm_stderr,none": 0.010276185322196763,
          "alias": "piqa"
        }
      },
      "hellaswag": {
        "accuracy": 0.617307309300936,
        "full_results": {
          "acc,none": 0.4509061939852619,
          "acc_stderr,none": 0.004965670398127235,
          "acc_norm,none": 0.617307309300936,
          "acc_norm_stderr,none": 0.00485050894511578,
          "alias": "hellaswag"
        }
      },
      "winogrande": {
        "accuracy": 0.6669297553275454,
        "full_results": {
          "acc,none": 0.6669297553275454,
          "acc_stderr,none": 0.01324619402807062,
          "alias": "winogrande"
        }
      },
      "arc_easy": {
        "accuracy": 0.6153198653198653,
        "full_results": {
          "acc,none": 0.6582491582491582,
          "acc_stderr,none": 0.009732359564894466,
          "acc_norm,none": 0.6153198653198653,
          "acc_norm_stderr,none": 0.009983171707008973,
          "alias": "arc_easy"
        }
      },
      "arc_challenge": {
        "accuracy": 0.37372013651877134,
        "full_results": {
          "acc,none": 0.3378839590443686,
          "acc_stderr,none": 0.01382204792228354,
          "acc_norm,none": 0.37372013651877134,
          "acc_norm_stderr,none": 0.014137708601759029,
          "alias": "arc_challenge"
        }
      },
      "openbookqa": {
        "accuracy": 0.398,
        "full_results": {
          "acc,none": 0.262,
          "acc_stderr,none": 0.019684688820194637,
          "acc_norm,none": 0.398,
          "acc_norm_stderr,none": 0.021912377885779953,
          "alias": "openbookqa"
        }
      }
    },
    "avg_zeroshot_acc": 0.5776753109683551
  }
}