{
  "model_path": "results/Mistral-7B-v0.3/Taylor_2nd_20/pruned_model.bin",
  "timestamp": "2025-11-30T12:01:45.475755",
  "metrics": {
    "model_info": {
      "total_params": 5798420480,
      "trainable_params": 5798420480,
      "total_params_M": 5798.42048,
      "total_params_B": 5.79842048,
      "num_layers": 32,
      "module_params": {
        "embedding": 134217728,
        "lm_head": 134217728,
        "final_norm": 4096,
        "attention": 1342177280,
        "mlp": 4187541504,
        "input_layernorm": 131072,
        "post_attention_layernorm": 131072,
        "total_accounted": 5798420480,
        "unaccounted": 0,
        "match": true
      },
      "attention_params": 1342177280,
      "mlp_params": 4187541504,
      "attention_params_M": 1342.17728,
      "mlp_params_M": 4187.541504,
      "attention_ratio": 0.23147291311995366,
      "mlp_ratio": 0.7221865883034408,
      "model_size_mb": 11059.609619140625,
      "model_size_gb": 10.800400018692017
    },
    "ppl_quick_128": {
      "wikitext2 (wikitext-2-raw-v1)": 27.805110931396484,
      "ptb": 114.22586822509766
    },
    "ppl_standard_2048_512": {
      "wikitext2 (wikitext-2-raw-v1)": 15.309596061706543,
      "ptb": 107.92505645751953
    },
    "ppl": {
      "wikitext2 (wikitext-2-raw-v1)": 15.309596061706543,
      "ptb": 107.92505645751953
    },
    "zeroshot": {
      "boolq": {
        "accuracy": 0.6669724770642201,
        "full_results": {
          "acc,none": 0.6669724770642201,
          "acc_stderr,none": 0.008243023912688661,
          "alias": "boolq"
        }
      },
      "piqa": {
        "accuracy": 0.6692056583242655,
        "full_results": {
          "acc,none": 0.6741022850924918,
          "acc_stderr,none": 0.010935760218904009,
          "acc_norm,none": 0.6692056583242655,
          "acc_norm_stderr,none": 0.010977520584714677,
          "alias": "piqa"
        }
      },
      "hellaswag": {
        "accuracy": 0.5029874526986656,
        "full_results": {
          "acc,none": 0.38498307110137425,
          "acc_stderr,none": 0.004855968578999242,
          "acc_norm,none": 0.5029874526986656,
          "acc_norm_stderr,none": 0.004989692344313887,
          "alias": "hellaswag"
        }
      },
      "winogrande": {
        "accuracy": 0.574585635359116,
        "full_results": {
          "acc,none": 0.574585635359116,
          "acc_stderr,none": 0.013895257666646333,
          "alias": "winogrande"
        }
      },
      "arc_easy": {
        "accuracy": 0.5122053872053872,
        "full_results": {
          "acc,none": 0.5736531986531986,
          "acc_stderr,none": 0.010147858603835226,
          "acc_norm,none": 0.5122053872053872,
          "acc_norm_stderr,none": 0.010256726235129118,
          "alias": "arc_easy"
        }
      },
      "arc_challenge": {
        "accuracy": 0.28754266211604096,
        "full_results": {
          "acc,none": 0.24488054607508533,
          "acc_stderr,none": 0.012566273985131313,
          "acc_norm,none": 0.28754266211604096,
          "acc_norm_stderr,none": 0.013226719056266044,
          "alias": "arc_challenge"
        }
      },
      "openbookqa": {
        "accuracy": 0.3,
        "full_results": {
          "acc,none": 0.182,
          "acc_stderr,none": 0.017272773297730436,
          "acc_norm,none": 0.3,
          "acc_norm_stderr,none": 0.020514426225627987,
          "alias": "openbookqa"
        }
      }
    },
    "avg_zeroshot_acc": 0.5019284675382422,
    "efficiency": {
      "model_info": {
        "total_params": 5798420480,
        "trainable_params": 5798420480,
        "total_params_M": 5798.42048,
        "total_params_B": 5.79842048,
        "num_layers": 32,
        "module_params": {
          "embedding": 134217728,
          "lm_head": 134217728,
          "final_norm": 4096,
          "attention": 1342177280,
          "mlp": 4187541504,
          "input_layernorm": 131072,
          "post_attention_layernorm": 131072,
          "total_accounted": 5798420480,
          "unaccounted": 0,
          "match": true
        },
        "attention_params": 1342177280,
        "mlp_params": 4187541504,
        "attention_params_M": 1342.17728,
        "mlp_params_M": 4187.541504,
        "attention_ratio": 0.23147291311995366,
        "mlp_ratio": 0.7221865883034408,
        "model_size_mb": 11059.609619140625,
        "model_size_gb": 10.800400018692017
      },
      "speed": {
        "batch_size_1": {
          "throughput_tokens_per_sec": 30.50945145250815,
          "latency_ms_per_token": 32.77672827243805,
          "total_time_sec": 209.77106094360352,
          "total_tokens": 6400
        },
        "batch_size_4": {
          "throughput_tokens_per_sec": 114.88966442702637,
          "latency_ms_per_token": 8.704003140640756,
          "total_time_sec": 53.4773952960968,
          "total_tokens": 6144
        }
      },
      "memory": {
        "model_memory_mb": 35971.45458984375,
        "inference_peak_mb": 36089.27880859375
      }
    }
  }
}