{
  "extreme_pruning_layers": [
    {
      "layer_idx": 11,
      "pruning_rate": 0.5328543526785714,
      "importance": 0.00494343281856605,
      "gradient_mean": 0.00018584728240966797,
      "gradient_norm": 1.3603990342881944
    },
    {
      "layer_idx": 12,
      "pruning_rate": 0.5154157366071429,
      "importance": 0.004958024115434715,
      "gradient_mean": 0.00019115209579467773,
      "gradient_norm": 1.4268548753526475
    }
  ],
  "num_extreme_layers": 2,
  "gradient_statistics": {
    "mean_range": [
      0.0001249445809258355,
      0.0002260605494181315
    ],
    "mean_ratio": 1.809285099157732,
    "norm_range": [
      1.2855926089816623,
      4.926082187228733
    ],
    "norm_ratio": 3.8317598844532736
  },
  "diagnosis": []
}