{
  "extreme_pruning_layers": [
    {
      "layer_idx": 0,
      "pruning_rate": 0.714527027027027,
      "importance": 0.06462516718720263,
      "gradient_mean": 0.005232383186618487,
      "gradient_norm": 3.795301059881846
    },
    {
      "layer_idx": 1,
      "pruning_rate": 0.8716744087837838,
      "importance": 0.0392335148377193,
      "gradient_mean": 0.0036462036271890006,
      "gradient_norm": 4.275854200124741
    },
    {
      "layer_idx": 2,
      "pruning_rate": 0.7870038006756757,
      "importance": 0.0620242808473523,
      "gradient_mean": 0.002509424618134896,
      "gradient_norm": 3.6866316199302673
    },
    {
      "layer_idx": 3,
      "pruning_rate": 0.5304054054054054,
      "importance": 0.10389196228336643,
      "gradient_mean": 0.003026065416634083,
      "gradient_norm": 4.914637183149655
    }
  ],
  "num_extreme_layers": 4,
  "gradient_statistics": {
    "mean_range": [
      0.0011253166012465954,
      0.005232383186618487
    ],
    "mean_ratio": 4.649698330098714,
    "norm_range": [
      2.7014431605736413,
      10.286278759439787
    ],
    "norm_ratio": 3.8076976444230515
  },
  "diagnosis": [
    {
      "issue": "\u524d\u51e0\u5c42\u88ab\u8fc7\u5ea6\u526a\u679d",
      "severity": "critical",
      "description": "\u524d5\u5c42\u4e2d\u6709 4 \u5c42\u88ab\u8fc7\u5ea6\u526a\u679d",
      "recommendation": "\u524d\u51e0\u5c42\u901a\u5e38\u5f88\u91cd\u8981\uff0c\u5efa\u8bae\u4e3a\u5176\u8bbe\u7f6e\u8f83\u4f4e\u7684 max_rate"
    }
  ]
}