{
  "extreme_pruning_layers": [],
  "num_extreme_layers": 0,
  "gradient_statistics": {
    "mean_range": [
      0.0051400863255063696,
      0.03918459887305895
    ],
    "mean_ratio": 7.623334634728195,
    "norm_range": [
      14.770293585956097,
      50.72044103592634
    ],
    "norm_ratio": 3.433949416131376
  },
  "diagnosis": []
}