{
  "0": 7.943961582931818,
  "1": 0.1523101002562277,
  "2": 0.2300777715795177,
  "3": 0.7936420721166275,
  "4": 1.4083510052924062,
  "5": 0.23201390808703826,
  "6": 0.2981055484098545,
  "7": 0.13881983710270296,
  "8": 0.0878216145085351,
  "9": 0.40764546394348145,
  "10": 0.0784400140537933,
  "11": 0.2095547844381893,
  "12": 0.15916260551003836,
  "13": 0.04639835918650892,
  "14": 0.033374905586242676,
  "15": 0.03341823933171284,
  "16": 0.016328381557090488,
  "17": 0.021573786642036907,
  "18": 0.018519163131713867,
  "19": 0.05872311545353304,
  "20": 0.06443378270841071,
  "21": 0.0713439618839935,
  "22": 0.128699606540156,
  "23": 0.13365467623168348,
  "24": 0.15421842360029014,
  "25": 0.2121972990970984,
  "26": 0.3616833780326094,
  "27": 1.6373556782217582
}