{
  "model_path": "results/search_Qwen-Instruct_20/exp_015_taylor_seq_len128_taylor_num_samples512/pruned_model.bin",
  "timestamp": "2025-12-02T03:23:46.558530",
  "metrics": {
    "model_info": {
      "total_params": 6092498944,
      "trainable_params": 6092498944,
      "total_params_M": 6092.498944,
      "total_params_B": 6.092498944,
      "num_layers": 28,
      "module_params": {
        "embedding": 544997376,
        "lm_head": 544997376,
        "final_norm": 3584,
        "attention": 822212608,
        "mlp": 4180087296,
        "input_layernorm": 100352,
        "post_attention_layernorm": 100352,
        "total_accounted": 6092498944,
        "unaccounted": 0,
        "match": true
      },
      "attention_params": 822212608,
      "mlp_params": 4180087296,
      "attention_params_M": 822.212608,
      "mlp_params_M": 4180.087296,
      "attention_ratio": 0.1349549036540629,
      "mlp_ratio": 0.6861039016045499,
      "model_size_mb": 11620.519775390625,
      "model_size_gb": 11.348163843154907
    },
    "ppl_quick_128": {
      "wikitext2 (wikitext-2-raw-v1)": 69.83702850341797,
      "ptb": 100.67375183105469
    },
    "ppl_standard_2048_512": {
      "wikitext2 (wikitext-2-raw-v1)": 25.212095260620117,
      "ptb": 39.41331481933594
    },
    "ppl": {
      "wikitext2 (wikitext-2-raw-v1)": 25.212095260620117,
      "ptb": 39.41331481933594
    },
    "zeroshot": {
      "boolq": {
        "accuracy": 0.6779816513761467,
        "full_results": {
          "acc,none": 0.6779816513761467,
          "acc_stderr,none": 0.00817225330036513,
          "alias": "boolq"
        }
      },
      "piqa": {
        "accuracy": 0.6920565832426551,
        "full_results": {
          "acc,none": 0.6833514689880305,
          "acc_stderr,none": 0.01085316053197854,
          "acc_norm,none": 0.6920565832426551,
          "acc_norm_stderr,none": 0.010770892367463548,
          "alias": "piqa"
        }
      },
      "hellaswag": {
        "accuracy": 0.6141206930890261,
        "full_results": {
          "acc,none": 0.4615614419438359,
          "acc_stderr,none": 0.004975014529648974,
          "acc_norm,none": 0.6141206930890261,
          "acc_norm_stderr,none": 0.004858074013443563,
          "alias": "hellaswag"
        }
      },
      "winogrande": {
        "accuracy": 0.6211523283346487,
        "full_results": {
          "acc,none": 0.6211523283346487,
          "acc_stderr,none": 0.013633724603180382,
          "alias": "winogrande"
        }
      },
      "arc_easy": {
        "accuracy": 0.6005892255892256,
        "full_results": {
          "acc,none": 0.6447811447811448,
          "acc_stderr,none": 0.00982024589928724,
          "acc_norm,none": 0.6005892255892256,
          "acc_norm_stderr,none": 0.010050018228741988,
          "alias": "arc_easy"
        }
      },
      "arc_challenge": {
        "accuracy": 0.41723549488054607,
        "full_results": {
          "acc,none": 0.386518771331058,
          "acc_stderr,none": 0.01423008476191056,
          "acc_norm,none": 0.41723549488054607,
          "acc_norm_stderr,none": 0.014409825518403108,
          "alias": "arc_challenge"
        }
      },
      "openbookqa": {
        "accuracy": 0.336,
        "full_results": {
          "acc,none": 0.224,
          "acc_stderr,none": 0.01866399446471086,
          "acc_norm,none": 0.336,
          "acc_norm_stderr,none": 0.021144791425048808,
          "alias": "openbookqa"
        }
      }
    },
    "avg_zeroshot_acc": 0.565590853787464
  }
}