{
  "model_path": "results/search_Mistral_layerwise_20/exp_015_taylor_seq_len128_taylor_num_samples512/pruned_model.bin",
  "timestamp": "2025-12-02T16:48:39.468440",
  "metrics": {
    "model_info": {
      "total_params": 5798420480,
      "trainable_params": 5798420480,
      "total_params_M": 5798.42048,
      "total_params_B": 5.79842048,
      "num_layers": 32,
      "module_params": {
        "embedding": 134217728,
        "lm_head": 134217728,
        "final_norm": 4096,
        "attention": 1342177280,
        "mlp": 4187541504,
        "input_layernorm": 131072,
        "post_attention_layernorm": 131072,
        "total_accounted": 5798420480,
        "unaccounted": 0,
        "match": true
      },
      "attention_params": 1342177280,
      "mlp_params": 4187541504,
      "attention_params_M": 1342.17728,
      "mlp_params_M": 4187.541504,
      "attention_ratio": 0.23147291311995366,
      "mlp_ratio": 0.7221865883034408,
      "model_size_mb": 11059.609619140625,
      "model_size_gb": 10.800400018692017
    },
    "ppl_quick_128": {
      "wikitext2 (wikitext-2-raw-v1)": 46.31542205810547,
      "ptb": 176.3546142578125
    },
    "ppl_standard_2048_512": {
      "wikitext2 (wikitext-2-raw-v1)": 29.996917724609375,
      "ptb": 136.84364318847656
    },
    "ppl": {
      "wikitext2 (wikitext-2-raw-v1)": 29.996917724609375,
      "ptb": 136.84364318847656
    },
    "zeroshot": {
      "boolq": {
        "accuracy": 0.6110091743119266,
        "full_results": {
          "acc,none": 0.6110091743119266,
          "acc_stderr,none": 0.00852680015950329,
          "alias": "boolq"
        }
      },
      "piqa": {
        "accuracy": 0.6332970620239391,
        "full_results": {
          "acc,none": 0.6436343852013058,
          "acc_stderr,none": 0.01117410986586477,
          "acc_norm,none": 0.6332970620239391,
          "acc_norm_stderr,none": 0.011243625019038382,
          "alias": "piqa"
        }
      },
      "hellaswag": {
        "accuracy": 0.3913563035251942,
        "full_results": {
          "acc,none": 0.32483569010157337,
          "acc_stderr,none": 0.004673563250945939,
          "acc_norm,none": 0.3913563035251942,
          "acc_norm_stderr,none": 0.004870563921220538,
          "alias": "hellaswag"
        }
      },
      "winogrande": {
        "accuracy": 0.5303867403314917,
        "full_results": {
          "acc,none": 0.5303867403314917,
          "acc_stderr,none": 0.014026510839428848,
          "alias": "winogrande"
        }
      },
      "arc_easy": {
        "accuracy": 0.4436026936026936,
        "full_results": {
          "acc,none": 0.5004208754208754,
          "acc_stderr,none": 0.01025977988609441,
          "acc_norm,none": 0.4436026936026936,
          "acc_norm_stderr,none": 0.010194308914521161,
          "alias": "arc_easy"
        }
      },
      "arc_challenge": {
        "accuracy": 0.24914675767918087,
        "full_results": {
          "acc,none": 0.2167235494880546,
          "acc_stderr,none": 0.012040156713481203,
          "acc_norm,none": 0.24914675767918087,
          "acc_norm_stderr,none": 0.012639407111926505,
          "alias": "arc_challenge"
        }
      },
      "openbookqa": {
        "accuracy": 0.306,
        "full_results": {
          "acc,none": 0.186,
          "acc_stderr,none": 0.01741880678058399,
          "acc_norm,none": 0.306,
          "acc_norm_stderr,none": 0.020629569998345414,
          "alias": "openbookqa"
        }
      }
    },
    "avg_zeroshot_acc": 0.4521141044963466
  }
}