{
  "model_path": "results/all_model_blockwise_128_128_8_finetuned/Qwen-Instruct/blockwise/pruned_model.bin",
  "timestamp": "2025-12-11T21:00:27.517699",
  "metrics": {
    "model_info": {
      "total_params": 6092498944,
      "trainable_params": 0,
      "total_params_M": 6092.498944,
      "total_params_B": 6.092498944,
      "num_layers": 28,
      "module_params": {
        "embedding": 544997376,
        "lm_head": 544997376,
        "final_norm": 3584,
        "attention": 822212608,
        "mlp": 4180087296,
        "input_layernorm": 100352,
        "post_attention_layernorm": 100352,
        "total_accounted": 6092498944,
        "unaccounted": 0,
        "match": true
      },
      "attention_params": 822212608,
      "mlp_params": 4180087296,
      "attention_params_M": 822.212608,
      "mlp_params_M": 4180.087296,
      "attention_ratio": 0.1349549036540629,
      "mlp_ratio": 0.6861039016045499,
      "model_size_mb": 11620.519653320312,
      "model_size_gb": 11.348163723945618
    },
    "ppl_quick_128": {
      "wikitext2 (wikitext-2-raw-v1)": 35.51808166503906,
      "ptb": 54.812625885009766
    },
    "ppl_standard_2048_512": {
      "wikitext2 (wikitext-2-raw-v1)": 13.991719245910645,
      "ptb": 20.684417724609375
    },
    "ppl": {
      "wikitext2 (wikitext-2-raw-v1)": 13.991719245910645,
      "ptb": 20.684417724609375
    },
    "zeroshot": {
      "boolq": {
        "accuracy": 0.8211009174311926,
        "full_results": {
          "acc,none": 0.8211009174311926,
          "acc_stderr,none": 0.006703395833491638,
          "alias": "boolq"
        }
      },
      "piqa": {
        "accuracy": 0.7252448313384113,
        "full_results": {
          "acc,none": 0.7187159956474428,
          "acc_stderr,none": 0.010490509832327499,
          "acc_norm,none": 0.7252448313384113,
          "acc_norm_stderr,none": 0.010415033676676165,
          "alias": "piqa"
        }
      },
      "hellaswag": {
        "accuracy": 0.6738697470623382,
        "full_results": {
          "acc,none": 0.4970125473013344,
          "acc_stderr,none": 0.004989692344313887,
          "acc_norm,none": 0.6738697470623382,
          "acc_norm_stderr,none": 0.004678375103798253,
          "alias": "hellaswag"
        }
      },
      "winogrande": {
        "accuracy": 0.6574585635359116,
        "full_results": {
          "acc,none": 0.6574585635359116,
          "acc_stderr,none": 0.013337483579076027,
          "alias": "winogrande"
        }
      },
      "arc_easy": {
        "accuracy": 0.6898148148148148,
        "full_results": {
          "acc,none": 0.7083333333333334,
          "acc_stderr,none": 0.009326752065621089,
          "acc_norm,none": 0.6898148148148148,
          "acc_norm_stderr,none": 0.009491721291998401,
          "alias": "arc_easy"
        }
      },
      "arc_challenge": {
        "accuracy": 0.4641638225255973,
        "full_results": {
          "acc,none": 0.42235494880546076,
          "acc_stderr,none": 0.014434138713379965,
          "acc_norm,none": 0.4641638225255973,
          "acc_norm_stderr,none": 0.014573813664735622,
          "alias": "arc_challenge"
        }
      },
      "openbookqa": {
        "accuracy": 0.366,
        "full_results": {
          "acc,none": 0.256,
          "acc_stderr,none": 0.019536923574747664,
          "acc_norm,none": 0.366,
          "acc_norm_stderr,none": 0.021564276850201684,
          "alias": "openbookqa"
        }
      }
    },
    "avg_zeroshot_acc": 0.6282360995297523
  }
}