{
  "attention": {
    "0": 7.710767501564565,
    "1": 1.7272398829273006,
    "2": 0.4779557457524155,
    "3": 0.1728556992682031,
    "4": 0.16403249883951165,
    "5": 0.0859359225822578,
    "6": 0.08908496378355135,
    "7": 0.06966606414112197,
    "8": 0.05480886965381826,
    "9": 0.0675074517071903,
    "10": 0.03116266338192686,
    "11": 0.03565772951491386,
    "12": 0.048995765543058845,
    "13": 0.05080128679844398,
    "14": 0.037939999597600416,
    "15": 0.030610623314766272,
    "16": 0.06089191431153296,
    "17": 0.06218588202489972,
    "18": 0.09582874015137399,
    "19": 0.08352056075489855,
    "20": 0.03774980136326356,
    "21": 0.03591409002780166,
    "22": 0.04659152105801523,
    "23": 0.041584174150200326,
    "24": 0.018870620282141815,
    "25": 0.02044224158935304,
    "26": 0.02234998593337867,
    "27": 0.7864669880462776
  },
  "mlp": {
    "0": 0.7703350311732926,
    "1": 8.649312900411465,
    "2": 4.16422158638761,
    "3": 3.4484514084116813,
    "4": 2.455877724023217,
    "5": 1.8754751185420164,
    "6": 0.2645871242511215,
    "7": 0.08377270262507075,
    "8": 0.0647516374123902,
    "9": 0.19093947526611377,
    "10": 0.07379609926529174,
    "11": 0.06508746055456305,
    "12": 0.04512680858794704,
    "13": 0.05421092792807425,
    "14": 0.05371026322830419,
    "15": 0.052065144528399276,
    "16": 0.03833440577777969,
    "17": 0.04898031353014787,
    "18": 0.04559590472156971,
    "19": 0.05792930979556532,
    "20": 0.07086475237946654,
    "21": 0.062475845708951816,
    "22": 0.10600374753658581,
    "23": 0.09792714815124803,
    "24": 0.11924740321220728,
    "25": 0.13910383753349853,
    "26": 0.21024484359301043,
    "27": 0.7901348400527679
  }
}