{
  "extreme_pruning_layers": [
    {
      "layer_idx": 0,
      "pruning_rate": 0.8033621651785714,
      "importance": 0.003009422050256814,
      "gradient_mean": 0.0001249445809258355,
      "gradient_norm": 1.790681627061632
    },
    {
      "layer_idx": 29,
      "pruning_rate": 0.5334123883928571,
      "importance": 0.00703469876732145,
      "gradient_mean": 0.00017845630645751953,
      "gradient_norm": 1.4223382737901475
    },
    {
      "layer_idx": 30,
      "pruning_rate": 0.6939871651785714,
      "importance": 0.007285053243062326,
      "gradient_mean": 0.00015457471211751303,
      "gradient_norm": 1.9327833387586806
    },
    {
      "layer_idx": 31,
      "pruning_rate": 0.7437918526785714,
      "importance": 0.008394815426852022,
      "gradient_mean": 0.00019372171825832792,
      "gradient_norm": 1.888916015625
    }
  ],
  "num_extreme_layers": 4,
  "gradient_statistics": {
    "mean_range": [
      0.0001249445809258355,
      0.0002260605494181315
    ],
    "mean_ratio": 1.809285099157732,
    "norm_range": [
      1.2855926089816623,
      4.926082187228733
    ],
    "norm_ratio": 3.8317598844532736
  },
  "diagnosis": [
    {
      "issue": "\u524d\u51e0\u5c42\u88ab\u8fc7\u5ea6\u526a\u679d",
      "severity": "critical",
      "description": "\u524d5\u5c42\u4e2d\u6709 1 \u5c42\u88ab\u8fc7\u5ea6\u526a\u679d",
      "recommendation": "\u524d\u51e0\u5c42\u901a\u5e38\u5f88\u91cd\u8981\uff0c\u5efa\u8bae\u4e3a\u5176\u8bbe\u7f6e\u8f83\u4f4e\u7684 max_rate"
    }
  ]
}