{
  "model_path": "results/all_model_blockwise_128_128_8_finetuned/Llama/LLM-Pruner/pruned_model.bin",
  "timestamp": "2025-12-12T08:56:51.513873",
  "metrics": {
    "model_info": {
      "total_params": 6474887168,
      "trainable_params": 0,
      "total_params_M": 6474.887168,
      "total_params_B": 6.474887168,
      "num_layers": 32,
      "module_params": {
        "embedding": 525336576,
        "lm_head": 525336576,
        "final_norm": 4096,
        "attention": 1069547520,
        "mlp": 4354400256,
        "input_layernorm": 131072,
        "post_attention_layernorm": 131072,
        "total_accounted": 6474887168,
        "unaccounted": 0,
        "match": true
      },
      "attention_params": 1069547520,
      "mlp_params": 4354400256,
      "attention_params_M": 1069.54752,
      "mlp_params_M": 4354.400256,
      "attention_ratio": 0.16518396263117707,
      "mlp_ratio": 0.672505966979655,
      "model_size_mb": 12349.867309570312,
      "model_size_gb": 12.060417294502258
    },
    "ppl_quick_128": {
      "wikitext2 (wikitext-2-raw-v1)": 24.61079216003418,
      "ptb": 40.44677734375
    },
    "ppl_standard_2048_512": {
      "wikitext2 (wikitext-2-raw-v1)": 10.768208503723145,
      "ptb": 15.263787269592285
    },
    "ppl": {
      "wikitext2 (wikitext-2-raw-v1)": 10.768208503723145,
      "ptb": 15.263787269592285
    },
    "zeroshot": {
      "boolq": {
        "accuracy": 0.6978593272171254,
        "full_results": {
          "acc,none": 0.6978593272171254,
          "acc_stderr,none": 0.008031211801202505,
          "alias": "boolq"
        }
      },
      "piqa": {
        "accuracy": 0.7829162132752993,
        "full_results": {
          "acc,none": 0.7834602829162133,
          "acc_stderr,none": 0.00960998471438443,
          "acc_norm,none": 0.7829162132752993,
          "acc_norm_stderr,none": 0.009618708415756861,
          "alias": "piqa"
        }
      },
      "hellaswag": {
        "accuracy": 0.7177853017327226,
        "full_results": {
          "acc,none": 0.5381398127862975,
          "acc_stderr,none": 0.004975243508752105,
          "acc_norm,none": 0.7177853017327226,
          "acc_norm_stderr,none": 0.0044915745394417,
          "alias": "hellaswag"
        }
      },
      "winogrande": {
        "accuracy": 0.6219415943172849,
        "full_results": {
          "acc,none": 0.6219415943172849,
          "acc_stderr,none": 0.013628165460523242,
          "alias": "winogrande"
        }
      },
      "arc_easy": {
        "accuracy": 0.7327441077441077,
        "full_results": {
          "acc,none": 0.7563131313131313,
          "acc_stderr,none": 0.008809171744720505,
          "acc_norm,none": 0.7327441077441077,
          "acc_norm_stderr,none": 0.009080463246017426,
          "alias": "arc_easy"
        }
      },
      "arc_challenge": {
        "accuracy": 0.4564846416382253,
        "full_results": {
          "acc,none": 0.44368600682593856,
          "acc_stderr,none": 0.014518421825670504,
          "acc_norm,none": 0.4564846416382253,
          "acc_norm_stderr,none": 0.014555949760496541,
          "alias": "arc_challenge"
        }
      },
      "openbookqa": {
        "accuracy": 0.416,
        "full_results": {
          "acc,none": 0.29,
          "acc_stderr,none": 0.020313179231745138,
          "acc_norm,none": 0.416,
          "acc_norm_stderr,none": 0.02206494331392886,
          "alias": "openbookqa"
        }
      }
    },
    "avg_zeroshot_acc": 0.6322473122749664
  }
}