{
  "extreme_pruning_layers": [
    {
      "layer_idx": 0,
      "pruning_rate": 0.7024387668918919,
      "importance": 0.00834867898437723,
      "gradient_mean": 0.001051555077234904,
      "gradient_norm": 0.7929528554280599
    },
    {
      "layer_idx": 1,
      "pruning_rate": 0.8817039695945946,
      "importance": 0.0046246326654343995,
      "gradient_mean": 0.0007023066282272339,
      "gradient_norm": 0.9264030456542969
    },
    {
      "layer_idx": 2,
      "pruning_rate": 0.8029455236486487,
      "importance": 0.0073481187400584284,
      "gradient_mean": 0.0004664709170659383,
      "gradient_norm": 0.7830015818277994
    },
    {
      "layer_idx": 3,
      "pruning_rate": 0.5769108952702703,
      "importance": 0.012544839265378745,
      "gradient_mean": 0.0005290607611338297,
      "gradient_norm": 1.0340879758199055
    }
  ],
  "num_extreme_layers": 4,
  "gradient_statistics": {
    "mean_range": [
      0.00023165345191955566,
      0.001051555077234904
    ],
    "mean_ratio": 4.539343638469521,
    "norm_range": [
      0.5652407010396322,
      2.4837735493977866
    ],
    "norm_ratio": 4.394187369009396
  },
  "diagnosis": [
    {
      "issue": "\u524d\u51e0\u5c42\u88ab\u8fc7\u5ea6\u526a\u679d",
      "severity": "critical",
      "description": "\u524d5\u5c42\u4e2d\u6709 4 \u5c42\u88ab\u8fc7\u5ea6\u526a\u679d",
      "recommendation": "\u524d\u51e0\u5c42\u901a\u5e38\u5f88\u91cd\u8981\uff0c\u5efa\u8bae\u4e3a\u5176\u8bbe\u7f6e\u8f83\u4f4e\u7684 max_rate"
    }
  ]
}