{
  "model_path": "results/search_Llama-Instruct_20/exp_005_taylor_seq_len32_taylor_num_samples512/pruned_model.bin",
  "timestamp": "2025-12-01T17:27:59.009101",
  "metrics": {
    "model_info": {
      "total_params": 6424215552,
      "trainable_params": 6424215552,
      "total_params_M": 6424.215552,
      "total_params_B": 6.424215552,
      "num_layers": 32,
      "module_params": {
        "embedding": 525336576,
        "lm_head": 525336576,
        "final_norm": 4096,
        "attention": 1158676480,
        "mlp": 4214599680,
        "input_layernorm": 131072,
        "post_attention_layernorm": 131072,
        "total_accounted": 6424215552,
        "unaccounted": 0,
        "match": true
      },
      "attention_params": 1158676480,
      "mlp_params": 4214599680,
      "attention_params_M": 1158.67648,
      "mlp_params_M": 4214.59968,
      "attention_ratio": 0.18036077255211003,
      "mlp_ratio": 0.6560489208192746,
      "model_size_mb": 12253.218994140625,
      "model_size_gb": 11.966034173965454
    },
    "ppl_quick_128": {
      "wikitext2 (wikitext-2-raw-v1)": 32.06566619873047,
      "ptb": 47.246028900146484
    },
    "ppl_standard_2048_512": {
      "wikitext2 (wikitext-2-raw-v1)": 13.337956428527832,
      "ptb": 18.605573654174805
    },
    "ppl": {
      "wikitext2 (wikitext-2-raw-v1)": 13.337956428527832,
      "ptb": 18.605573654174805
    },
    "zeroshot": {
      "boolq": {
        "accuracy": 0.8235474006116208,
        "full_results": {
          "acc,none": 0.8235474006116208,
          "acc_stderr,none": 0.006667313408053224,
          "alias": "boolq"
        }
      },
      "piqa": {
        "accuracy": 0.735582154515778,
        "full_results": {
          "acc,none": 0.7290533188248096,
          "acc_stderr,none": 0.010369718937426912,
          "acc_norm,none": 0.735582154515778,
          "acc_norm_stderr,none": 0.010289787244767095,
          "alias": "piqa"
        }
      },
      "hellaswag": {
        "accuracy": 0.655148376817367,
        "full_results": {
          "acc,none": 0.4766978689504083,
          "acc_stderr,none": 0.004984359669952104,
          "acc_norm,none": 0.655148376817367,
          "acc_norm_stderr,none": 0.0047434845283466365,
          "alias": "hellaswag"
        }
      },
      "winogrande": {
        "accuracy": 0.6850828729281768,
        "full_results": {
          "acc,none": 0.6850828729281768,
          "acc_stderr,none": 0.013054277568469216,
          "alias": "winogrande"
        }
      },
      "arc_easy": {
        "accuracy": 0.6767676767676768,
        "full_results": {
          "acc,none": 0.7344276094276094,
          "acc_stderr,none": 0.00906221062697191,
          "acc_norm,none": 0.6767676767676768,
          "acc_norm_stderr,none": 0.009597218642045437,
          "alias": "arc_easy"
        }
      },
      "arc_challenge": {
        "accuracy": 0.4462457337883959,
        "full_results": {
          "acc,none": 0.4274744027303754,
          "acc_stderr,none": 0.014456862944650666,
          "acc_norm,none": 0.4462457337883959,
          "acc_norm_stderr,none": 0.014526705548539947,
          "alias": "arc_challenge"
        }
      },
      "openbookqa": {
        "accuracy": 0.378,
        "full_results": {
          "acc,none": 0.266,
          "acc_stderr,none": 0.019780559675655396,
          "acc_norm,none": 0.378,
          "acc_norm_stderr,none": 0.02170655082451827,
          "alias": "openbookqa"
        }
      }
    },
    "avg_zeroshot_acc": 0.6286248879184307
  }
}