{
  "attention": {
    "0": 4.859201151984079,
    "1": 2.783292139969863,
    "2": 2.9306964905231028,
    "3": 2.2414008499740006,
    "4": 1.956769301364948,
    "5": 1.7256976161684308,
    "6": 1.588876226660493,
    "7": 1.664055289540972,
    "8": 1.7789106461908908,
    "9": 1.7987372221884788,
    "10": 1.7224693443868069,
    "11": 1.780846327930302,
    "12": 1.7035657607115708,
    "13": 1.7987593331894316,
    "14": 1.6360741587428302,
    "15": 1.4060490335736957,
    "16": 1.2324602919739562,
    "17": 1.076428270339966,
    "18": 0.9994966417163997,
    "19": 0.8178263066650984,
    "20": 0.7820916754858835,
    "21": 0.6991190699787881,
    "22": 0.7036590761952586,
    "23": 0.5674108867521408,
    "24": 0.5424908294306174,
    "25": 0.49082700834645854,
    "26": 0.43675744100050506,
    "27": 0.3940176530317827,
    "28": 0.3208439984878937,
    "29": 0.30032356249821657,
    "30": 0.23010632867936964,
    "31": 0.15372858945425438
  },
  "mlp": {
    "0": 3.718433635885065,
    "1": 3.0211497127235707,
    "2": 1.4418446190945513,
    "3": 1.070286775254584,
    "4": 0.9938235923841403,
    "5": 0.8961680762179487,
    "6": 0.8112997770309449,
    "7": 0.7888240897810306,
    "8": 0.8613836071707985,
    "9": 0.9325183859119166,
    "10": 0.9798050388113246,
    "11": 0.9239620824912924,
    "12": 0.9264550865470587,
    "13": 0.8746406236252229,
    "14": 0.8350206226497501,
    "15": 0.7609844269690575,
    "16": 0.7281556807555161,
    "17": 0.7241608802374309,
    "18": 0.6602743421282087,
    "19": 0.630419801736807,
    "20": 0.6439510912090154,
    "21": 0.5775963232114716,
    "22": 0.591579142483798,
    "23": 0.5158191293865055,
    "24": 0.5169703390691187,
    "25": 0.4678924631762813,
    "26": 0.4460047145942587,
    "27": 0.46531441490371517,
    "28": 0.4443499466041465,
    "29": 0.3671174464287694,
    "30": 0.5279999531708754,
    "31": 1.0275593835038026
  }
}