{
  "model_path": "results/search_Qwen-Instruct_20/exp_018_taylor_seq_len256_taylor_num_samples128/pruned_model.bin",
  "timestamp": "2025-12-02T04:11:43.795984",
  "metrics": {
    "model_info": {
      "total_params": 6092498944,
      "trainable_params": 6092498944,
      "total_params_M": 6092.498944,
      "total_params_B": 6.092498944,
      "num_layers": 28,
      "module_params": {
        "embedding": 544997376,
        "lm_head": 544997376,
        "final_norm": 3584,
        "attention": 822212608,
        "mlp": 4180087296,
        "input_layernorm": 100352,
        "post_attention_layernorm": 100352,
        "total_accounted": 6092498944,
        "unaccounted": 0,
        "match": true
      },
      "attention_params": 822212608,
      "mlp_params": 4180087296,
      "attention_params_M": 822.212608,
      "mlp_params_M": 4180.087296,
      "attention_ratio": 0.1349549036540629,
      "mlp_ratio": 0.6861039016045499,
      "model_size_mb": 11620.519775390625,
      "model_size_gb": 11.348163843154907
    },
    "ppl_quick_128": {
      "wikitext2 (wikitext-2-raw-v1)": 74.66708374023438,
      "ptb": 109.98338317871094
    },
    "ppl_standard_2048_512": {
      "wikitext2 (wikitext-2-raw-v1)": 26.53876495361328,
      "ptb": 42.958953857421875
    },
    "ppl": {
      "wikitext2 (wikitext-2-raw-v1)": 26.53876495361328,
      "ptb": 42.958953857421875
    },
    "zeroshot": {
      "boolq": {
        "accuracy": 0.7201834862385321,
        "full_results": {
          "acc,none": 0.7201834862385321,
          "acc_stderr,none": 0.007851466641001456,
          "alias": "boolq"
        }
      },
      "piqa": {
        "accuracy": 0.7002176278563657,
        "full_results": {
          "acc,none": 0.6996735582154516,
          "acc_stderr,none": 0.010695225308183266,
          "acc_norm,none": 0.7002176278563657,
          "acc_norm_stderr,none": 0.010689686967138,
          "alias": "piqa"
        }
      },
      "hellaswag": {
        "accuracy": 0.6192989444333798,
        "full_results": {
          "acc,none": 0.4682334196375224,
          "acc_stderr,none": 0.004979700695747546,
          "acc_norm,none": 0.6192989444333798,
          "acc_norm_stderr,none": 0.0048456687991085875,
          "alias": "hellaswag"
        }
      },
      "winogrande": {
        "accuracy": 0.6424625098658248,
        "full_results": {
          "acc,none": 0.6424625098658248,
          "acc_stderr,none": 0.013470007443920773,
          "alias": "winogrande"
        }
      },
      "arc_easy": {
        "accuracy": 0.5765993265993266,
        "full_results": {
          "acc,none": 0.6254208754208754,
          "acc_stderr,none": 0.009931758820410648,
          "acc_norm,none": 0.5765993265993266,
          "acc_norm_stderr,none": 0.010138671005288915,
          "alias": "arc_easy"
        }
      },
      "arc_challenge": {
        "accuracy": 0.4052901023890785,
        "full_results": {
          "acc,none": 0.39590443686006827,
          "acc_stderr,none": 0.01429122839353657,
          "acc_norm,none": 0.4052901023890785,
          "acc_norm_stderr,none": 0.01434686906022932,
          "alias": "arc_challenge"
        }
      },
      "openbookqa": {
        "accuracy": 0.34,
        "full_results": {
          "acc,none": 0.222,
          "acc_stderr,none": 0.018604414758250098,
          "acc_norm,none": 0.34,
          "acc_norm_stderr,none": 0.021206117013673084,
          "alias": "openbookqa"
        }
      }
    },
    "avg_zeroshot_acc": 0.572007428197501
  }
}