{
  "model_path": "results/search_Qwen-Instruct_layerwise_20/exp_007_taylor_seq_len64_taylor_num_samples64/pruned_model.bin",
  "timestamp": "2025-12-02T01:49:08.271673",
  "metrics": {
    "model_info": {
      "total_params": 6092498944,
      "trainable_params": 6092498944,
      "total_params_M": 6092.498944,
      "total_params_B": 6.092498944,
      "num_layers": 28,
      "module_params": {
        "embedding": 544997376,
        "lm_head": 544997376,
        "final_norm": 3584,
        "attention": 822212608,
        "mlp": 4180087296,
        "input_layernorm": 100352,
        "post_attention_layernorm": 100352,
        "total_accounted": 6092498944,
        "unaccounted": 0,
        "match": true
      },
      "attention_params": 822212608,
      "mlp_params": 4180087296,
      "attention_params_M": 822.212608,
      "mlp_params_M": 4180.087296,
      "attention_ratio": 0.1349549036540629,
      "mlp_ratio": 0.6861039016045499,
      "model_size_mb": 11620.519775390625,
      "model_size_gb": 11.348163843154907
    },
    "ppl_quick_128": {
      "wikitext2 (wikitext-2-raw-v1)": 24.490280151367188,
      "ptb": 46.21951675415039
    },
    "ppl_standard_2048_512": {
      "wikitext2 (wikitext-2-raw-v1)": 11.102680206298828,
      "ptb": 18.600753784179688
    },
    "ppl": {
      "wikitext2 (wikitext-2-raw-v1)": 11.102680206298828,
      "ptb": 18.600753784179688
    },
    "zeroshot": {
      "boolq": {
        "accuracy": 0.7379204892966361,
        "full_results": {
          "acc,none": 0.7379204892966361,
          "acc_stderr,none": 0.007691549847438318,
          "alias": "boolq"
        }
      },
      "piqa": {
        "accuracy": 0.7589771490750816,
        "full_results": {
          "acc,none": 0.764961915125136,
          "acc_stderr,none": 0.009893146688805175,
          "acc_norm,none": 0.7589771490750816,
          "acc_norm_stderr,none": 0.009979042717267253,
          "alias": "piqa"
        }
      },
      "hellaswag": {
        "accuracy": 0.6651065524795857,
        "full_results": {
          "acc,none": 0.48954391555467036,
          "acc_stderr,none": 0.0049886902295054126,
          "acc_norm,none": 0.6651065524795857,
          "acc_norm_stderr,none": 0.004709886644156871,
          "alias": "hellaswag"
        }
      },
      "winogrande": {
        "accuracy": 0.6345698500394633,
        "full_results": {
          "acc,none": 0.6345698500394633,
          "acc_stderr,none": 0.013533965097638776,
          "alias": "winogrande"
        }
      },
      "arc_easy": {
        "accuracy": 0.6826599326599326,
        "full_results": {
          "acc,none": 0.7377946127946128,
          "acc_stderr,none": 0.009025197991724937,
          "acc_norm,none": 0.6826599326599326,
          "acc_norm_stderr,none": 0.009550648343947928,
          "alias": "arc_easy"
        }
      },
      "arc_challenge": {
        "accuracy": 0.44112627986348124,
        "full_results": {
          "acc,none": 0.42150170648464164,
          "acc_stderr,none": 0.014430197069326089,
          "acc_norm,none": 0.44112627986348124,
          "acc_norm_stderr,none": 0.014509747749064826,
          "alias": "arc_challenge"
        }
      },
      "openbookqa": {
        "accuracy": 0.414,
        "full_results": {
          "acc,none": 0.31,
          "acc_stderr,none": 0.020704041021724684,
          "acc_norm,none": 0.414,
          "acc_norm_stderr,none": 0.022049497969827858,
          "alias": "openbookqa"
        }
      }
    },
    "avg_zeroshot_acc": 0.6191943219163115
  }
}