{
  "model_path": "results/search_Llama-Instruct_blockwise_20/exp_011_taylor_seq_len128_taylor_num_samples4/pruned_model.bin",
  "timestamp": "2025-12-02T15:03:30.212135",
  "metrics": {
    "model_info": {
      "total_params": 6424211456,
      "trainable_params": 6424211456,
      "total_params_M": 6424.211456,
      "total_params_B": 6.424211456,
      "num_layers": 32,
      "module_params": {
        "embedding": 525336576,
        "lm_head": 525336576,
        "final_norm": 4096,
        "attention": 1132462080,
        "mlp": 4240809984,
        "input_layernorm": 131072,
        "post_attention_layernorm": 131072,
        "total_accounted": 6424211456,
        "unaccounted": 0,
        "match": true
      },
      "attention_params": 1132462080,
      "mlp_params": 4240809984,
      "attention_params_M": 1132.46208,
      "mlp_params_M": 4240.809984,
      "attention_ratio": 0.17628032448127437,
      "mlp_ratio": 0.6601292645868971,
      "model_size_mb": 12253.211181640625,
      "model_size_gb": 11.966026544570923
    },
    "ppl_quick_128": {
      "wikitext2 (wikitext-2-raw-v1)": 39.263999938964844,
      "ptb": 60.78776168823242
    },
    "ppl_standard_2048_512": {
      "wikitext2 (wikitext-2-raw-v1)": 15.97095012664795,
      "ptb": 24.67095184326172
    },
    "ppl": {
      "wikitext2 (wikitext-2-raw-v1)": 15.97095012664795,
      "ptb": 24.67095184326172
    },
    "zeroshot": {
      "boolq": {
        "accuracy": 0.827217125382263,
        "full_results": {
          "acc,none": 0.827217125382263,
          "acc_stderr,none": 0.006612301467679033,
          "alias": "boolq"
        }
      },
      "piqa": {
        "accuracy": 0.733949945593036,
        "full_results": {
          "acc,none": 0.721436343852013,
          "acc_stderr,none": 0.01045939723596504,
          "acc_norm,none": 0.733949945593036,
          "acc_norm_stderr,none": 0.010310039263352765,
          "alias": "piqa"
        }
      },
      "hellaswag": {
        "accuracy": 0.6367257518422625,
        "full_results": {
          "acc,none": 0.469627564230233,
          "acc_stderr,none": 0.004980566907790411,
          "acc_norm,none": 0.6367257518422625,
          "acc_norm_stderr,none": 0.004799599840397348,
          "alias": "hellaswag"
        }
      },
      "winogrande": {
        "accuracy": 0.6842936069455406,
        "full_results": {
          "acc,none": 0.6842936069455406,
          "acc_stderr,none": 0.013063094743000794,
          "alias": "winogrande"
        }
      },
      "arc_easy": {
        "accuracy": 0.6788720538720538,
        "full_results": {
          "acc,none": 0.7011784511784511,
          "acc_stderr,none": 0.009392656275408705,
          "acc_norm,none": 0.6788720538720538,
          "acc_norm_stderr,none": 0.009580787536986783,
          "alias": "arc_easy"
        }
      },
      "arc_challenge": {
        "accuracy": 0.44368600682593856,
        "full_results": {
          "acc,none": 0.4325938566552901,
          "acc_stderr,none": 0.014478005694182441,
          "acc_norm,none": 0.44368600682593856,
          "acc_norm_stderr,none": 0.014518421825670504,
          "alias": "arc_challenge"
        }
      },
      "openbookqa": {
        "accuracy": 0.372,
        "full_results": {
          "acc,none": 0.286,
          "acc_stderr,none": 0.020229346329177604,
          "acc_norm,none": 0.372,
          "acc_norm_stderr,none": 0.021637197985722334,
          "alias": "openbookqa"
        }
      }
    },
    "avg_zeroshot_acc": 0.6252492129230135
  }
}