{
  "model_path": "results/search_Llama-Instruct_blockwise_20/exp_011_taylor_seq_len128_taylor_num_samples4/pruned_model.bin",
  "timestamp": "2025-12-01T20:23:39.841669",
  "metrics": {
    "model_info": {
      "total_params": 6424211456,
      "trainable_params": 6424211456,
      "total_params_M": 6424.211456,
      "total_params_B": 6.424211456,
      "num_layers": 32,
      "module_params": {
        "embedding": 525336576,
        "lm_head": 525336576,
        "final_norm": 4096,
        "attention": 1289748480,
        "mlp": 4083523584,
        "input_layernorm": 131072,
        "post_attention_layernorm": 131072,
        "total_accounted": 6424211456,
        "unaccounted": 0,
        "match": true
      },
      "attention_params": 1289748480,
      "mlp_params": 4083523584,
      "attention_params_M": 1289.74848,
      "mlp_params_M": 4083.523584,
      "attention_ratio": 0.20076370288145134,
      "mlp_ratio": 0.6356458861867202,
      "model_size_mb": 12253.211181640625,
      "model_size_gb": 11.966026544570923
    },
    "ppl_quick_128": {
      "wikitext2 (wikitext-2-raw-v1)": 37.8123893737793,
      "ptb": 61.46678161621094
    },
    "ppl_standard_2048_512": {
      "wikitext2 (wikitext-2-raw-v1)": 15.063956260681152,
      "ptb": 23.603164672851562
    },
    "ppl": {
      "wikitext2 (wikitext-2-raw-v1)": 15.063956260681152,
      "ptb": 23.603164672851562
    },
    "zeroshot": {
      "boolq": {
        "accuracy": 0.8250764525993883,
        "full_results": {
          "acc,none": 0.8250764525993883,
          "acc_stderr,none": 0.006644522465179233,
          "alias": "boolq"
        }
      },
      "piqa": {
        "accuracy": 0.720892274211099,
        "full_results": {
          "acc,none": 0.720348204570185,
          "acc_stderr,none": 0.010471899530306519,
          "acc_norm,none": 0.720892274211099,
          "acc_norm_stderr,none": 0.010465657948498215,
          "alias": "piqa"
        }
      },
      "hellaswag": {
        "accuracy": 0.6530571599283012,
        "full_results": {
          "acc,none": 0.47400916152160927,
          "acc_stderr,none": 0.004983035420235522,
          "acc_norm,none": 0.6530571599283012,
          "acc_norm_stderr,none": 0.004750245757533466,
          "alias": "hellaswag"
        }
      },
      "winogrande": {
        "accuracy": 0.6898184688239937,
        "full_results": {
          "acc,none": 0.6898184688239937,
          "acc_stderr,none": 0.0130004541448598,
          "alias": "winogrande"
        }
      },
      "arc_easy": {
        "accuracy": 0.6628787878787878,
        "full_results": {
          "acc,none": 0.7041245791245792,
          "acc_stderr,none": 0.009365854134139855,
          "acc_norm,none": 0.6628787878787878,
          "acc_norm_stderr,none": 0.009700146509129846,
          "alias": "arc_easy"
        }
      },
      "arc_challenge": {
        "accuracy": 0.4377133105802048,
        "full_results": {
          "acc,none": 0.4377133105802048,
          "acc_stderr,none": 0.01449757388110822,
          "acc_norm,none": 0.4377133105802048,
          "acc_norm_stderr,none": 0.01449757388110822,
          "alias": "arc_challenge"
        }
      },
      "openbookqa": {
        "accuracy": 0.358,
        "full_results": {
          "acc,none": 0.272,
          "acc_stderr,none": 0.019920483209566107,
          "acc_norm,none": 0.358,
          "acc_norm_stderr,none": 0.021461434862859133,
          "alias": "openbookqa"
        }
      }
    },
    "avg_zeroshot_acc": 0.6210623505745393
  }
}