{
  "model_path": "results/search_Llama-Instruct_layerwise_20/exp_015_taylor_seq_len128_taylor_num_samples512/pruned_model.bin",
  "timestamp": "2025-12-01T21:00:38.563273",
  "metrics": {
    "model_info": {
      "total_params": 6424219648,
      "trainable_params": 6424219648,
      "total_params_M": 6424.219648,
      "total_params_B": 6.424219648,
      "num_layers": 32,
      "module_params": {
        "embedding": 525336576,
        "lm_head": 525336576,
        "final_norm": 4096,
        "attention": 1342177280,
        "mlp": 4031102976,
        "input_layernorm": 131072,
        "post_attention_layernorm": 131072,
        "total_accounted": 6424219648,
        "unaccounted": 0,
        "match": true
      },
      "attention_params": 1342177280,
      "mlp_params": 4031102976,
      "attention_params_M": 1342.17728,
      "mlp_params_M": 4031.102976,
      "attention_ratio": 0.20892456259926434,
      "mlp_ratio": 0.6274852350752003,
      "model_size_mb": 12253.226806640625,
      "model_size_gb": 11.966041803359985
    },
    "ppl_quick_128": {
      "wikitext2 (wikitext-2-raw-v1)": 33.65830612182617,
      "ptb": 50.74862289428711
    },
    "ppl_standard_2048_512": {
      "wikitext2 (wikitext-2-raw-v1)": 14.30682373046875,
      "ptb": 19.884981155395508
    },
    "ppl": {
      "wikitext2 (wikitext-2-raw-v1)": 14.30682373046875,
      "ptb": 19.884981155395508
    },
    "zeroshot": {
      "boolq": {
        "accuracy": 0.7611620795107034,
        "full_results": {
          "acc,none": 0.7611620795107034,
          "acc_stderr,none": 0.007457319533857561,
          "alias": "boolq"
        }
      },
      "piqa": {
        "accuracy": 0.7388465723612623,
        "full_results": {
          "acc,none": 0.73449401523395,
          "acc_stderr,none": 0.01030330865302444,
          "acc_norm,none": 0.7388465723612623,
          "acc_norm_stderr,none": 0.010248738649935658,
          "alias": "piqa"
        }
      },
      "hellaswag": {
        "accuracy": 0.6280621390161323,
        "full_results": {
          "acc,none": 0.4569806811392153,
          "acc_stderr,none": 0.0049712783092040235,
          "acc_norm,none": 0.6280621390161323,
          "acc_norm_stderr,none": 0.004823341569605375,
          "alias": "hellaswag"
        }
      },
      "winogrande": {
        "accuracy": 0.6629834254143646,
        "full_results": {
          "acc,none": 0.6629834254143646,
          "acc_stderr,none": 0.013284955769395205,
          "alias": "winogrande"
        }
      },
      "arc_easy": {
        "accuracy": 0.6502525252525253,
        "full_results": {
          "acc,none": 0.6734006734006734,
          "acc_stderr,none": 0.009623047038267702,
          "acc_norm,none": 0.6502525252525253,
          "acc_norm_stderr,none": 0.009785578618940688,
          "alias": "arc_easy"
        }
      },
      "arc_challenge": {
        "accuracy": 0.40102389078498296,
        "full_results": {
          "acc,none": 0.3779863481228669,
          "acc_stderr,none": 0.014169664520303164,
          "acc_norm,none": 0.40102389078498296,
          "acc_norm_stderr,none": 0.014322255790719744,
          "alias": "arc_challenge"
        }
      },
      "openbookqa": {
        "accuracy": 0.338,
        "full_results": {
          "acc,none": 0.24,
          "acc_stderr,none": 0.0191188666537598,
          "acc_norm,none": 0.338,
          "acc_norm_stderr,none": 0.021175665695209452,
          "alias": "openbookqa"
        }
      }
    },
    "avg_zeroshot_acc": 0.5971900903342816
  }
}