{
  "model_path": "results/for_finetuning/Mistral/ShortGPT_remove_6/pruned_model.bin",
  "timestamp": "2025-12-04T17:32:52.522636",
  "metrics": {
    "model_info": {
      "total_params": 5939351552,
      "trainable_params": 5939351552,
      "total_params_M": 5939.351552,
      "total_params_B": 5.939351552,
      "num_layers": 26,
      "module_params": {
        "embedding": 134217728,
        "lm_head": 134217728,
        "final_norm": 4096,
        "attention": 1090519040,
        "mlp": 4580179968,
        "input_layernorm": 106496,
        "post_attention_layernorm": 106496,
        "total_accounted": 5939351552,
        "unaccounted": 0,
        "match": true
      },
      "attention_params": 1090519040,
      "mlp_params": 4580179968,
      "attention_params_M": 1090.51904,
      "mlp_params_M": 4580.179968,
      "attention_ratio": 0.1836091079055224,
      "mlp_ratio": 0.7711582532031941,
      "model_size_mb": 11328.414306640625,
      "model_size_gb": 11.062904596328735
    },
    "ppl_quick_128": {
      "wikitext2 (wikitext-2-raw-v1)": 37.66884231567383,
      "ptb": 135.03343200683594
    },
    "ppl_standard_2048_512": {
      "wikitext2 (wikitext-2-raw-v1)": 16.50826072692871,
      "ptb": 67.39586639404297
    },
    "ppl": {
      "wikitext2 (wikitext-2-raw-v1)": 16.50826072692871,
      "ptb": 67.39586639404297
    },
    "zeroshot": {
      "boolq": {
        "accuracy": 0.7155963302752294,
        "full_results": {
          "acc,none": 0.7155963302752294,
          "acc_stderr,none": 0.007890312245988929,
          "alias": "boolq"
        }
      },
      "piqa": {
        "accuracy": 0.7442872687704026,
        "full_results": {
          "acc,none": 0.7268770402611534,
          "acc_stderr,none": 0.01039573026445318,
          "acc_norm,none": 0.7442872687704026,
          "acc_norm_stderr,none": 0.010178690109459992,
          "alias": "piqa"
        }
      },
      "hellaswag": {
        "accuracy": 0.6820354511053575,
        "full_results": {
          "acc,none": 0.4916351324437363,
          "acc_stderr,none": 0.004989083082497221,
          "acc_norm,none": 0.6820354511053575,
          "acc_norm_stderr,none": 0.004647338877642553,
          "alias": "hellaswag"
        }
      },
      "winogrande": {
        "accuracy": 0.7142857142857143,
        "full_results": {
          "acc,none": 0.7142857142857143,
          "acc_stderr,none": 0.01269653187003855,
          "alias": "winogrande"
        }
      },
      "arc_easy": {
        "accuracy": 0.6266835016835017,
        "full_results": {
          "acc,none": 0.6266835016835017,
          "acc_stderr,none": 0.009925009142802761,
          "acc_norm,none": 0.6266835016835017,
          "acc_norm_stderr,none": 0.009925009142802761,
          "alias": "arc_easy"
        }
      },
      "arc_challenge": {
        "accuracy": 0.4061433447098976,
        "full_results": {
          "acc,none": 0.3677474402730375,
          "acc_stderr,none": 0.01409099561816849,
          "acc_norm,none": 0.4061433447098976,
          "acc_norm_stderr,none": 0.014351656690097877,
          "alias": "arc_challenge"
        }
      },
      "openbookqa": {
        "accuracy": 0.332,
        "full_results": {
          "acc,none": 0.212,
          "acc_stderr,none": 0.01829703700401386,
          "acc_norm,none": 0.332,
          "acc_norm_stderr,none": 0.021081766571222797,
          "alias": "openbookqa"
        }
      }
    },
    "avg_zeroshot_acc": 0.6030045158328718
  }
}