{
  "extreme_pruning_layers": [],
  "num_extreme_layers": 0,
  "gradient_statistics": {
    "mean_range": [
      0.046908774309688143,
      0.9480708489815394
    ],
    "mean_ratio": 20.210949036983,
    "norm_range": [
      266.78002081976996,
      3655.7918294270835
    ],
    "norm_ratio": 13.703394347867889
  },
  "diagnosis": []
}