{
  "model_path": "results/finetuned/Llama-Instruct/best_acc_finetuned/pruned_model.bin",
  "timestamp": "2025-12-04T01:05:48.097158",
  "metrics": {
    "model_info": {
      "total_params": 6424211456,
      "trainable_params": 0,
      "total_params_M": 6424.211456,
      "total_params_B": 6.424211456,
      "num_layers": 32,
      "module_params": {
        "embedding": 525336576,
        "lm_head": 525336576,
        "final_norm": 4096,
        "attention": 1163919360,
        "mlp": 4209352704,
        "input_layernorm": 131072,
        "post_attention_layernorm": 131072,
        "total_accounted": 6424211456,
        "unaccounted": 0,
        "match": true
      },
      "attention_params": 1163919360,
      "mlp_params": 4209352704,
      "attention_params_M": 1163.91936,
      "mlp_params_M": 4209.352704,
      "attention_ratio": 0.18117700016130975,
      "mlp_ratio": 0.6552325889068618,
      "model_size_mb": 12253.211059570312,
      "model_size_gb": 11.966026425361633
    },
    "ppl_quick_128": {
      "wikitext2 (wikitext-2-raw-v1)": 27.3563175201416,
      "ptb": 43.47283172607422
    },
    "ppl_standard_2048_512": {
      "wikitext2 (wikitext-2-raw-v1)": 11.282766342163086,
      "ptb": 16.260183334350586
    },
    "ppl": {
      "wikitext2 (wikitext-2-raw-v1)": 11.282766342163086,
      "ptb": 16.260183334350586
    },
    "zeroshot": {
      "boolq": {
        "accuracy": 0.8330275229357799,
        "full_results": {
          "acc,none": 0.8330275229357799,
          "acc_stderr,none": 0.006522959168900028,
          "alias": "boolq"
        }
      },
      "piqa": {
        "accuracy": 0.7486398258977149,
        "full_results": {
          "acc,none": 0.7475516866158868,
          "acc_stderr,none": 0.01013566554736223,
          "acc_norm,none": 0.7486398258977149,
          "acc_norm_stderr,none": 0.010121156016819219,
          "alias": "piqa"
        }
      },
      "hellaswag": {
        "accuracy": 0.7001593308105954,
        "full_results": {
          "acc,none": 0.5228042222664808,
          "acc_stderr,none": 0.004984589012289199,
          "acc_norm,none": 0.7001593308105954,
          "acc_norm_stderr,none": 0.004572515919210842,
          "alias": "hellaswag"
        }
      },
      "winogrande": {
        "accuracy": 0.6921862667719021,
        "full_results": {
          "acc,none": 0.6921862667719021,
          "acc_stderr,none": 0.01297294666120501,
          "alias": "winogrande"
        }
      },
      "arc_easy": {
        "accuracy": 0.6923400673400674,
        "full_results": {
          "acc,none": 0.7512626262626263,
          "acc_stderr,none": 0.008870224411653744,
          "acc_norm,none": 0.6923400673400674,
          "acc_norm_stderr,none": 0.009470292575830977,
          "alias": "arc_easy"
        }
      },
      "arc_challenge": {
        "accuracy": 0.46757679180887374,
        "full_results": {
          "acc,none": 0.4462457337883959,
          "acc_stderr,none": 0.014526705548539947,
          "acc_norm,none": 0.46757679180887374,
          "acc_norm_stderr,none": 0.014580637569995414,
          "alias": "arc_challenge"
        }
      },
      "openbookqa": {
        "accuracy": 0.4,
        "full_results": {
          "acc,none": 0.31,
          "acc_stderr,none": 0.020704041021724684,
          "acc_norm,none": 0.4,
          "acc_norm_stderr,none": 0.02193084412072858,
          "alias": "openbookqa"
        }
      }
    },
    "avg_zeroshot_acc": 0.6477042579378477
  }
}