{
  "model_path": "results/search_Mistral-Instruct_blockwise_20/exp_013_taylor_seq_len128_taylor_num_samples128/pruned_model.bin",
  "timestamp": "2025-12-02T15:54:52.768077",
  "metrics": {
    "model_info": {
      "total_params": 5798420480,
      "trainable_params": 5798420480,
      "total_params_M": 5798.42048,
      "total_params_B": 5.79842048,
      "num_layers": 32,
      "module_params": {
        "embedding": 134217728,
        "lm_head": 134217728,
        "final_norm": 4096,
        "attention": 1342177280,
        "mlp": 4187541504,
        "input_layernorm": 131072,
        "post_attention_layernorm": 131072,
        "total_accounted": 5798420480,
        "unaccounted": 0,
        "match": true
      },
      "attention_params": 1342177280,
      "mlp_params": 4187541504,
      "attention_params_M": 1342.17728,
      "mlp_params_M": 4187.541504,
      "attention_ratio": 0.23147291311995366,
      "mlp_ratio": 0.7221865883034408,
      "model_size_mb": 11059.609619140625,
      "model_size_gb": 10.800400018692017
    },
    "ppl_quick_128": {
      "wikitext2 (wikitext-2-raw-v1)": 30.85160255432129,
      "ptb": 125.37967681884766
    },
    "ppl_standard_2048_512": {
      "wikitext2 (wikitext-2-raw-v1)": 15.997647285461426,
      "ptb": 67.0732421875
    },
    "ppl": {
      "wikitext2 (wikitext-2-raw-v1)": 15.997647285461426,
      "ptb": 67.0732421875
    },
    "zeroshot": {
      "boolq": {
        "accuracy": 0.7174311926605504,
        "full_results": {
          "acc,none": 0.7174311926605504,
          "acc_stderr,none": 0.007874895085575,
          "alias": "boolq"
        }
      },
      "piqa": {
        "accuracy": 0.7121871599564744,
        "full_results": {
          "acc,none": 0.7067464635473341,
          "acc_stderr,none": 0.010621818421101943,
          "acc_norm,none": 0.7121871599564744,
          "acc_norm_stderr,none": 0.010563250383059263,
          "alias": "piqa"
        }
      },
      "hellaswag": {
        "accuracy": 0.5901214897430791,
        "full_results": {
          "acc,none": 0.44383588926508666,
          "acc_stderr,none": 0.004958201874333718,
          "acc_norm,none": 0.5901214897430791,
          "acc_norm_stderr,none": 0.004908059353503886,
          "alias": "hellaswag"
        }
      },
      "winogrande": {
        "accuracy": 0.5880031570639306,
        "full_results": {
          "acc,none": 0.5880031570639306,
          "acc_stderr,none": 0.013833112857645984,
          "alias": "winogrande"
        }
      },
      "arc_easy": {
        "accuracy": 0.6363636363636364,
        "full_results": {
          "acc,none": 0.664983164983165,
          "acc_stderr,none": 0.009685160765932217,
          "acc_norm,none": 0.6363636363636364,
          "acc_norm_stderr,none": 0.00987084934601158,
          "alias": "arc_easy"
        }
      },
      "arc_challenge": {
        "accuracy": 0.371160409556314,
        "full_results": {
          "acc,none": 0.3506825938566553,
          "acc_stderr,none": 0.01394463593072613,
          "acc_norm,none": 0.371160409556314,
          "acc_norm_stderr,none": 0.01411797190114269,
          "alias": "arc_challenge"
        }
      },
      "openbookqa": {
        "accuracy": 0.346,
        "full_results": {
          "acc,none": 0.212,
          "acc_stderr,none": 0.01829703700401386,
          "acc_norm,none": 0.346,
          "acc_norm_stderr,none": 0.021294951277234696,
          "alias": "openbookqa"
        }
      }
    },
    "avg_zeroshot_acc": 0.5658952921919979
  }
}