{
  "model_path": "results/search_Mistral-Instruct_blockwise_20/exp_013_taylor_seq_len128_taylor_num_samples128/pruned_model.bin",
  "timestamp": "2025-12-02T03:05:09.293501",
  "metrics": {
    "model_info": {
      "total_params": 5798420480,
      "trainable_params": 5798420480,
      "total_params_M": 5798.42048,
      "total_params_B": 5.79842048,
      "num_layers": 32,
      "module_params": {
        "embedding": 134217728,
        "lm_head": 134217728,
        "final_norm": 4096,
        "attention": 1342177280,
        "mlp": 4187541504,
        "input_layernorm": 131072,
        "post_attention_layernorm": 131072,
        "total_accounted": 5798420480,
        "unaccounted": 0,
        "match": true
      },
      "attention_params": 1342177280,
      "mlp_params": 4187541504,
      "attention_params_M": 1342.17728,
      "mlp_params_M": 4187.541504,
      "attention_ratio": 0.23147291311995366,
      "mlp_ratio": 0.7221865883034408,
      "model_size_mb": 11059.609619140625,
      "model_size_gb": 10.800400018692017
    },
    "ppl_quick_128": {
      "wikitext2 (wikitext-2-raw-v1)": 30.887380599975586,
      "ptb": 133.25027465820312
    },
    "ppl_standard_2048_512": {
      "wikitext2 (wikitext-2-raw-v1)": 15.865217208862305,
      "ptb": 72.89176940917969
    },
    "ppl": {
      "wikitext2 (wikitext-2-raw-v1)": 15.865217208862305,
      "ptb": 72.89176940917969
    },
    "zeroshot": {
      "boolq": {
        "accuracy": 0.7581039755351682,
        "full_results": {
          "acc,none": 0.7581039755351682,
          "acc_stderr,none": 0.007489818475316406,
          "alias": "boolq"
        }
      },
      "piqa": {
        "accuracy": 0.7404787812840044,
        "full_results": {
          "acc,none": 0.7279651795429815,
          "acc_stderr,none": 0.0103827637862474,
          "acc_norm,none": 0.7404787812840044,
          "acc_norm_stderr,none": 0.010227939888174076,
          "alias": "piqa"
        }
      },
      "hellaswag": {
        "accuracy": 0.6251742680740888,
        "full_results": {
          "acc,none": 0.47191794463254333,
          "acc_stderr,none": 0.004981905293877987,
          "acc_norm,none": 0.6251742680740888,
          "acc_norm_stderr,none": 0.00483088570438047,
          "alias": "hellaswag"
        }
      },
      "winogrande": {
        "accuracy": 0.606156274664562,
        "full_results": {
          "acc,none": 0.606156274664562,
          "acc_stderr,none": 0.013732114472668642,
          "alias": "winogrande"
        }
      },
      "arc_easy": {
        "accuracy": 0.688973063973064,
        "full_results": {
          "acc,none": 0.6994949494949495,
          "acc_stderr,none": 0.009407763090599448,
          "acc_norm,none": 0.688973063973064,
          "acc_norm_stderr,none": 0.0094987906397578,
          "alias": "arc_easy"
        }
      },
      "arc_challenge": {
        "accuracy": 0.40784982935153585,
        "full_results": {
          "acc,none": 0.39078498293515357,
          "acc_stderr,none": 0.014258563880513803,
          "acc_norm,none": 0.40784982935153585,
          "acc_norm_stderr,none": 0.01436109728844968,
          "alias": "arc_challenge"
        }
      },
      "openbookqa": {
        "accuracy": 0.382,
        "full_results": {
          "acc,none": 0.222,
          "acc_stderr,none": 0.018604414758250098,
          "acc_norm,none": 0.382,
          "acc_norm_stderr,none": 0.02175082059125093,
          "alias": "openbookqa"
        }
      }
    },
    "avg_zeroshot_acc": 0.6012480275546318
  }
}