{
  "model_path": "results/search_Llama-Instruct_layerwise_20/exp_015_taylor_seq_len128_taylor_num_samples512/pruned_model.bin",
  "timestamp": "2025-12-02T16:16:37.624161",
  "metrics": {
    "model_info": {
      "total_params": 6424219648,
      "trainable_params": 6424219648,
      "total_params_M": 6424.219648,
      "total_params_B": 6.424219648,
      "num_layers": 32,
      "module_params": {
        "embedding": 525336576,
        "lm_head": 525336576,
        "final_norm": 4096,
        "attention": 1184890880,
        "mlp": 4188389376,
        "input_layernorm": 131072,
        "post_attention_layernorm": 131072,
        "total_accounted": 6424219648,
        "unaccounted": 0,
        "match": true
      },
      "attention_params": 1184890880,
      "mlp_params": 4188389376,
      "attention_params_M": 1184.89088,
      "mlp_params_M": 4188.389376,
      "attention_ratio": 0.18444121541966307,
      "mlp_ratio": 0.6519685822548015,
      "model_size_mb": 12253.226806640625,
      "model_size_gb": 11.966041803359985
    },
    "ppl_quick_128": {
      "wikitext2 (wikitext-2-raw-v1)": 40.03188705444336,
      "ptb": 58.265689849853516
    },
    "ppl_standard_2048_512": {
      "wikitext2 (wikitext-2-raw-v1)": 15.674570083618164,
      "ptb": 22.190731048583984
    },
    "ppl": {
      "wikitext2 (wikitext-2-raw-v1)": 15.674570083618164,
      "ptb": 22.190731048583984
    },
    "zeroshot": {
      "boolq": {
        "accuracy": 0.8262996941896025,
        "full_results": {
          "acc,none": 0.8262996941896025,
          "acc_stderr,none": 0.006626155556927284,
          "alias": "boolq"
        }
      },
      "piqa": {
        "accuracy": 0.736126224156692,
        "full_results": {
          "acc,none": 0.7247007616974973,
          "acc_stderr,none": 0.010421429277369502,
          "acc_norm,none": 0.736126224156692,
          "acc_norm_stderr,none": 0.010282996367695665,
          "alias": "piqa"
        }
      },
      "hellaswag": {
        "accuracy": 0.6458872734515037,
        "full_results": {
          "acc,none": 0.46932881896036643,
          "acc_stderr,none": 0.004980384575535353,
          "acc_norm,none": 0.6458872734515037,
          "acc_norm_stderr,none": 0.0047726616596284865,
          "alias": "hellaswag"
        }
      },
      "winogrande": {
        "accuracy": 0.67008681925809,
        "full_results": {
          "acc,none": 0.67008681925809,
          "acc_stderr,none": 0.01321443254251756,
          "alias": "winogrande"
        }
      },
      "arc_easy": {
        "accuracy": 0.6624579124579124,
        "full_results": {
          "acc,none": 0.7142255892255892,
          "acc_stderr,none": 0.009270380606981266,
          "acc_norm,none": 0.6624579124579124,
          "acc_norm_stderr,none": 0.009703117820790056,
          "alias": "arc_easy"
        }
      },
      "arc_challenge": {
        "accuracy": 0.42918088737201365,
        "full_results": {
          "acc,none": 0.4069965870307167,
          "acc_stderr,none": 0.014356399418009202,
          "acc_norm,none": 0.42918088737201365,
          "acc_norm_stderr,none": 0.014464085894870677,
          "alias": "arc_challenge"
        }
      },
      "openbookqa": {
        "accuracy": 0.354,
        "full_results": {
          "acc,none": 0.254,
          "acc_stderr,none": 0.01948659680164342,
          "acc_norm,none": 0.354,
          "acc_norm_stderr,none": 0.02140758204791649,
          "alias": "openbookqa"
        }
      }
    },
    "avg_zeroshot_acc": 0.6177198301265449
  }
}