{
  "model_path": "results/search_Mistral-Instruct_blockwise_20/exp_017_taylor_seq_len256_taylor_num_samples64/pruned_model.bin",
  "timestamp": "2025-12-02T04:13:22.653153",
  "metrics": {
    "model_info": {
      "total_params": 5798420480,
      "trainable_params": 5798420480,
      "total_params_M": 5798.42048,
      "total_params_B": 5.79842048,
      "num_layers": 32,
      "module_params": {
        "embedding": 134217728,
        "lm_head": 134217728,
        "final_norm": 4096,
        "attention": 1342177280,
        "mlp": 4187541504,
        "input_layernorm": 131072,
        "post_attention_layernorm": 131072,
        "total_accounted": 5798420480,
        "unaccounted": 0,
        "match": true
      },
      "attention_params": 1342177280,
      "mlp_params": 4187541504,
      "attention_params_M": 1342.17728,
      "mlp_params_M": 4187.541504,
      "attention_ratio": 0.23147291311995366,
      "mlp_ratio": 0.7221865883034408,
      "model_size_mb": 11059.609619140625,
      "model_size_gb": 10.800400018692017
    },
    "ppl_quick_128": {
      "wikitext2 (wikitext-2-raw-v1)": 44.59462356567383,
      "ptb": 169.63560485839844
    },
    "ppl_standard_2048_512": {
      "wikitext2 (wikitext-2-raw-v1)": 23.737009048461914,
      "ptb": 113.76290893554688
    },
    "ppl": {
      "wikitext2 (wikitext-2-raw-v1)": 23.737009048461914,
      "ptb": 113.76290893554688
    },
    "zeroshot": {
      "boolq": {
        "accuracy": 0.5651376146788991,
        "full_results": {
          "acc,none": 0.5651376146788991,
          "acc_stderr,none": 0.008670528471841644,
          "alias": "boolq"
        }
      },
      "piqa": {
        "accuracy": 0.6692056583242655,
        "full_results": {
          "acc,none": 0.6637649619151251,
          "acc_stderr,none": 0.01102234670897027,
          "acc_norm,none": 0.6692056583242655,
          "acc_norm_stderr,none": 0.010977520584714677,
          "alias": "piqa"
        }
      },
      "hellaswag": {
        "accuracy": 0.4810794662417845,
        "full_results": {
          "acc,none": 0.38498307110137425,
          "acc_stderr,none": 0.004855968578999242,
          "acc_norm,none": 0.4810794662417845,
          "acc_norm_stderr,none": 0.0049862075818629704,
          "alias": "hellaswag"
        }
      },
      "winogrande": {
        "accuracy": 0.5335438042620363,
        "full_results": {
          "acc,none": 0.5335438042620363,
          "acc_stderr,none": 0.014020826677598101,
          "alias": "winogrande"
        }
      },
      "arc_easy": {
        "accuracy": 0.547979797979798,
        "full_results": {
          "acc,none": 0.6039562289562289,
          "acc_stderr,none": 0.010035580962097864,
          "acc_norm,none": 0.547979797979798,
          "acc_norm_stderr,none": 0.010212436978834194,
          "alias": "arc_easy"
        }
      },
      "arc_challenge": {
        "accuracy": 0.3122866894197952,
        "full_results": {
          "acc,none": 0.2713310580204778,
          "acc_stderr,none": 0.012993807727545919,
          "acc_norm,none": 0.3122866894197952,
          "acc_norm_stderr,none": 0.013542598541688069,
          "alias": "arc_challenge"
        }
      },
      "openbookqa": {
        "accuracy": 0.312,
        "full_results": {
          "acc,none": 0.196,
          "acc_stderr,none": 0.017770751227744897,
          "acc_norm,none": 0.312,
          "acc_norm_stderr,none": 0.020740596536488017,
          "alias": "openbookqa"
        }
      }
    },
    "avg_zeroshot_acc": 0.48874757584379697
  }
}