{
  "extreme_pruning_layers": [
    {
      "layer_idx": 1,
      "pruning_rate": 0.8651815878378378,
      "importance": 0.03825565120456992,
      "gradient_mean": 0.004596853007872899,
      "gradient_norm": 5.962905029455821
    },
    {
      "layer_idx": 2,
      "pruning_rate": 0.7220228040540541,
      "importance": 0.06059707326474725,
      "gradient_mean": 0.003122858082254728,
      "gradient_norm": 5.971519351005554
    },
    {
      "layer_idx": 5,
      "pruning_rate": 0.5397487331081081,
      "importance": 0.10912968943247923,
      "gradient_mean": 0.0034752236679196358,
      "gradient_norm": 5.497079471747081
    }
  ],
  "num_extreme_layers": 3,
  "gradient_statistics": {
    "mean_range": [
      0.0008224652459224066,
      0.0069191403066118555
    ],
    "mean_ratio": 8.412683088613225,
    "norm_range": [
      2.4724726180235543,
      6.423649370670319
    ],
    "norm_ratio": 2.5980669405938457
  },
  "diagnosis": [
    {
      "issue": "\u524d\u51e0\u5c42\u88ab\u8fc7\u5ea6\u526a\u679d",
      "severity": "critical",
      "description": "\u524d5\u5c42\u4e2d\u6709 2 \u5c42\u88ab\u8fc7\u5ea6\u526a\u679d",
      "recommendation": "\u524d\u51e0\u5c42\u901a\u5e38\u5f88\u91cd\u8981\uff0c\u5efa\u8bae\u4e3a\u5176\u8bbe\u7f6e\u8f83\u4f4e\u7684 max_rate"
    }
  ]
}