{
  "model_path": "results/search_Llama_20/exp_008_taylor_seq_len64_taylor_num_samples128/pruned_model.bin",
  "timestamp": "2025-12-01T18:15:06.300544",
  "metrics": {
    "model_info": {
      "total_params": 6424219648,
      "trainable_params": 6424219648,
      "total_params_M": 6424.219648,
      "total_params_B": 6.424219648,
      "num_layers": 32,
      "module_params": {
        "embedding": 525336576,
        "lm_head": 525336576,
        "final_norm": 4096,
        "attention": 1216348160,
        "mlp": 4156932096,
        "input_layernorm": 131072,
        "post_attention_layernorm": 131072,
        "total_accounted": 6424219648,
        "unaccounted": 0,
        "match": true
      },
      "attention_params": 1216348160,
      "mlp_params": 4156932096,
      "attention_params_M": 1216.34816,
      "mlp_params_M": 4156.932096,
      "attention_ratio": 0.1893378848555833,
      "mlp_ratio": 0.6470719128188812,
      "model_size_mb": 12253.226806640625,
      "model_size_gb": 11.966041803359985
    },
    "ppl_quick_128": {
      "wikitext2 (wikitext-2-raw-v1)": 33.1334114074707,
      "ptb": 51.0377082824707
    },
    "ppl_standard_2048_512": {
      "wikitext2 (wikitext-2-raw-v1)": 13.848101615905762,
      "ptb": 18.75811767578125
    },
    "ppl": {
      "wikitext2 (wikitext-2-raw-v1)": 13.848101615905762,
      "ptb": 18.75811767578125
    },
    "zeroshot": {
      "boolq": {
        "accuracy": 0.6966360856269113,
        "full_results": {
          "acc,none": 0.6966360856269113,
          "acc_stderr,none": 0.008040396817430436,
          "alias": "boolq"
        }
      },
      "piqa": {
        "accuracy": 0.7317736670293797,
        "full_results": {
          "acc,none": 0.7230685527747551,
          "acc_stderr,none": 0.010440499969334648,
          "acc_norm,none": 0.7317736670293797,
          "acc_norm_stderr,none": 0.010336761992404487,
          "alias": "piqa"
        }
      },
      "hellaswag": {
        "accuracy": 0.6200955984863573,
        "full_results": {
          "acc,none": 0.45030870344552876,
          "acc_stderr,none": 0.0049650784774358265,
          "acc_norm,none": 0.6200955984863573,
          "acc_norm_stderr,none": 0.004843708550386152,
          "alias": "hellaswag"
        }
      },
      "winogrande": {
        "accuracy": 0.6724546172059984,
        "full_results": {
          "acc,none": 0.6724546172059984,
          "acc_stderr,none": 0.013190169546796906,
          "alias": "winogrande"
        }
      },
      "arc_easy": {
        "accuracy": 0.5711279461279462,
        "full_results": {
          "acc,none": 0.6140572390572391,
          "acc_stderr,none": 0.009989277329504026,
          "acc_norm,none": 0.5711279461279462,
          "acc_norm_stderr,none": 0.01015544065290014,
          "alias": "arc_easy"
        }
      },
      "arc_challenge": {
        "accuracy": 0.3455631399317406,
        "full_results": {
          "acc,none": 0.3122866894197952,
          "acc_stderr,none": 0.013542598541688069,
          "acc_norm,none": 0.3455631399317406,
          "acc_norm_stderr,none": 0.013896938461145866,
          "alias": "arc_challenge"
        }
      },
      "openbookqa": {
        "accuracy": 0.376,
        "full_results": {
          "acc,none": 0.254,
          "acc_stderr,none": 0.01948659680164342,
          "acc_norm,none": 0.376,
          "acc_norm_stderr,none": 0.02168382753928621,
          "alias": "openbookqa"
        }
      }
    },
    "avg_zeroshot_acc": 0.5733787220583333
  }
}