{
  "0": 8.499562114477158,
  "1": 0.3231234053770704,
  "2": 0.45109101136525487,
  "3": 0.9439257085323338,
  "4": 1.403447856505712,
  "5": 0.09821767608324716,
  "6": 0.16600890954335545,
  "7": 0.10198262333869934,
  "8": 0.0953979094823203,
  "9": 0.32881556948026036,
  "10": 0.08292511105537415,
  "11": 0.0858068962891898,
  "12": 0.03967722256978368,
  "13": 0.051777472098668564,
  "14": 0.04838871955871582,
  "15": 0.023210744063059785,
  "16": -0.005927324295043945,
  "17": 0.026854097843170166,
  "18": 0.014040867487589814,
  "19": 0.08714283506075571,
  "20": 0.0952426393826804,
  "21": 0.06739335258801793,
  "22": 0.15256743629773473,
  "23": 0.13471558690071106,
  "24": 0.22774698336919164,
  "25": 0.26179318626721715,
  "26": 0.458839962879817,
  "27": 1.8140089015165963
}