{
  "model_path": "results/search_Qwen_20/exp_020_taylor_seq_len256_taylor_num_samples512/pruned_model.bin",
  "timestamp": "2025-12-02T05:16:20.722795",
  "metrics": {
    "model_info": {
      "total_params": 6092498944,
      "trainable_params": 6092498944,
      "total_params_M": 6092.498944,
      "total_params_B": 6.092498944,
      "num_layers": 28,
      "module_params": {
        "embedding": 544997376,
        "lm_head": 544997376,
        "final_norm": 3584,
        "attention": 822212608,
        "mlp": 4180087296,
        "input_layernorm": 100352,
        "post_attention_layernorm": 100352,
        "total_accounted": 6092498944,
        "unaccounted": 0,
        "match": true
      },
      "attention_params": 822212608,
      "mlp_params": 4180087296,
      "attention_params_M": 822.212608,
      "mlp_params_M": 4180.087296,
      "attention_ratio": 0.1349549036540629,
      "mlp_ratio": 0.6861039016045499,
      "model_size_mb": 11620.519775390625,
      "model_size_gb": 11.348163843154907
    },
    "ppl_quick_128": {
      "wikitext2 (wikitext-2-raw-v1)": 42.80698013305664,
      "ptb": 64.57902526855469
    },
    "ppl_standard_2048_512": {
      "wikitext2 (wikitext-2-raw-v1)": 16.773061752319336,
      "ptb": 23.44451141357422
    },
    "ppl": {
      "wikitext2 (wikitext-2-raw-v1)": 16.773061752319336,
      "ptb": 23.44451141357422
    },
    "zeroshot": {
      "boolq": {
        "accuracy": 0.7932721712538227,
        "full_results": {
          "acc,none": 0.7932721712538227,
          "acc_stderr,none": 0.007082769702952098,
          "alias": "boolq"
        }
      },
      "piqa": {
        "accuracy": 0.7105549510337323,
        "full_results": {
          "acc,none": 0.7089227421109902,
          "acc_stderr,none": 0.010598612490942636,
          "acc_norm,none": 0.7105549510337323,
          "acc_norm_stderr,none": 0.010581014740675708,
          "alias": "piqa"
        }
      },
      "hellaswag": {
        "accuracy": 0.6280621390161323,
        "full_results": {
          "acc,none": 0.46574387572196774,
          "acc_stderr,none": 0.0049780567987948365,
          "acc_norm,none": 0.6280621390161323,
          "acc_norm_stderr,none": 0.004823341569605375,
          "alias": "hellaswag"
        }
      },
      "winogrande": {
        "accuracy": 0.6424625098658248,
        "full_results": {
          "acc,none": 0.6424625098658248,
          "acc_stderr,none": 0.013470007443920773,
          "alias": "winogrande"
        }
      },
      "arc_easy": {
        "accuracy": 0.6494107744107744,
        "full_results": {
          "acc,none": 0.6666666666666666,
          "acc_stderr,none": 0.009673016668133489,
          "acc_norm,none": 0.6494107744107744,
          "acc_norm_stderr,none": 0.009791003829831646,
          "alias": "arc_easy"
        }
      },
      "arc_challenge": {
        "accuracy": 0.41638225255972694,
        "full_results": {
          "acc,none": 0.36689419795221845,
          "acc_stderr,none": 0.014084133118104419,
          "acc_norm,none": 0.41638225255972694,
          "acc_norm_stderr,none": 0.014405618279436053,
          "alias": "arc_challenge"
        }
      },
      "openbookqa": {
        "accuracy": 0.348,
        "full_results": {
          "acc,none": 0.24,
          "acc_stderr,none": 0.0191188666537598,
          "acc_norm,none": 0.348,
          "acc_norm_stderr,none": 0.021323728632807425,
          "alias": "openbookqa"
        }
      }
    },
    "avg_zeroshot_acc": 0.5983063997342876
  }
}