{
  "attention": {
    "0": 6.724600672721863,
    "1": 1.5509476065635681,
    "2": 0.3698616027832031,
    "3": 0.18932503461837769,
    "4": 0.19544076919555664,
    "5": 0.14198452234268188,
    "6": 0.11046725511550903,
    "7": 0.11737179756164551,
    "8": 0.10318219661712646,
    "9": 0.13078945875167847,
    "10": 0.04081696271896362,
    "11": 0.047055602073669434,
    "12": 0.05240273475646973,
    "13": 0.058123111724853516,
    "14": 0.0462033748626709,
    "15": 0.037347376346588135,
    "16": 0.0574955940246582,
    "17": 0.041706085205078125,
    "18": 0.08526253700256348,
    "19": 0.09024614095687866,
    "20": 0.05189770460128784,
    "21": 0.03503847122192383,
    "22": 0.05229055881500244,
    "23": 0.07753592729568481,
    "24": 0.017215371131896973,
    "25": 0.0478363037109375,
    "26": 0.043699562549591064,
    "27": 0.6856191754341125
  },
  "mlp": {
    "0": 1.1930450201034546,
    "1": 8.713385701179504,
    "2": 4.996390700340271,
    "3": 3.759383797645569,
    "4": 3.406885504722595,
    "5": 2.1598013639450073,
    "6": 0.42005693912506104,
    "7": 0.26407963037490845,
    "8": 0.19868367910385132,
    "9": 0.43649613857269287,
    "10": 0.169461190700531,
    "11": 0.22852575778961182,
    "12": 0.18491202592849731,
    "13": 0.11063039302825928,
    "14": 0.08352988958358765,
    "15": 0.07851123809814453,
    "16": 0.05662482976913452,
    "17": 0.05545610189437866,
    "18": 0.07607579231262207,
    "19": 0.12154245376586914,
    "20": 0.13981807231903076,
    "21": 0.06468623876571655,
    "22": 0.18356025218963623,
    "23": 0.18293523788452148,
    "24": 0.15303254127502441,
    "25": 0.17593324184417725,
    "26": 0.33616364002227783,
    "27": 1.1335829496383667
  }
}