{
  "model_path": "results/Mistral-7B-v0.3/blockwise_20_64/pruned_model.bin",
  "timestamp": "2025-11-30T15:47:42.536331",
  "metrics": {
    "model_info": {
      "total_params": 5798428672,
      "trainable_params": 5798428672,
      "total_params_M": 5798.428672,
      "total_params_B": 5.798428672,
      "num_layers": 32,
      "module_params": {
        "embedding": 134217728,
        "lm_head": 134217728,
        "final_norm": 4096,
        "attention": 1331691520,
        "mlp": 4198035456,
        "input_layernorm": 131072,
        "post_attention_layernorm": 131072,
        "total_accounted": 5798428672,
        "unaccounted": 0,
        "match": true
      },
      "attention_params": 1331691520,
      "mlp_params": 4198035456,
      "attention_params_M": 1331.69152,
      "mlp_params_M": 4198.035456,
      "attention_ratio": 0.2296642065169479,
      "mlp_ratio": 0.723995360376143,
      "model_size_mb": 11059.625244140625,
      "model_size_gb": 10.800415277481079
    },
    "ppl_quick_128": {
      "wikitext2 (wikitext-2-raw-v1)": 23.970487594604492,
      "ptb": 98.94219970703125
    },
    "ppl_standard_2048_512": {
      "wikitext2 (wikitext-2-raw-v1)": 11.687949180603027,
      "ptb": 80.21712493896484
    },
    "ppl": {
      "wikitext2 (wikitext-2-raw-v1)": 11.687949180603027,
      "ptb": 80.21712493896484
    },
    "zeroshot": {
      "boolq": {
        "accuracy": 0.6428134556574924,
        "full_results": {
          "acc,none": 0.6428134556574924,
          "acc_stderr,none": 0.008380743796951397,
          "alias": "boolq"
        }
      },
      "piqa": {
        "accuracy": 0.7627856365614799,
        "full_results": {
          "acc,none": 0.7573449401523396,
          "acc_stderr,none": 0.010002002569708613,
          "acc_norm,none": 0.7627856365614799,
          "acc_norm_stderr,none": 0.00992469493358645,
          "alias": "piqa"
        }
      },
      "hellaswag": {
        "accuracy": 0.6210914160525791,
        "full_results": {
          "acc,none": 0.47161919936267677,
          "acc_stderr,none": 0.004981736689518956,
          "acc_norm,none": 0.6210914160525791,
          "acc_norm_stderr,none": 0.004841238763529389,
          "alias": "hellaswag"
        }
      },
      "winogrande": {
        "accuracy": 0.6195737963693765,
        "full_results": {
          "acc,none": 0.6195737963693765,
          "acc_stderr,none": 0.01364472790865672,
          "alias": "winogrande"
        }
      },
      "arc_easy": {
        "accuracy": 0.6165824915824916,
        "full_results": {
          "acc,none": 0.664983164983165,
          "acc_stderr,none": 0.009685160765932217,
          "acc_norm,none": 0.6165824915824916,
          "acc_norm_stderr,none": 0.009976995068264598,
          "alias": "arc_easy"
        }
      },
      "arc_challenge": {
        "accuracy": 0.35665529010238906,
        "full_results": {
          "acc,none": 0.3387372013651877,
          "acc_stderr,none": 0.013830568927974365,
          "acc_norm,none": 0.35665529010238906,
          "acc_norm_stderr,none": 0.013998056902620168,
          "alias": "arc_challenge"
        }
      },
      "openbookqa": {
        "accuracy": 0.38,
        "full_results": {
          "acc,none": 0.288,
          "acc_stderr,none": 0.020271503835075255,
          "acc_norm,none": 0.38,
          "acc_norm_stderr,none": 0.021728881438701678,
          "alias": "openbookqa"
        }
      }
    },
    "avg_zeroshot_acc": 0.5713574409036869,
    "efficiency": {
      "model_info": {
        "total_params": 5798428672,
        "trainable_params": 5798428672,
        "total_params_M": 5798.428672,
        "total_params_B": 5.798428672,
        "num_layers": 32,
        "module_params": {
          "embedding": 134217728,
          "lm_head": 134217728,
          "final_norm": 4096,
          "attention": 1331691520,
          "mlp": 4198035456,
          "input_layernorm": 131072,
          "post_attention_layernorm": 131072,
          "total_accounted": 5798428672,
          "unaccounted": 0,
          "match": true
        },
        "attention_params": 1331691520,
        "mlp_params": 4198035456,
        "attention_params_M": 1331.69152,
        "mlp_params_M": 4198.035456,
        "attention_ratio": 0.2296642065169479,
        "mlp_ratio": 0.723995360376143,
        "model_size_mb": 11059.625244140625,
        "model_size_gb": 10.800415277481079
      },
      "speed": {
        "batch_size_1": {
          "throughput_tokens_per_sec": 25.716095500703442,
          "latency_ms_per_token": 38.8861520588398,
          "total_time_sec": 248.8713731765747,
          "total_tokens": 6400
        },
        "batch_size_4": {
          "throughput_tokens_per_sec": 93.45901986614435,
          "latency_ms_per_token": 10.699876816943288,
          "total_time_sec": 65.74004316329956,
          "total_tokens": 6144
        }
      },
      "memory": {
        "model_memory_mb": 36100.89990234375,
        "inference_peak_mb": 36208.53564453125
      }
    }
  }
}