{
  "model_path": "results/search_Mistral-Instruct_blockwise_20/exp_004_taylor_seq_len32_taylor_num_samples256/pruned_model.bin",
  "timestamp": "2025-12-02T00:24:30.868308",
  "metrics": {
    "model_info": {
      "total_params": 5798424576,
      "trainable_params": 5798424576,
      "total_params_M": 5798.424576,
      "total_params_B": 5.798424576,
      "num_layers": 32,
      "module_params": {
        "embedding": 134217728,
        "lm_head": 134217728,
        "final_norm": 4096,
        "attention": 975175680,
        "mlp": 4554547200,
        "input_layernorm": 131072,
        "post_attention_layernorm": 131072,
        "total_accounted": 5798424576,
        "unaccounted": 0,
        "match": true
      },
      "attention_params": 975175680,
      "mlp_params": 4554547200,
      "attention_params_M": 975.17568,
      "mlp_params_M": 4554.5472,
      "attention_ratio": 0.1681794196368969,
      "mlp_ratio": 0.7854801145213689,
      "model_size_mb": 11059.617431640625,
      "model_size_gb": 10.800407648086548
    },
    "ppl_quick_128": {
      "wikitext2 (wikitext-2-raw-v1)": 43.34784698486328,
      "ptb": 264.9436950683594
    },
    "ppl_standard_2048_512": {
      "wikitext2 (wikitext-2-raw-v1)": 28.91838836669922,
      "ptb": 179.03921508789062
    },
    "ppl": {
      "wikitext2 (wikitext-2-raw-v1)": 28.91838836669922,
      "ptb": 179.03921508789062
    },
    "zeroshot": {
      "boolq": {
        "accuracy": 0.7590214067278287,
        "full_results": {
          "acc,none": 0.7590214067278287,
          "acc_stderr,none": 0.007480123776724746,
          "alias": "boolq"
        }
      },
      "piqa": {
        "accuracy": 0.7682263329706203,
        "full_results": {
          "acc,none": 0.7535364526659413,
          "acc_stderr,none": 0.01005481078967165,
          "acc_norm,none": 0.7682263329706203,
          "acc_norm_stderr,none": 0.009845143772794095,
          "alias": "piqa"
        }
      },
      "hellaswag": {
        "accuracy": 0.6872137024497113,
        "full_results": {
          "acc,none": 0.5159330810595499,
          "acc_stderr,none": 0.004987247325495675,
          "acc_norm,none": 0.6872137024497113,
          "acc_norm_stderr,none": 0.004626805906522437,
          "alias": "hellaswag"
        }
      },
      "winogrande": {
        "accuracy": 0.5943172849250198,
        "full_results": {
          "acc,none": 0.5943172849250198,
          "acc_stderr,none": 0.013800206336014186,
          "alias": "winogrande"
        }
      },
      "arc_easy": {
        "accuracy": 0.7222222222222222,
        "full_results": {
          "acc,none": 0.7239057239057239,
          "acc_stderr,none": 0.00917355987383544,
          "acc_norm,none": 0.7222222222222222,
          "acc_norm_stderr,none": 0.009190779909650122,
          "alias": "arc_easy"
        }
      },
      "arc_challenge": {
        "accuracy": 0.48378839590443684,
        "full_results": {
          "acc,none": 0.4735494880546075,
          "acc_stderr,none": 0.014590931358120202,
          "acc_norm,none": 0.48378839590443684,
          "acc_norm_stderr,none": 0.014603708567414945,
          "alias": "arc_challenge"
        }
      },
      "openbookqa": {
        "accuracy": 0.39,
        "full_results": {
          "acc,none": 0.286,
          "acc_stderr,none": 0.020229346329177604,
          "acc_norm,none": 0.39,
          "acc_norm_stderr,none": 0.021834685869369132,
          "alias": "openbookqa"
        }
      }
    },
    "avg_zeroshot_acc": 0.6292556207428343
  }
}