{
  "model_path": "results/search_Mistral_blockwise_20/exp_019_taylor_seq_len256_taylor_num_samples256/pruned_model.bin",
  "timestamp": "2025-12-02T17:57:14.367946",
  "metrics": {
    "model_info": {
      "total_params": 5798420480,
      "trainable_params": 5798420480,
      "total_params_M": 5798.42048,
      "total_params_B": 5.79842048,
      "num_layers": 32,
      "module_params": {
        "embedding": 134217728,
        "lm_head": 134217728,
        "final_norm": 4096,
        "attention": 1342177280,
        "mlp": 4187541504,
        "input_layernorm": 131072,
        "post_attention_layernorm": 131072,
        "total_accounted": 5798420480,
        "unaccounted": 0,
        "match": true
      },
      "attention_params": 1342177280,
      "mlp_params": 4187541504,
      "attention_params_M": 1342.17728,
      "mlp_params_M": 4187.541504,
      "attention_ratio": 0.23147291311995366,
      "mlp_ratio": 0.7221865883034408,
      "model_size_mb": 11059.609619140625,
      "model_size_gb": 10.800400018692017
    },
    "ppl_quick_128": {
      "wikitext2 (wikitext-2-raw-v1)": 58.307350158691406,
      "ptb": 200.39923095703125
    },
    "ppl_standard_2048_512": {
      "wikitext2 (wikitext-2-raw-v1)": 36.56414794921875,
      "ptb": 171.25442504882812
    },
    "ppl": {
      "wikitext2 (wikitext-2-raw-v1)": 36.56414794921875,
      "ptb": 171.25442504882812
    },
    "zeroshot": {
      "boolq": {
        "accuracy": 0.5553516819571865,
        "full_results": {
          "acc,none": 0.5553516819571865,
          "acc_stderr,none": 0.008691303433317355,
          "alias": "boolq"
        }
      },
      "piqa": {
        "accuracy": 0.6001088139281828,
        "full_results": {
          "acc,none": 0.6099020674646355,
          "acc_stderr,none": 0.011380525046581682,
          "acc_norm,none": 0.6001088139281828,
          "acc_norm_stderr,none": 0.011429608127857762,
          "alias": "piqa"
        }
      },
      "hellaswag": {
        "accuracy": 0.37353116908982276,
        "full_results": {
          "acc,none": 0.3180641306512647,
          "acc_stderr,none": 0.00464772722244556,
          "acc_norm,none": 0.37353116908982276,
          "acc_norm_stderr,none": 0.0048275265848897455,
          "alias": "hellaswag"
        }
      },
      "winogrande": {
        "accuracy": 0.526440410418311,
        "full_results": {
          "acc,none": 0.526440410418311,
          "acc_stderr,none": 0.014032823874407293,
          "alias": "winogrande"
        }
      },
      "arc_easy": {
        "accuracy": 0.38930976430976433,
        "full_results": {
          "acc,none": 0.43602693602693604,
          "acc_stderr,none": 0.0101754595827598,
          "acc_norm,none": 0.38930976430976433,
          "acc_norm_stderr,none": 0.010005212782878208,
          "alias": "arc_easy"
        }
      },
      "arc_challenge": {
        "accuracy": 0.23464163822525597,
        "full_results": {
          "acc,none": 0.2030716723549488,
          "acc_stderr,none": 0.011755899303705644,
          "acc_norm,none": 0.23464163822525597,
          "acc_norm_stderr,none": 0.01238387356076873,
          "alias": "arc_challenge"
        }
      },
      "openbookqa": {
        "accuracy": 0.29,
        "full_results": {
          "acc,none": 0.172,
          "acc_stderr,none": 0.01689386887634749,
          "acc_norm,none": 0.29,
          "acc_norm_stderr,none": 0.020313179231745138,
          "alias": "openbookqa"
        }
      }
    },
    "avg_zeroshot_acc": 0.4241976397040748
  }
}