{
  "model_path": "results/all_model_blockwise_128_128_8/Llama-Instruct/LLM-Pruner/pruned_model.bin",
  "timestamp": "2025-12-12T05:16:30.711110",
  "metrics": {
    "model_info": {
      "total_params": 6474887168,
      "trainable_params": 6474887168,
      "total_params_M": 6474.887168,
      "total_params_B": 6.474887168,
      "num_layers": 32,
      "module_params": {
        "embedding": 525336576,
        "lm_head": 525336576,
        "final_norm": 4096,
        "attention": 1069547520,
        "mlp": 4354400256,
        "input_layernorm": 131072,
        "post_attention_layernorm": 131072,
        "total_accounted": 6474887168,
        "unaccounted": 0,
        "match": true
      },
      "attention_params": 1069547520,
      "mlp_params": 4354400256,
      "attention_params_M": 1069.54752,
      "mlp_params_M": 4354.400256,
      "attention_ratio": 0.16518396263117707,
      "mlp_ratio": 0.672505966979655,
      "model_size_mb": 12349.867309570312,
      "model_size_gb": 12.060417294502258
    },
    "ppl_quick_128": {
      "wikitext2 (wikitext-2-raw-v1)": 34.4660530090332,
      "ptb": 48.89345169067383
    },
    "ppl_standard_2048_512": {
      "wikitext2 (wikitext-2-raw-v1)": 16.336711883544922,
      "ptb": 21.473203659057617
    },
    "ppl": {
      "wikitext2 (wikitext-2-raw-v1)": 16.336711883544922,
      "ptb": 21.473203659057617
    },
    "zeroshot": {
      "boolq": {
        "accuracy": 0.6412844036697247,
        "full_results": {
          "acc,none": 0.6412844036697247,
          "acc_stderr,none": 0.008388668034059407,
          "alias": "boolq"
        }
      },
      "piqa": {
        "accuracy": 0.721436343852013,
        "full_results": {
          "acc,none": 0.7279651795429815,
          "acc_stderr,none": 0.0103827637862474,
          "acc_norm,none": 0.721436343852013,
          "acc_norm_stderr,none": 0.01045939723596504,
          "alias": "piqa"
        }
      },
      "hellaswag": {
        "accuracy": 0.5476996614220275,
        "full_results": {
          "acc,none": 0.41107349133638715,
          "acc_stderr,none": 0.004910229643262805,
          "acc_norm,none": 0.5476996614220275,
          "acc_norm_stderr,none": 0.004967023435680462,
          "alias": "hellaswag"
        }
      },
      "winogrande": {
        "accuracy": 0.5698500394632992,
        "full_results": {
          "acc,none": 0.5698500394632992,
          "acc_stderr,none": 0.013914685094716689,
          "alias": "winogrande"
        }
      },
      "arc_easy": {
        "accuracy": 0.6161616161616161,
        "full_results": {
          "acc,none": 0.6611952861952862,
          "acc_stderr,none": 0.009711980224301807,
          "acc_norm,none": 0.6161616161616161,
          "acc_norm_stderr,none": 0.009979061846649267,
          "alias": "arc_easy"
        }
      },
      "arc_challenge": {
        "accuracy": 0.3319112627986348,
        "full_results": {
          "acc,none": 0.30716723549488056,
          "acc_stderr,none": 0.01348103405498098,
          "acc_norm,none": 0.3319112627986348,
          "acc_norm_stderr,none": 0.01376098820088056,
          "alias": "arc_challenge"
        }
      },
      "openbookqa": {
        "accuracy": 0.32,
        "full_results": {
          "acc,none": 0.212,
          "acc_stderr,none": 0.01829703700401386,
          "acc_norm,none": 0.32,
          "acc_norm_stderr,none": 0.02088234048876172,
          "alias": "openbookqa"
        }
      }
    },
    "avg_zeroshot_acc": 0.5354776181953308
  }
}