{
  "model_path": "results/search_Qwen-Instruct_blockwise_20/exp_018_taylor_seq_len256_taylor_num_samples128/pruned_model.bin",
  "timestamp": "2025-12-03T01:14:56.121635",
  "metrics": {
    "model_info": {
      "total_params": 6092498944,
      "trainable_params": 6092498944,
      "total_params_M": 6092.498944,
      "total_params_B": 6.092498944,
      "num_layers": 28,
      "module_params": {
        "embedding": 544997376,
        "lm_head": 544997376,
        "final_norm": 3584,
        "attention": 822212608,
        "mlp": 4180087296,
        "input_layernorm": 100352,
        "post_attention_layernorm": 100352,
        "total_accounted": 6092498944,
        "unaccounted": 0,
        "match": true
      },
      "attention_params": 822212608,
      "mlp_params": 4180087296,
      "attention_params_M": 822.212608,
      "mlp_params_M": 4180.087296,
      "attention_ratio": 0.1349549036540629,
      "mlp_ratio": 0.6861039016045499,
      "model_size_mb": 11620.519775390625,
      "model_size_gb": 11.348163843154907
    },
    "ppl_quick_128": {
      "wikitext2 (wikitext-2-raw-v1)": 74.14351654052734,
      "ptb": 109.2110366821289
    },
    "ppl_standard_2048_512": {
      "wikitext2 (wikitext-2-raw-v1)": 26.691856384277344,
      "ptb": 44.618404388427734
    },
    "ppl": {
      "wikitext2 (wikitext-2-raw-v1)": 26.691856384277344,
      "ptb": 44.618404388427734
    },
    "zeroshot": {
      "boolq": {
        "accuracy": 0.6987767584097859,
        "full_results": {
          "acc,none": 0.6987767584097859,
          "acc_stderr,none": 0.008024278704994172,
          "alias": "boolq"
        }
      },
      "piqa": {
        "accuracy": 0.6926006528835691,
        "full_results": {
          "acc,none": 0.6877040261153428,
          "acc_stderr,none": 0.010812581599154419,
          "acc_norm,none": 0.6926006528835691,
          "acc_norm_stderr,none": 0.010765602506938959,
          "alias": "piqa"
        }
      },
      "hellaswag": {
        "accuracy": 0.5994821748655647,
        "full_results": {
          "acc,none": 0.4570802628958375,
          "acc_stderr,none": 0.004971364031062367,
          "acc_norm,none": 0.5994821748655647,
          "acc_norm_stderr,none": 0.004890019356021247,
          "alias": "hellaswag"
        }
      },
      "winogrande": {
        "accuracy": 0.6345698500394633,
        "full_results": {
          "acc,none": 0.6345698500394633,
          "acc_stderr,none": 0.013533965097638776,
          "alias": "winogrande"
        }
      },
      "arc_easy": {
        "accuracy": 0.5517676767676768,
        "full_results": {
          "acc,none": 0.601010101010101,
          "acc_stderr,none": 0.010048240683798788,
          "acc_norm,none": 0.5517676767676768,
          "acc_norm_stderr,none": 0.010204645126856943,
          "alias": "arc_easy"
        }
      },
      "arc_challenge": {
        "accuracy": 0.386518771331058,
        "full_results": {
          "acc,none": 0.35494880546075086,
          "acc_stderr,none": 0.013983036904094233,
          "acc_norm,none": 0.386518771331058,
          "acc_norm_stderr,none": 0.01423008476191056,
          "alias": "arc_challenge"
        }
      },
      "openbookqa": {
        "accuracy": 0.326,
        "full_results": {
          "acc,none": 0.22,
          "acc_stderr,none": 0.01854421137582028,
          "acc_norm,none": 0.326,
          "acc_norm_stderr,none": 0.02098400956239367,
          "alias": "openbookqa"
        }
      }
    },
    "avg_zeroshot_acc": 0.5556736977567311
  }
}