{
  "model_path": "results/search_Qwen-Instruct_blockwise_20/exp_013_taylor_seq_len128_taylor_num_samples128/pruned_model.bin",
  "timestamp": "2025-12-02T23:46:50.131263",
  "metrics": {
    "model_info": {
      "total_params": 6092498944,
      "trainable_params": 6092498944,
      "total_params_M": 6092.498944,
      "total_params_B": 6.092498944,
      "num_layers": 28,
      "module_params": {
        "embedding": 544997376,
        "lm_head": 544997376,
        "final_norm": 3584,
        "attention": 822212608,
        "mlp": 4180087296,
        "input_layernorm": 100352,
        "post_attention_layernorm": 100352,
        "total_accounted": 6092498944,
        "unaccounted": 0,
        "match": true
      },
      "attention_params": 822212608,
      "mlp_params": 4180087296,
      "attention_params_M": 822.212608,
      "mlp_params_M": 4180.087296,
      "attention_ratio": 0.1349549036540629,
      "mlp_ratio": 0.6861039016045499,
      "model_size_mb": 11620.519775390625,
      "model_size_gb": 11.348163843154907
    },
    "ppl_quick_128": {
      "wikitext2 (wikitext-2-raw-v1)": 70.02679443359375,
      "ptb": 101.23929595947266
    },
    "ppl_standard_2048_512": {
      "wikitext2 (wikitext-2-raw-v1)": 25.624479293823242,
      "ptb": 39.38483428955078
    },
    "ppl": {
      "wikitext2 (wikitext-2-raw-v1)": 25.624479293823242,
      "ptb": 39.38483428955078
    },
    "zeroshot": {
      "boolq": {
        "accuracy": 0.7165137614678899,
        "full_results": {
          "acc,none": 0.7165137614678899,
          "acc_stderr,none": 0.007882623766693384,
          "alias": "boolq"
        }
      },
      "piqa": {
        "accuracy": 0.6980413492927094,
        "full_results": {
          "acc,none": 0.690424374319913,
          "acc_stderr,none": 0.010786656752183356,
          "acc_norm,none": 0.6980413492927094,
          "acc_norm_stderr,none": 0.010711732891588133,
          "alias": "piqa"
        }
      },
      "hellaswag": {
        "accuracy": 0.6033658633738299,
        "full_results": {
          "acc,none": 0.4478191595299741,
          "acc_stderr,none": 0.004962534264751826,
          "acc_norm,none": 0.6033658633738299,
          "acc_norm_stderr,none": 0.004881990487629092,
          "alias": "hellaswag"
        }
      },
      "winogrande": {
        "accuracy": 0.6282557221783741,
        "full_results": {
          "acc,none": 0.6282557221783741,
          "acc_stderr,none": 0.013582306284992811,
          "alias": "winogrande"
        }
      },
      "arc_easy": {
        "accuracy": 0.5791245791245792,
        "full_results": {
          "acc,none": 0.617003367003367,
          "acc_stderr,none": 0.009974920384536524,
          "acc_norm,none": 0.5791245791245792,
          "acc_norm_stderr,none": 0.010130502164066243,
          "alias": "arc_easy"
        }
      },
      "arc_challenge": {
        "accuracy": 0.3779863481228669,
        "full_results": {
          "acc,none": 0.34812286689419797,
          "acc_stderr,none": 0.013921008595179299,
          "acc_norm,none": 0.3779863481228669,
          "acc_norm_stderr,none": 0.014169664520303164,
          "alias": "arc_challenge"
        }
      },
      "openbookqa": {
        "accuracy": 0.344,
        "full_results": {
          "acc,none": 0.232,
          "acc_stderr,none": 0.01889619359195203,
          "acc_norm,none": 0.344,
          "acc_norm_stderr,none": 0.021265758037978793,
          "alias": "openbookqa"
        }
      }
    },
    "avg_zeroshot_acc": 0.5638982319371785
  }
}