{
  "0": 3.8731802839635043,
  "1": 3.081511947503801,
  "2": 0.04720727335900721,
  "3": 0.031108986590009824,
  "4": 0.0437343188829038,
  "5": 0.047731075917627486,
  "6": 0.025963346438017343,
  "7": 0.03816613675575997,
  "8": 0.049149672817972334,
  "9": 0.039240801322613095,
  "10": 0.041181541501240204,
  "11": 0.015743013901630576,
  "12": 0.029817719097080975,
  "13": 0.02683638490787965,
  "14": 0.010532273474238796,
  "15": 0.03974055161245493,
  "16": 0.0332938224400845,
  "17": 0.0473653877122735,
  "18": 0.07524966252167875,
  "19": 0.12359215523624734,
  "20": 0.08588562807231881,
  "21": 0.0341295962978565,
  "22": 0.04906563015115939,
  "23": 0.0549224945776321,
  "24": 0.03983254164369088,
  "25": 0.07120128445187568,
  "26": 0.03225208411447422,
  "27": 0.04345445877707865,
  "28": 0.062149496916369174,
  "29": 0.06834574465925813,
  "30": 0.0716494021740508,
  "31": 0.2632315700169494
}