{
  "model_path": "results/finetuned/Mistral/best_acc_finetuned/pruned_model.bin",
  "timestamp": "2025-12-06T20:33:06.710475",
  "metrics": {
    "model_info": {
      "total_params": 5798424576,
      "trainable_params": 0,
      "total_params_M": 5798.424576,
      "total_params_B": 5.798424576,
      "num_layers": 32,
      "module_params": {
        "embedding": 134217728,
        "lm_head": 134217728,
        "final_norm": 4096,
        "attention": 1305477120,
        "mlp": 4224245760,
        "input_layernorm": 131072,
        "post_attention_layernorm": 131072,
        "total_accounted": 5798424576,
        "unaccounted": 0,
        "match": true
      },
      "attention_params": 1305477120,
      "mlp_params": 4224245760,
      "attention_params_M": 1305.47712,
      "mlp_params_M": 4224.24576,
      "attention_ratio": 0.22514341661068457,
      "mlp_ratio": 0.7285161175475813,
      "model_size_mb": 11059.617309570312,
      "model_size_gb": 10.800407528877258
    },
    "ppl_quick_128": {
      "wikitext2 (wikitext-2-raw-v1)": 44.51476287841797,
      "ptb": 85.26923370361328
    },
    "ppl_standard_2048_512": {
      "wikitext2 (wikitext-2-raw-v1)": 10.03188419342041,
      "ptb": 29.187143325805664
    },
    "ppl": {
      "wikitext2 (wikitext-2-raw-v1)": 10.03188419342041,
      "ptb": 29.187143325805664
    },
    "zeroshot": {
      "boolq": {
        "accuracy": 0.7663608562691131,
        "full_results": {
          "acc,none": 0.7663608562691131,
          "acc_stderr,none": 0.007400856775936239,
          "alias": "boolq"
        }
      },
      "piqa": {
        "accuracy": 0.7431991294885746,
        "full_results": {
          "acc,none": 0.7372143634385201,
          "acc_stderr,none": 0.01026935406814087,
          "acc_norm,none": 0.7431991294885746,
          "acc_norm_stderr,none": 0.010192864802277986,
          "alias": "piqa"
        }
      },
      "hellaswag": {
        "accuracy": 0.69398526190002,
        "full_results": {
          "acc,none": 0.5138418641704839,
          "acc_stderr,none": 0.004987868988629601,
          "acc_norm,none": 0.69398526190002,
          "acc_norm_stderr,none": 0.004598940722373972,
          "alias": "hellaswag"
        }
      },
      "winogrande": {
        "accuracy": 0.6582478295185478,
        "full_results": {
          "acc,none": 0.6582478295185478,
          "acc_stderr,none": 0.013330103018622926,
          "alias": "winogrande"
        }
      },
      "arc_easy": {
        "accuracy": 0.6544612794612794,
        "full_results": {
          "acc,none": 0.7045454545454546,
          "acc_stderr,none": 0.009361987126556398,
          "acc_norm,none": 0.6544612794612794,
          "acc_norm_stderr,none": 0.009757948730670471,
          "alias": "arc_easy"
        }
      },
      "arc_challenge": {
        "accuracy": 0.4351535836177474,
        "full_results": {
          "acc,none": 0.4121160409556314,
          "acc_stderr,none": 0.014383915302225433,
          "acc_norm,none": 0.4351535836177474,
          "acc_norm_stderr,none": 0.014487986197186081,
          "alias": "arc_challenge"
        }
      },
      "openbookqa": {
        "accuracy": 0.39,
        "full_results": {
          "acc,none": 0.284,
          "acc_stderr,none": 0.020186703693570774,
          "acc_norm,none": 0.39,
          "acc_norm_stderr,none": 0.021834685869369132,
          "alias": "openbookqa"
        }
      }
    },
    "avg_zeroshot_acc": 0.6202011343221832
  }
}