{
  "attention": {
    "0": 7.056675491304765,
    "1": 5.657258481169736,
    "2": 6.648088608889565,
    "3": 5.909683698492247,
    "4": 6.275320808367339,
    "5": 6.229215753984593,
    "6": 5.910441888402503,
    "7": 5.821314794054625,
    "8": 5.709165986645727,
    "9": 5.760684948447661,
    "10": 5.623068104138614,
    "11": 5.577607402679127,
    "12": 5.594378692847249,
    "13": 5.375356532272911,
    "14": 5.443788888306161,
    "15": 5.106528274869401,
    "16": 4.796381513316916,
    "17": 3.9514107433499843,
    "18": 3.800748535817138,
    "19": 3.348295598957404,
    "20": 3.113748306347846,
    "21": 2.767700083517016,
    "22": 2.6276331670427835,
    "23": 2.4148538277391616,
    "24": 2.322226377253706,
    "25": 2.250316832872863,
    "26": 1.8913727284419215,
    "27": 1.6352876178839364,
    "28": 1.299708569979503,
    "29": 1.0208783587486816,
    "30": 0.5664030881883595,
    "31": 0.2360703745104833
  },
  "mlp": {
    "0": 6.244181043892245,
    "1": 6.853783963580946,
    "2": 5.083465256319112,
    "3": 5.602549923137051,
    "4": 6.141155001206317,
    "5": 6.163331920749932,
    "6": 5.701703172563212,
    "7": 5.736387833908774,
    "8": 5.474427634848306,
    "9": 5.345504624469377,
    "10": 5.016278815999082,
    "11": 4.930122766890154,
    "12": 4.9301651748005755,
    "13": 5.00580346384265,
    "14": 4.639778346441105,
    "15": 4.437768676085628,
    "16": 4.449317163682054,
    "17": 3.9421556259543147,
    "18": 3.6416251480520536,
    "19": 3.3451321468654527,
    "20": 3.378316752884724,
    "21": 3.320040945945581,
    "22": 3.276908639858882,
    "23": 3.123548935337575,
    "24": 2.9947664172840023,
    "25": 2.8669555554385244,
    "26": 2.5446123537871346,
    "27": 2.1290416446866542,
    "28": 1.6567024504444086,
    "29": 1.1488133976042918,
    "30": 0.6234742929057564,
    "31": 0.3349356451251073
  }
}