{
  "extreme_pruning_layers": [
    {
      "layer_idx": 1,
      "pruning_rate": 0.6153927364864865,
      "importance": 0.06165480051453955,
      "gradient_mean": 0.007365500787273049,
      "gradient_norm": 8.591538600623608
    }
  ],
  "num_extreme_layers": 1,
  "gradient_statistics": {
    "mean_range": [
      0.0019038476360340912,
      0.01230472233146429
    ],
    "mean_ratio": 6.463081106000777,
    "norm_range": [
      5.378800203402837,
      15.549128620574871
    ],
    "norm_ratio": 2.8908172886676122
  },
  "diagnosis": [
    {
      "issue": "\u524d\u51e0\u5c42\u88ab\u8fc7\u5ea6\u526a\u679d",
      "severity": "critical",
      "description": "\u524d5\u5c42\u4e2d\u6709 1 \u5c42\u88ab\u8fc7\u5ea6\u526a\u679d",
      "recommendation": "\u524d\u51e0\u5c42\u901a\u5e38\u5f88\u91cd\u8981\uff0c\u5efa\u8bae\u4e3a\u5176\u8bbe\u7f6e\u8f83\u4f4e\u7684 max_rate"
    }
  ]
}