{
  "0": 8.100558659033151,
  "1": 0.11145483740527373,
  "2": 0.18062357847167654,
  "3": 0.5788757097844535,
  "4": 0.9323855615687062,
  "5": 0.13978188637098166,
  "6": 0.19081068869328321,
  "7": 0.1076570317256702,
  "8": 0.07985791129156228,
  "9": 0.3242913004669008,
  "10": 0.07472048660113151,
  "11": 0.12929158372343386,
  "12": 0.10360711893393493,
  "13": 0.04930655156552399,
  "14": 0.03931292247203677,
  "15": 0.03481491666098968,
  "16": 0.027283655127126494,
  "17": 0.026576569434202835,
  "18": 0.03913977447631867,
  "19": 0.07930705560050422,
  "20": 0.06888511347703341,
  "21": 0.08807578893301793,
  "22": 0.1254823962685303,
  "23": 0.14795527848697665,
  "24": 0.13999772752606843,
  "25": 0.1726754998427631,
  "26": 0.28834233726870107,
  "27": 1.4634742106170466
}