{
  "attention": {
    "0": 6.882659673690796,
    "1": 5.196248412132263,
    "2": 5.8950347900390625,
    "3": 5.154013156890869,
    "4": 5.476455092430115,
    "5": 5.378164052963257,
    "6": 5.088902235031128,
    "7": 5.146274209022522,
    "8": 5.003021955490112,
    "9": 5.233980178833008,
    "10": 5.0472047328948975,
    "11": 5.028441309928894,
    "12": 5.268540024757385,
    "13": 5.096487760543823,
    "14": 5.086838603019714,
    "15": 4.878204584121704,
    "16": 4.844478726387024,
    "17": 4.195220112800598,
    "18": 4.078325986862183,
    "19": 3.7374942302703857,
    "20": 3.5880088806152344,
    "21": 3.414123296737671,
    "22": 3.216654419898987,
    "23": 3.068644881248474,
    "24": 2.9382808208465576,
    "25": 2.9751006364822388,
    "26": 2.6961671113967896,
    "27": 2.506629467010498,
    "28": 1.9049933552742004,
    "29": 1.4512104392051697,
    "30": 0.8781449794769287,
    "31": 0.30075138807296753
  },
  "mlp": {
    "0": 4.811738014221191,
    "1": 7.598575592041016,
    "2": 5.032504200935364,
    "3": 5.321469664573669,
    "4": 5.375428915023804,
    "5": 5.450889945030212,
    "6": 5.167511582374573,
    "7": 5.301881313323975,
    "8": 4.888715386390686,
    "9": 4.9343849420547485,
    "10": 4.6345871686935425,
    "11": 4.458539843559265,
    "12": 4.646854519844055,
    "13": 4.548538446426392,
    "14": 4.236377239227295,
    "15": 4.28637433052063,
    "16": 4.391218185424805,
    "17": 4.060675740242004,
    "18": 3.9901257753372192,
    "19": 3.7495198249816895,
    "20": 3.7233279943466187,
    "21": 3.8144794702529907,
    "22": 3.6324310302734375,
    "23": 3.6372172832489014,
    "24": 3.544601559638977,
    "25": 3.5337051153182983,
    "26": 3.258059501647949,
    "27": 2.938957929611206,
    "28": 2.283328950405121,
    "29": 1.724048376083374,
    "30": 0.9702039957046509,
    "31": 0.3994676470756531
  }
}