{
  "extreme_pruning_layers": [
    {
      "layer_idx": 9,
      "pruning_rate": 0.5544782366071429,
      "importance": 4.629240427698408,
      "gradient_mean": 0.057353051068882145,
      "gradient_norm": 304.603584183587
    },
    {
      "layer_idx": 10,
      "pruning_rate": 0.5472237723214286,
      "importance": 4.2367637157440186,
      "gradient_mean": 0.0527853254849712,
      "gradient_norm": 280.2342884275648
    },
    {
      "layer_idx": 25,
      "pruning_rate": 0.5246233258928571,
      "importance": 3.2961195537022183,
      "gradient_mean": 0.041758036551376186,
      "gradient_norm": 219.48109409544202
    }
  ],
  "num_extreme_layers": 3,
  "gradient_statistics": {
    "mean_range": [
      0.030467920419242647,
      0.5256634449793233
    ],
    "mean_ratio": 17.25301353098022,
    "norm_range": [
      168.34255139033,
      2059.284876929389
    ],
    "norm_ratio": 12.232705634556853
  },
  "diagnosis": []
}