{
  "model_path": "results/all_model_blockwise_128_128_8/Llama/wanda/pruned_model.bin",
  "timestamp": "2025-12-12T01:07:47.922636",
  "metrics": {
    "model_info": {
      "total_params": 6424207360,
      "trainable_params": 6424207360,
      "total_params_M": 6424.20736,
      "total_params_B": 6.42420736,
      "num_layers": 32,
      "module_params": {
        "embedding": 525336576,
        "lm_head": 525336576,
        "final_norm": 4096,
        "attention": 1342177280,
        "mlp": 4031090688,
        "input_layernorm": 131072,
        "post_attention_layernorm": 131072,
        "total_accounted": 6424207360,
        "unaccounted": 0,
        "match": true
      },
      "attention_params": 1342177280,
      "mlp_params": 4031090688,
      "attention_params_M": 1342.17728,
      "mlp_params_M": 4031.090688,
      "attention_ratio": 0.20892496222288814,
      "mlp_ratio": 0.6274845225419374,
      "model_size_mb": 12253.203369140625,
      "model_size_gb": 11.966018915176392
    },
    "ppl_quick_128": {
      "wikitext2 (wikitext-2-raw-v1)": 26816.267578125,
      "ptb": 24163.533203125
    },
    "ppl_standard_2048_512": {
      "wikitext2 (wikitext-2-raw-v1)": 63281.265625,
      "ptb": 51553.24609375
    },
    "ppl": {
      "wikitext2 (wikitext-2-raw-v1)": 63281.265625,
      "ptb": 51553.24609375
    },
    "zeroshot": {
      "boolq": {
        "accuracy": 0.40336391437308866,
        "full_results": {
          "acc,none": 0.40336391437308866,
          "acc_stderr,none": 0.008580168554889677,
          "alias": "boolq"
        }
      },
      "piqa": {
        "accuracy": 0.5054406964091404,
        "full_results": {
          "acc,none": 0.5315560391730142,
          "acc_stderr,none": 0.011642567710878958,
          "acc_norm,none": 0.5054406964091404,
          "acc_norm_stderr,none": 0.011665133500637203,
          "alias": "piqa"
        }
      },
      "hellaswag": {
        "accuracy": 0.25672176857199763,
        "full_results": {
          "acc,none": 0.25692093208524197,
          "acc_stderr,none": 0.004360424536144852,
          "acc_norm,none": 0.25672176857199763,
          "acc_norm_stderr,none": 0.0043593182064291,
          "alias": "hellaswag"
        }
      },
      "winogrande": {
        "accuracy": 0.5130228887134964,
        "full_results": {
          "acc,none": 0.5130228887134964,
          "acc_stderr,none": 0.014047718393997596,
          "alias": "winogrande"
        }
      },
      "arc_easy": {
        "accuracy": 0.25252525252525254,
        "full_results": {
          "acc,none": 0.25252525252525254,
          "acc_stderr,none": 0.008914948991495836,
          "acc_norm,none": 0.25252525252525254,
          "acc_norm_stderr,none": 0.008914948991495836,
          "alias": "arc_easy"
        }
      },
      "arc_challenge": {
        "accuracy": 0.26621160409556316,
        "full_results": {
          "acc,none": 0.21416382252559726,
          "acc_stderr,none": 0.011988383205966574,
          "acc_norm,none": 0.26621160409556316,
          "acc_norm_stderr,none": 0.012915774781523113,
          "alias": "arc_challenge"
        }
      },
      "openbookqa": {
        "accuracy": 0.296,
        "full_results": {
          "acc,none": 0.144,
          "acc_stderr,none": 0.015716934945725784,
          "acc_norm,none": 0.296,
          "acc_norm_stderr,none": 0.020435342091896222,
          "alias": "openbookqa"
        }
      }
    },
    "avg_zeroshot_acc": 0.3561837320983627
  }
}