{
  "model_path": "results/search_Llama_blockwise_20/exp_001_taylor_seq_len32_taylor_num_samples4/pruned_model.bin",
  "timestamp": "2025-12-01T16:24:37.032474",
  "metrics": {
    "model_info": {
      "total_params": 6424211456,
      "trainable_params": 6424211456,
      "total_params_M": 6424.211456,
      "total_params_B": 6.424211456,
      "num_layers": 32,
      "module_params": {
        "embedding": 525336576,
        "lm_head": 525336576,
        "final_norm": 4096,
        "attention": 1274019840,
        "mlp": 4099252224,
        "input_layernorm": 131072,
        "post_attention_layernorm": 131072,
        "total_accounted": 6424211456,
        "unaccounted": 0,
        "match": true
      },
      "attention_params": 1274019840,
      "mlp_params": 4099252224,
      "attention_params_M": 1274.01984,
      "mlp_params_M": 4099.252224,
      "attention_ratio": 0.19831536504143366,
      "mlp_ratio": 0.6380942240267379,
      "model_size_mb": 12253.211181640625,
      "model_size_gb": 11.966026544570923
    },
    "ppl_quick_128": {
      "wikitext2 (wikitext-2-raw-v1)": 28.75971031188965,
      "ptb": 47.92156982421875
    },
    "ppl_standard_2048_512": {
      "wikitext2 (wikitext-2-raw-v1)": 12.562748908996582,
      "ptb": 18.35633659362793
    },
    "ppl": {
      "wikitext2 (wikitext-2-raw-v1)": 12.562748908996582,
      "ptb": 18.35633659362793
    },
    "zeroshot": {
      "boolq": {
        "accuracy": 0.6975535168195719,
        "full_results": {
          "acc,none": 0.6975535168195719,
          "acc_stderr,none": 0.008033514381432178,
          "alias": "boolq"
        }
      },
      "piqa": {
        "accuracy": 0.7225244831338411,
        "full_results": {
          "acc,none": 0.720348204570185,
          "acc_stderr,none": 0.010471899530306519,
          "acc_norm,none": 0.7225244831338411,
          "acc_norm_stderr,none": 0.010446818281039905,
          "alias": "piqa"
        }
      },
      "hellaswag": {
        "accuracy": 0.6007767377016531,
        "full_results": {
          "acc,none": 0.4362676757618004,
          "acc_stderr,none": 0.004949080334815935,
          "acc_norm,none": 0.6007767377016531,
          "acc_norm_stderr,none": 0.004887378682406525,
          "alias": "hellaswag"
        }
      },
      "winogrande": {
        "accuracy": 0.6471981057616417,
        "full_results": {
          "acc,none": 0.6471981057616417,
          "acc_stderr,none": 0.013429728101789013,
          "alias": "winogrande"
        }
      },
      "arc_easy": {
        "accuracy": 0.5732323232323232,
        "full_results": {
          "acc,none": 0.6073232323232324,
          "acc_stderr,none": 0.010020646555538661,
          "acc_norm,none": 0.5732323232323232,
          "acc_norm_stderr,none": 0.010149141043955581,
          "alias": "arc_easy"
        }
      },
      "arc_challenge": {
        "accuracy": 0.3506825938566553,
        "full_results": {
          "acc,none": 0.3165529010238908,
          "acc_stderr,none": 0.013592431519068056,
          "acc_norm,none": 0.3506825938566553,
          "acc_norm_stderr,none": 0.01394463593072613,
          "alias": "arc_challenge"
        }
      },
      "openbookqa": {
        "accuracy": 0.334,
        "full_results": {
          "acc,none": 0.248,
          "acc_stderr,none": 0.019332342821239124,
          "acc_norm,none": 0.334,
          "acc_norm_stderr,none": 0.02111349234774381,
          "alias": "openbookqa"
        }
      }
    },
    "avg_zeroshot_acc": 0.5608525372150981
  }
}