{
  "0": 6.11834782215148,
  "1": 4.105904128658075,
  "2": 0.2733491997105362,
  "3": 0.2045896416815527,
  "4": 0.20629113492739481,
  "5": 0.17207214796412584,
  "6": 0.14811166205110338,
  "7": 0.11988151295341698,
  "8": 0.08307941833334231,
  "9": 0.09052589122396304,
  "10": 0.08827351088071378,
  "11": 0.08708750479412775,
  "12": 0.0971627167432847,
  "13": 0.12262034991579318,
  "14": 0.12173720988696513,
  "15": 0.14121541142681204,
  "16": 0.15858139068323318,
  "17": 0.1762298524270962,
  "18": 0.17448706776991374,
  "19": 0.1220835324947851,
  "20": 0.13996722457835276,
  "21": 0.1435574495226799,
  "22": 0.1267245557186376,
  "23": 0.11706763209000126,
  "24": 0.1313565472181697,
  "25": 0.09305392722361283,
  "26": 0.09452323182655942,
  "27": 0.126995889766373,
  "28": 0.12537728077086197,
  "29": 0.22594533420174656,
  "30": 0.3583690912401587,
  "31": 1.3683971790175367
}