{
  "model_path": "results/search_Mistral-Instruct_layerwise_20/exp_011_taylor_seq_len128_taylor_num_samples4/pruned_model.bin",
  "timestamp": "2025-12-02T14:55:40.604287",
  "metrics": {
    "model_info": {
      "total_params": 5798420480,
      "trainable_params": 5798420480,
      "total_params_M": 5798.42048,
      "total_params_B": 5.79842048,
      "num_layers": 32,
      "module_params": {
        "embedding": 134217728,
        "lm_head": 134217728,
        "final_norm": 4096,
        "attention": 933232640,
        "mlp": 4596486144,
        "input_layernorm": 131072,
        "post_attention_layernorm": 131072,
        "total_accounted": 5798420480,
        "unaccounted": 0,
        "match": true
      },
      "attention_params": 933232640,
      "mlp_params": 4596486144,
      "attention_params_M": 933.23264,
      "mlp_params_M": 4596.486144,
      "attention_ratio": 0.16094600990371777,
      "mlp_ratio": 0.7927134915196767,
      "model_size_mb": 11059.609619140625,
      "model_size_gb": 10.800400018692017
    },
    "ppl_quick_128": {
      "wikitext2 (wikitext-2-raw-v1)": 51.1413688659668,
      "ptb": 197.0702667236328
    },
    "ppl_standard_2048_512": {
      "wikitext2 (wikitext-2-raw-v1)": 20.500253677368164,
      "ptb": 138.730712890625
    },
    "ppl": {
      "wikitext2 (wikitext-2-raw-v1)": 20.500253677368164,
      "ptb": 138.730712890625
    },
    "zeroshot": {
      "boolq": {
        "accuracy": 0.673394495412844,
        "full_results": {
          "acc,none": 0.673394495412844,
          "acc_stderr,none": 0.008202364612924392,
          "alias": "boolq"
        }
      },
      "piqa": {
        "accuracy": 0.7295973884657236,
        "full_results": {
          "acc,none": 0.7247007616974973,
          "acc_stderr,none": 0.010421429277369502,
          "acc_norm,none": 0.7295973884657236,
          "acc_norm_stderr,none": 0.010363167031620654,
          "alias": "piqa"
        }
      },
      "hellaswag": {
        "accuracy": 0.6241784505078669,
        "full_results": {
          "acc,none": 0.4599681338378809,
          "acc_stderr,none": 0.004973762948302583,
          "acc_norm,none": 0.6241784505078669,
          "acc_norm_stderr,none": 0.004833444556338864,
          "alias": "hellaswag"
        }
      },
      "winogrande": {
        "accuracy": 0.5832675611681136,
        "full_results": {
          "acc,none": 0.5832675611681136,
          "acc_stderr,none": 0.013856250072796365,
          "alias": "winogrande"
        }
      },
      "arc_easy": {
        "accuracy": 0.539983164983165,
        "full_results": {
          "acc,none": 0.5808080808080808,
          "acc_stderr,none": 0.010124905282491126,
          "acc_norm,none": 0.539983164983165,
          "acc_norm_stderr,none": 0.010226927233491397,
          "alias": "arc_easy"
        }
      },
      "arc_challenge": {
        "accuracy": 0.34726962457337884,
        "full_results": {
          "acc,none": 0.31143344709897613,
          "acc_stderr,none": 0.01353247209985083,
          "acc_norm,none": 0.34726962457337884,
          "acc_norm_stderr,none": 0.013913034529620455,
          "alias": "arc_challenge"
        }
      },
      "openbookqa": {
        "accuracy": 0.366,
        "full_results": {
          "acc,none": 0.27,
          "acc_stderr,none": 0.019874354831287473,
          "acc_norm,none": 0.366,
          "acc_norm_stderr,none": 0.021564276850201684,
          "alias": "openbookqa"
        }
      }
    },
    "avg_zeroshot_acc": 0.5519558121587275
  }
}