{
  "model_path": "results/search_Qwen_20/exp_001_taylor_seq_len32_taylor_num_samples4/pruned_model.bin",
  "timestamp": "2025-12-02T00:03:44.903244",
  "metrics": {
    "model_info": {
      "total_params": 6092475776,
      "trainable_params": 6092475776,
      "total_params_M": 6092.475776,
      "total_params_B": 6.092475776,
      "num_layers": 28,
      "module_params": {
        "embedding": 544997376,
        "lm_head": 544997376,
        "final_norm": 3584,
        "attention": 697412480,
        "mlp": 4304864256,
        "input_layernorm": 100352,
        "post_attention_layernorm": 100352,
        "total_accounted": 6092475776,
        "unaccounted": 0,
        "match": true
      },
      "attention_params": 697412480,
      "mlp_params": 4304864256,
      "attention_params_M": 697.41248,
      "mlp_params_M": 4304.864256,
      "attention_ratio": 0.11447111250689034,
      "mlp_ratio": 0.7065870122878598,
      "model_size_mb": 11620.4755859375,
      "model_size_gb": 11.34812068939209
    },
    "ppl_quick_128": {
      "wikitext2 (wikitext-2-raw-v1)": 48.11727523803711,
      "ptb": 115.81318664550781
    },
    "ppl_standard_2048_512": {
      "wikitext2 (wikitext-2-raw-v1)": 22.792329788208008,
      "ptb": 45.26140594482422
    },
    "ppl": {
      "wikitext2 (wikitext-2-raw-v1)": 22.792329788208008,
      "ptb": 45.26140594482422
    },
    "zeroshot": {
      "boolq": {
        "accuracy": 0.7076452599388379,
        "full_results": {
          "acc,none": 0.7076452599388379,
          "acc_stderr,none": 0.007955278909905895,
          "alias": "boolq"
        }
      },
      "piqa": {
        "accuracy": 0.705658324265506,
        "full_results": {
          "acc,none": 0.690424374319913,
          "acc_stderr,none": 0.010786656752183356,
          "acc_norm,none": 0.705658324265506,
          "acc_norm_stderr,none": 0.010633311470347516,
          "alias": "piqa"
        }
      },
      "hellaswag": {
        "accuracy": 0.6168094005178252,
        "full_results": {
          "acc,none": 0.4419438358892651,
          "acc_stderr,none": 0.004956030970911877,
          "acc_norm,none": 0.6168094005178252,
          "acc_norm_stderr,none": 0.004851705504790584,
          "alias": "hellaswag"
        }
      },
      "winogrande": {
        "accuracy": 0.5951065509076559,
        "full_results": {
          "acc,none": 0.5951065509076559,
          "acc_stderr,none": 0.013795927003124962,
          "alias": "winogrande"
        }
      },
      "arc_easy": {
        "accuracy": 0.6477272727272727,
        "full_results": {
          "acc,none": 0.6805555555555556,
          "acc_stderr,none": 0.009567482017268035,
          "acc_norm,none": 0.6477272727272727,
          "acc_norm_stderr,none": 0.009801753933112646,
          "alias": "arc_easy"
        }
      },
      "arc_challenge": {
        "accuracy": 0.40187713310580203,
        "full_results": {
          "acc,none": 0.3643344709897611,
          "acc_stderr,none": 0.014063260279882467,
          "acc_norm,none": 0.40187713310580203,
          "acc_norm_stderr,none": 0.014327268614578337,
          "alias": "arc_challenge"
        }
      },
      "openbookqa": {
        "accuracy": 0.386,
        "full_results": {
          "acc,none": 0.242,
          "acc_stderr,none": 0.019173085678337164,
          "acc_norm,none": 0.386,
          "acc_norm_stderr,none": 0.021793529219281196,
          "alias": "openbookqa"
        }
      }
    },
    "avg_zeroshot_acc": 0.5801177059232714
  }
}