{
  "attention": {
    "0": 4.903366270345442,
    "1": 1.9714921364230058,
    "2": 2.2346582571056457,
    "3": 1.6461947545846911,
    "4": 1.4212548209028375,
    "5": 1.3313754204741537,
    "6": 1.2311710939858003,
    "7": 1.227514104977117,
    "8": 1.27253722961835,
    "9": 1.168384459435864,
    "10": 1.188845875923965,
    "11": 1.1551368745046249,
    "12": 1.1073845297592966,
    "13": 1.1927078379220584,
    "14": 1.153551445762469,
    "15": 0.9407457760315134,
    "16": 0.8086570448041117,
    "17": 0.6729709088117231,
    "18": 0.5767824561507613,
    "19": 0.49711084974832165,
    "20": 0.4531418177968849,
    "21": 0.4595539262316084,
    "22": 0.45898704145146496,
    "23": 0.4195605429653009,
    "24": 0.44104057466694524,
    "25": 0.4206607314361923,
    "26": 0.39204544278092435,
    "27": 0.4286819746667856,
    "28": 0.35865610404032866,
    "29": 0.4177443347823724,
    "30": 0.3467960022722929,
    "31": 0.19094278498779937
  },
  "mlp": {
    "0": 5.120430304477345,
    "1": 4.458090048335674,
    "2": 1.1157631794916103,
    "3": 0.8597907587638458,
    "4": 0.7520279488496548,
    "5": 0.6673386660267715,
    "6": 0.6133170803844701,
    "7": 0.5337152956089302,
    "8": 0.543672210564254,
    "9": 0.5982716518952627,
    "10": 0.6100477825179409,
    "11": 0.5727295248292261,
    "12": 0.53595016438081,
    "13": 0.5558749916909758,
    "14": 0.5426173322806713,
    "15": 0.4938058295925911,
    "16": 0.4670060545700876,
    "17": 0.4828769094947045,
    "18": 0.3887086684980918,
    "19": 0.4143515595378853,
    "20": 0.3737870182266332,
    "21": 0.3853086928907179,
    "22": 0.43955094756446744,
    "23": 0.3893390417403495,
    "24": 0.4389434086104158,
    "25": 0.4058624525788792,
    "26": 0.36553605153947366,
    "27": 0.43090787762121874,
    "28": 0.3986588163850868,
    "29": 0.43453629963851714,
    "30": 0.6366576420697516,
    "31": 1.4251643621754067
  }
}