{
  "extreme_pruning_layers": [
    {
      "layer_idx": 29,
      "pruning_rate": 0.5137416294642857,
      "importance": 0.7571342587471008,
      "gradient_mean": 0.005576596077945497,
      "gradient_norm": 39.56027603149414
    },
    {
      "layer_idx": 30,
      "pruning_rate": 0.5447126116071429,
      "importance": 0.710463638816561,
      "gradient_mean": 0.006988052692678239,
      "gradient_norm": 35.34416749742296
    }
  ],
  "num_extreme_layers": 2,
  "gradient_statistics": {
    "mean_range": [
      0.0035942488660415015,
      0.04510469941629304
    ],
    "mean_ratio": 12.549130525582026,
    "norm_range": [
      18.65171326531304,
      256.60011291503906
    ],
    "norm_ratio": 13.75745537493693
  },
  "diagnosis": []
}