{
  "extreme_pruning_layers": [
    {
      "layer_idx": 21,
      "pruning_rate": 0.6830658783783784,
      "importance": 0.8998375551120655,
      "gradient_mean": 0.0144400205463171,
      "gradient_norm": 36.08825388054053
    },
    {
      "layer_idx": 24,
      "pruning_rate": 0.5181059966216216,
      "importance": 0.6333422306421641,
      "gradient_mean": 0.009399398074795803,
      "gradient_norm": 31.867487942179043
    },
    {
      "layer_idx": 25,
      "pruning_rate": 0.5207453547297297,
      "importance": 0.49685735799170827,
      "gradient_mean": 0.010500204904625813,
      "gradient_norm": 35.87020189563433
    },
    {
      "layer_idx": 26,
      "pruning_rate": 0.5832453547297297,
      "importance": 0.3639548324249886,
      "gradient_mean": 0.008391061487297216,
      "gradient_norm": 37.848713467518486
    }
  ],
  "num_extreme_layers": 4,
  "gradient_statistics": {
    "mean_range": [
      0.005802501924335957,
      0.06427869480103254
    ],
    "mean_ratio": 11.077754825667409,
    "norm_range": [
      31.867487942179043,
      73.97884617249171
    ],
    "norm_ratio": 2.321452080141621
  },
  "diagnosis": []
}