{
  "0": 5.281183330420537,
  "1": 3.831019454451826,
  "2": 0.1302601316021481,
  "3": 0.11499006674899226,
  "4": 0.07756477088025449,
  "5": 0.08739312783992759,
  "6": 0.06919712918090193,
  "7": 0.049733060511570226,
  "8": 0.04223730248733615,
  "9": 0.020746551092388543,
  "10": 0.0316797479697799,
  "11": 0.018905959975179076,
  "12": 0.01133759541611834,
  "13": 0.05096882128406843,
  "14": 0.07033588353869957,
  "15": 0.08696792016716026,
  "16": 0.1156558627835369,
  "17": 0.14045831348903715,
  "18": 0.1286705181629526,
  "19": 0.08225682618934327,
  "20": 0.08456617550363799,
  "21": 0.08655099464658766,
  "22": 0.08833932891054053,
  "23": 0.058562739236840855,
  "24": 0.0944539794161865,
  "25": 0.03283658102878073,
  "26": 0.02983871661729376,
  "27": 0.17371203342880603,
  "28": 0.0975807230545862,
  "29": 0.2235827509639332,
  "30": 0.2618742721173368,
  "31": 1.3033034389169469
}