{
  "model_path": "results/search_Qwen_20/exp_011_taylor_seq_len128_taylor_num_samples256/pruned_model.bin",
  "timestamp": "2025-11-30T20:27:38.448333",
  "metrics": {
    "model_info": {
      "total_params": 6092498944,
      "trainable_params": 6092498944,
      "total_params_M": 6092.498944,
      "total_params_B": 6.092498944,
      "num_layers": 28,
      "module_params": {
        "embedding": 544997376,
        "lm_head": 544997376,
        "final_norm": 3584,
        "attention": 822212608,
        "mlp": 4180087296,
        "input_layernorm": 100352,
        "post_attention_layernorm": 100352,
        "total_accounted": 6092498944,
        "unaccounted": 0,
        "match": true
      },
      "attention_params": 822212608,
      "mlp_params": 4180087296,
      "attention_params_M": 822.212608,
      "mlp_params_M": 4180.087296,
      "attention_ratio": 0.1349549036540629,
      "mlp_ratio": 0.6861039016045499,
      "model_size_mb": 11620.519775390625,
      "model_size_gb": 11.348163843154907
    },
    "ppl_quick_128": {
      "wikitext2 (wikitext-2-raw-v1)": 42.0149040222168,
      "ptb": 64.1120376586914
    },
    "ppl_standard_2048_512": {
      "wikitext2 (wikitext-2-raw-v1)": 16.348705291748047,
      "ptb": 23.143030166625977
    },
    "ppl": {
      "wikitext2 (wikitext-2-raw-v1)": 16.348705291748047,
      "ptb": 23.143030166625977
    },
    "zeroshot": {
      "boolq": {
        "accuracy": 0.8048929663608563,
        "full_results": {
          "acc,none": 0.8048929663608563,
          "acc_stderr,none": 0.006931034632130246,
          "alias": "boolq"
        }
      },
      "piqa": {
        "accuracy": 0.7116430903155604,
        "full_results": {
          "acc,none": 0.7154515778019587,
          "acc_stderr,none": 0.010527218464130647,
          "acc_norm,none": 0.7116430903155604,
          "acc_norm_stderr,none": 0.010569190399220779,
          "alias": "piqa"
        }
      },
      "hellaswag": {
        "accuracy": 0.6319458275243975,
        "full_results": {
          "acc,none": 0.4649472216689902,
          "acc_stderr,none": 0.004977504446608968,
          "acc_norm,none": 0.6319458275243975,
          "acc_norm_stderr,none": 0.0048129052790665434,
          "alias": "hellaswag"
        }
      },
      "winogrande": {
        "accuracy": 0.648776637726914,
        "full_results": {
          "acc,none": 0.648776637726914,
          "acc_stderr,none": 0.013415981370545133,
          "alias": "winogrande"
        }
      },
      "arc_easy": {
        "accuracy": 0.6544612794612794,
        "full_results": {
          "acc,none": 0.6734006734006734,
          "acc_stderr,none": 0.009623047038267702,
          "acc_norm,none": 0.6544612794612794,
          "acc_norm_stderr,none": 0.009757948730670471,
          "alias": "arc_easy"
        }
      },
      "arc_challenge": {
        "accuracy": 0.40017064846416384,
        "full_results": {
          "acc,none": 0.3839590443686007,
          "acc_stderr,none": 0.014212444980651792,
          "acc_norm,none": 0.40017064846416384,
          "acc_norm_stderr,none": 0.014317197787809148,
          "alias": "arc_challenge"
        }
      },
      "openbookqa": {
        "accuracy": 0.336,
        "full_results": {
          "acc,none": 0.236,
          "acc_stderr,none": 0.01900869962208476,
          "acc_norm,none": 0.336,
          "acc_norm_stderr,none": 0.021144791425048808,
          "alias": "openbookqa"
        }
      }
    },
    "avg_zeroshot_acc": 0.5982700642647387
  }
}