{
  "model_path": "results/search_Llama_blockwise_20/exp_013_taylor_seq_len256_taylor_num_samples128/pruned_model.bin",
  "timestamp": "2025-12-01T02:54:14.986802",
  "metrics": {
    "model_info": {
      "total_params": 6424215552,
      "trainable_params": 6424215552,
      "total_params_M": 6424.215552,
      "total_params_B": 6.424215552,
      "num_layers": 32,
      "module_params": {
        "embedding": 525336576,
        "lm_head": 525336576,
        "final_norm": 4096,
        "attention": 1190133760,
        "mlp": 4183142400,
        "input_layernorm": 131072,
        "post_attention_layernorm": 131072,
        "total_accounted": 6424215552,
        "unaccounted": 0,
        "match": true
      },
      "attention_params": 1190133760,
      "mlp_params": 4183142400,
      "attention_params_M": 1190.13376,
      "mlp_params_M": 4183.1424,
      "attention_ratio": 0.18525744511008588,
      "mlp_ratio": 0.6511522482612987,
      "model_size_mb": 12253.218994140625,
      "model_size_gb": 11.966034173965454
    },
    "ppl_quick_128": {
      "wikitext2 (wikitext-2-raw-v1)": 33.22972869873047,
      "ptb": 49.02054977416992
    },
    "ppl_standard_2048_512": {
      "wikitext2 (wikitext-2-raw-v1)": 13.328899383544922,
      "ptb": 17.44634246826172
    },
    "ppl": {
      "wikitext2 (wikitext-2-raw-v1)": 13.328899383544922,
      "ptb": 17.44634246826172
    },
    "zeroshot": null
  }
}