{
  "model_path": "results/search_Mistral_blockwise_20/exp_015_taylor_seq_len128_taylor_num_samples512/pruned_model.bin",
  "timestamp": "2025-12-02T16:48:29.786620",
  "metrics": {
    "model_info": {
      "total_params": 5798420480,
      "trainable_params": 5798420480,
      "total_params_M": 5798.42048,
      "total_params_B": 5.79842048,
      "num_layers": 32,
      "module_params": {
        "embedding": 134217728,
        "lm_head": 134217728,
        "final_norm": 4096,
        "attention": 1342177280,
        "mlp": 4187541504,
        "input_layernorm": 131072,
        "post_attention_layernorm": 131072,
        "total_accounted": 5798420480,
        "unaccounted": 0,
        "match": true
      },
      "attention_params": 1342177280,
      "mlp_params": 4187541504,
      "attention_params_M": 1342.17728,
      "mlp_params_M": 4187.541504,
      "attention_ratio": 0.23147291311995366,
      "mlp_ratio": 0.7221865883034408,
      "model_size_mb": 11059.609619140625,
      "model_size_gb": 10.800400018692017
    },
    "ppl_quick_128": {
      "wikitext2 (wikitext-2-raw-v1)": 43.28230285644531,
      "ptb": 171.34010314941406
    },
    "ppl_standard_2048_512": {
      "wikitext2 (wikitext-2-raw-v1)": 29.029563903808594,
      "ptb": 148.1967010498047
    },
    "ppl": {
      "wikitext2 (wikitext-2-raw-v1)": 29.029563903808594,
      "ptb": 148.1967010498047
    },
    "zeroshot": {
      "boolq": {
        "accuracy": 0.6204892966360857,
        "full_results": {
          "acc,none": 0.6204892966360857,
          "acc_stderr,none": 0.008487341975756712,
          "alias": "boolq"
        }
      },
      "piqa": {
        "accuracy": 0.6626768226332971,
        "full_results": {
          "acc,none": 0.6517954298150164,
          "acc_stderr,none": 0.011115226343244381,
          "acc_norm,none": 0.6626768226332971,
          "acc_norm_stderr,none": 0.011031114785059673,
          "alias": "piqa"
        }
      },
      "hellaswag": {
        "accuracy": 0.4073889663413663,
        "full_results": {
          "acc,none": 0.33359888468432586,
          "acc_stderr,none": 0.004705347137699441,
          "acc_norm,none": 0.4073889663413663,
          "acc_norm_stderr,none": 0.0049034416800039764,
          "alias": "hellaswag"
        }
      },
      "winogrande": {
        "accuracy": 0.5343330702446725,
        "full_results": {
          "acc,none": 0.5343330702446725,
          "acc_stderr,none": 0.014019317531542567,
          "alias": "winogrande"
        }
      },
      "arc_easy": {
        "accuracy": 0.4701178451178451,
        "full_results": {
          "acc,none": 0.5189393939393939,
          "acc_stderr,none": 0.010252420496894399,
          "acc_norm,none": 0.4701178451178451,
          "acc_norm_stderr,none": 0.010241444322886225,
          "alias": "arc_easy"
        }
      },
      "arc_challenge": {
        "accuracy": 0.26109215017064846,
        "full_results": {
          "acc,none": 0.2295221843003413,
          "acc_stderr,none": 0.012288926760890708,
          "acc_norm,none": 0.26109215017064846,
          "acc_norm_stderr,none": 0.012835523909473708,
          "alias": "arc_challenge"
        }
      },
      "openbookqa": {
        "accuracy": 0.308,
        "full_results": {
          "acc,none": 0.188,
          "acc_stderr,none": 0.01749067888034626,
          "acc_norm,none": 0.308,
          "acc_norm_stderr,none": 0.020667032987466052,
          "alias": "openbookqa"
        }
      }
    },
    "avg_zeroshot_acc": 0.4662997358777021
  }
}