{
  "extreme_pruning_layers": [
    {
      "layer_idx": 11,
      "pruning_rate": 0.5126255580357143,
      "importance": 0.008649190089532308,
      "gradient_mean": 0.0003177656067742242,
      "gradient_norm": 2.476197984483507
    }
  ],
  "num_extreme_layers": 1,
  "gradient_statistics": {
    "mean_range": [
      0.00023380253050062392,
      0.000493062867058648
    ],
    "mean_ratio": 2.10888502838009,
    "norm_range": [
      2.10459476047092,
      15.59930419921875
    ],
    "norm_ratio": 7.412022728302848
  },
  "diagnosis": []
}