{
  "model_path": "results/search_Llama-Instruct_blockwise_20/exp_003_taylor_seq_len32_taylor_num_samples128/pruned_model.bin",
  "timestamp": "2025-12-02T17:49:19.768874",
  "metrics": {
    "model_info": {
      "total_params": 6424211456,
      "trainable_params": 6424211456,
      "total_params_M": 6424.211456,
      "total_params_B": 6.424211456,
      "num_layers": 32,
      "module_params": {
        "embedding": 525336576,
        "lm_head": 525336576,
        "final_norm": 4096,
        "attention": 1148190720,
        "mlp": 4225081344,
        "input_layernorm": 131072,
        "post_attention_layernorm": 131072,
        "total_accounted": 6424211456,
        "unaccounted": 0,
        "match": true
      },
      "attention_params": 1148190720,
      "mlp_params": 4225081344,
      "attention_params_M": 1148.19072,
      "mlp_params_M": 4225.081344,
      "attention_ratio": 0.17872866232129206,
      "mlp_ratio": 0.6576809267468795,
      "model_size_mb": 12253.211181640625,
      "model_size_gb": 11.966026544570923
    },
    "ppl_quick_128": {
      "wikitext2 (wikitext-2-raw-v1)": 35.01545333862305,
      "ptb": 51.55915069580078
    },
    "ppl_standard_2048_512": {
      "wikitext2 (wikitext-2-raw-v1)": 14.63487434387207,
      "ptb": 20.27947998046875
    },
    "ppl": {
      "wikitext2 (wikitext-2-raw-v1)": 14.63487434387207,
      "ptb": 20.27947998046875
    },
    "zeroshot": {
      "boolq": {
        "accuracy": 0.8311926605504587,
        "full_results": {
          "acc,none": 0.8311926605504587,
          "acc_stderr,none": 0.006551474456801643,
          "alias": "boolq"
        }
      },
      "piqa": {
        "accuracy": 0.7393906420021763,
        "full_results": {
          "acc,none": 0.7306855277475517,
          "acc_stderr,none": 0.010350004070588812,
          "acc_norm,none": 0.7393906420021763,
          "acc_norm_stderr,none": 0.010241826155811836,
          "alias": "piqa"
        }
      },
      "hellaswag": {
        "accuracy": 0.6531567416849233,
        "full_results": {
          "acc,none": 0.4714200358494324,
          "acc_stderr,none": 0.004981623292196158,
          "acc_norm,none": 0.6531567416849233,
          "acc_norm_stderr,none": 0.004749926091672661,
          "alias": "hellaswag"
        }
      },
      "winogrande": {
        "accuracy": 0.6898184688239937,
        "full_results": {
          "acc,none": 0.6898184688239937,
          "acc_stderr,none": 0.0130004541448598,
          "alias": "winogrande"
        }
      },
      "arc_easy": {
        "accuracy": 0.6595117845117845,
        "full_results": {
          "acc,none": 0.7112794612794613,
          "acc_stderr,none": 0.009298805565435428,
          "acc_norm,none": 0.6595117845117845,
          "acc_norm_stderr,none": 0.009723676813825778,
          "alias": "arc_easy"
        }
      },
      "arc_challenge": {
        "accuracy": 0.43686006825938567,
        "full_results": {
          "acc,none": 0.42150170648464164,
          "acc_stderr,none": 0.014430197069326089,
          "acc_norm,none": 0.43686006825938567,
          "acc_norm_stderr,none": 0.01449442158425651,
          "alias": "arc_challenge"
        }
      },
      "openbookqa": {
        "accuracy": 0.354,
        "full_results": {
          "acc,none": 0.242,
          "acc_stderr,none": 0.019173085678337164,
          "acc_norm,none": 0.354,
          "acc_norm_stderr,none": 0.02140758204791649,
          "alias": "openbookqa"
        }
      }
    },
    "avg_zeroshot_acc": 0.6234186236903889
  }
}