{
  "extreme_pruning_layers": [
    {
      "layer_idx": 25,
      "pruning_rate": 0.5262276785714286,
      "importance": 5.868325233459473,
      "gradient_mean": 0.07502684680124123,
      "gradient_norm": 396.4639564090305
    },
    {
      "layer_idx": 26,
      "pruning_rate": 0.51513671875,
      "importance": 5.910127920763833,
      "gradient_mean": 0.08212709799408913,
      "gradient_norm": 420.7895842658149
    }
  ],
  "num_extreme_layers": 2,
  "gradient_statistics": {
    "mean_range": [
      0.053188835374183126,
      0.9966450373952588
    ],
    "mean_ratio": 18.737861592758723,
    "norm_range": [
      298.20256328582764,
      3861.2386644151475
    ],
    "norm_ratio": 12.948375164410807
  },
  "diagnosis": []
}