{
  "attention": {
    "0": 6.964279532432556,
    "1": 5.411959290504456,
    "2": 6.281119465827942,
    "3": 5.444335699081421,
    "4": 5.739897012710571,
    "5": 5.657073616981506,
    "6": 5.36677086353302,
    "7": 5.423859119415283,
    "8": 5.291635513305664,
    "9": 5.508154273033142,
    "10": 5.311118483543396,
    "11": 5.365633606910706,
    "12": 5.519490599632263,
    "13": 5.376150727272034,
    "14": 5.400522828102112,
    "15": 5.142068266868591,
    "16": 4.989472389221191,
    "17": 4.183882236480713,
    "18": 4.062811493873596,
    "19": 3.667950749397278,
    "20": 3.5016790628433228,
    "21": 3.3050591945648193,
    "22": 3.146951198577881,
    "23": 2.9139270782470703,
    "24": 2.8096771240234375,
    "25": 2.7237356901168823,
    "26": 2.3030044436454773,
    "27": 2.043009638786316,
    "28": 1.546025276184082,
    "29": 1.1789456605911255,
    "30": 0.7125297784805298,
    "31": 0.2575124502182007
  },
  "mlp": {
    "0": 5.169948577880859,
    "1": 7.9792479276657104,
    "2": 5.251577854156494,
    "3": 5.584997296333313,
    "4": 5.737154603004456,
    "5": 5.792812943458557,
    "6": 5.449262261390686,
    "7": 5.593775391578674,
    "8": 5.305533051490784,
    "9": 5.281409740447998,
    "10": 4.958813786506653,
    "11": 4.81416916847229,
    "12": 4.940192222595215,
    "13": 4.920167565345764,
    "14": 4.5382319688797,
    "15": 4.4691162109375,
    "16": 4.5333311557769775,
    "17": 4.109851837158203,
    "18": 3.91089928150177,
    "19": 3.6698418855667114,
    "20": 3.693361282348633,
    "21": 3.8100626468658447,
    "22": 3.73003089427948,
    "23": 3.5863040685653687,
    "24": 3.4387789964675903,
    "25": 3.2924816608428955,
    "26": 2.908782124519348,
    "27": 2.5037835836410522,
    "28": 1.8438419103622437,
    "29": 1.3392430543899536,
    "30": 0.7711499929428101,
    "31": 0.3787601590156555
  }
}