{
  "model_path": "results/search_Mistral_blockwise_20/exp_017_taylor_seq_len256_taylor_num_samples64/pruned_model.bin",
  "timestamp": "2025-12-02T17:19:33.814751",
  "metrics": {
    "model_info": {
      "total_params": 5798420480,
      "trainable_params": 5798420480,
      "total_params_M": 5798.42048,
      "total_params_B": 5.79842048,
      "num_layers": 32,
      "module_params": {
        "embedding": 134217728,
        "lm_head": 134217728,
        "final_norm": 4096,
        "attention": 1342177280,
        "mlp": 4187541504,
        "input_layernorm": 131072,
        "post_attention_layernorm": 131072,
        "total_accounted": 5798420480,
        "unaccounted": 0,
        "match": true
      },
      "attention_params": 1342177280,
      "mlp_params": 4187541504,
      "attention_params_M": 1342.17728,
      "mlp_params_M": 4187.541504,
      "attention_ratio": 0.23147291311995366,
      "mlp_ratio": 0.7221865883034408,
      "model_size_mb": 11059.609619140625,
      "model_size_gb": 10.800400018692017
    },
    "ppl_quick_128": {
      "wikitext2 (wikitext-2-raw-v1)": 53.308555603027344,
      "ptb": 188.73765563964844
    },
    "ppl_standard_2048_512": {
      "wikitext2 (wikitext-2-raw-v1)": 34.44557571411133,
      "ptb": 170.0545654296875
    },
    "ppl": {
      "wikitext2 (wikitext-2-raw-v1)": 34.44557571411133,
      "ptb": 170.0545654296875
    },
    "zeroshot": {
      "boolq": {
        "accuracy": 0.5660550458715596,
        "full_results": {
          "acc,none": 0.5660550458715596,
          "acc_stderr,none": 0.008668405003744014,
          "alias": "boolq"
        }
      },
      "piqa": {
        "accuracy": 0.6104461371055495,
        "full_results": {
          "acc,none": 0.6289445048966268,
          "acc_stderr,none": 0.011271222398600666,
          "acc_norm,none": 0.6104461371055495,
          "acc_norm_stderr,none": 0.011377657455130346,
          "alias": "piqa"
        }
      },
      "hellaswag": {
        "accuracy": 0.39772953594901417,
        "full_results": {
          "acc,none": 0.3298147779326827,
          "acc_stderr,none": 0.004691848665398733,
          "acc_norm,none": 0.39772953594901417,
          "acc_norm_stderr,none": 0.004884287515461335,
          "alias": "hellaswag"
        }
      },
      "winogrande": {
        "accuracy": 0.5311760063141279,
        "full_results": {
          "acc,none": 0.5311760063141279,
          "acc_stderr,none": 0.014025142640639542,
          "alias": "winogrande"
        }
      },
      "arc_easy": {
        "accuracy": 0.42508417508417506,
        "full_results": {
          "acc,none": 0.46675084175084175,
          "acc_stderr,none": 0.010237073872130749,
          "acc_norm,none": 0.42508417508417506,
          "acc_norm_stderr,none": 0.01014396619571782,
          "alias": "arc_easy"
        }
      },
      "arc_challenge": {
        "accuracy": 0.24829351535836178,
        "full_results": {
          "acc,none": 0.20819112627986347,
          "acc_stderr,none": 0.011864866118448116,
          "acc_norm,none": 0.24829351535836178,
          "acc_norm_stderr,none": 0.012624912868089679,
          "alias": "arc_challenge"
        }
      },
      "openbookqa": {
        "accuracy": 0.294,
        "full_results": {
          "acc,none": 0.188,
          "acc_stderr,none": 0.01749067888034626,
          "acc_norm,none": 0.294,
          "acc_norm_stderr,none": 0.02039509548493655,
          "alias": "openbookqa"
        }
      }
    },
    "avg_zeroshot_acc": 0.4389692022403983
  }
}