{
  "model_path": "results/search_Mistral_blockwise_20/exp_017_taylor_seq_len256_taylor_num_samples64/pruned_model.bin",
  "timestamp": "2025-12-02T04:39:15.712268",
  "metrics": {
    "model_info": {
      "total_params": 5798420480,
      "trainable_params": 5798420480,
      "total_params_M": 5798.42048,
      "total_params_B": 5.79842048,
      "num_layers": 32,
      "module_params": {
        "embedding": 134217728,
        "lm_head": 134217728,
        "final_norm": 4096,
        "attention": 1342177280,
        "mlp": 4187541504,
        "input_layernorm": 131072,
        "post_attention_layernorm": 131072,
        "total_accounted": 5798420480,
        "unaccounted": 0,
        "match": true
      },
      "attention_params": 1342177280,
      "mlp_params": 4187541504,
      "attention_params_M": 1342.17728,
      "mlp_params_M": 4187.541504,
      "attention_ratio": 0.23147291311995366,
      "mlp_ratio": 0.7221865883034408,
      "model_size_mb": 11059.609619140625,
      "model_size_gb": 10.800400018692017
    },
    "ppl_quick_128": {
      "wikitext2 (wikitext-2-raw-v1)": 50.226016998291016,
      "ptb": 181.75733947753906
    },
    "ppl_standard_2048_512": {
      "wikitext2 (wikitext-2-raw-v1)": 34.74422836303711,
      "ptb": 161.97930908203125
    },
    "ppl": {
      "wikitext2 (wikitext-2-raw-v1)": 34.74422836303711,
      "ptb": 161.97930908203125
    },
    "zeroshot": {
      "boolq": {
        "accuracy": 0.5944954128440367,
        "full_results": {
          "acc,none": 0.5944954128440367,
          "acc_stderr,none": 0.008587459055441725,
          "alias": "boolq"
        }
      },
      "piqa": {
        "accuracy": 0.6311207834602829,
        "full_results": {
          "acc,none": 0.6409140369967355,
          "acc_stderr,none": 0.011192949073844181,
          "acc_norm,none": 0.6311207834602829,
          "acc_norm_stderr,none": 0.011257546676908656,
          "alias": "piqa"
        }
      },
      "hellaswag": {
        "accuracy": 0.41734714200358497,
        "full_results": {
          "acc,none": 0.343258315076678,
          "acc_stderr,none": 0.004738264944737162,
          "acc_norm,none": 0.41734714200358497,
          "acc_norm_stderr,none": 0.004921133864932395,
          "alias": "hellaswag"
        }
      },
      "winogrande": {
        "accuracy": 0.5382794001578532,
        "full_results": {
          "acc,none": 0.5382794001578532,
          "acc_stderr,none": 0.014011242594964257,
          "alias": "winogrande"
        }
      },
      "arc_easy": {
        "accuracy": 0.4642255892255892,
        "full_results": {
          "acc,none": 0.5218855218855218,
          "acc_stderr,none": 0.010249950427234134,
          "acc_norm,none": 0.4642255892255892,
          "acc_norm_stderr,none": 0.01023348870972664,
          "alias": "arc_easy"
        }
      },
      "arc_challenge": {
        "accuracy": 0.25853242320819114,
        "full_results": {
          "acc,none": 0.22866894197952217,
          "acc_stderr,none": 0.012272853582540892,
          "acc_norm,none": 0.25853242320819114,
          "acc_norm_stderr,none": 0.012794553754288777,
          "alias": "arc_challenge"
        }
      },
      "openbookqa": {
        "accuracy": 0.304,
        "full_results": {
          "acc,none": 0.182,
          "acc_stderr,none": 0.017272773297730436,
          "acc_norm,none": 0.304,
          "acc_norm_stderr,none": 0.02059164957122494,
          "alias": "openbookqa"
        }
      }
    },
    "avg_zeroshot_acc": 0.4582858215570769
  }
}