{
  "model_path": "results/for_finetuning/Mistral/wanda/pruned_model.bin",
  "timestamp": "2025-12-06T12:06:51.521268",
  "metrics": {
    "model_info": {
      "total_params": 5798428672,
      "trainable_params": 5798428672,
      "total_params_M": 5798.428672,
      "total_params_B": 5.798428672,
      "num_layers": 32,
      "module_params": {
        "embedding": 134217728,
        "lm_head": 134217728,
        "final_norm": 4096,
        "attention": 1300234240,
        "mlp": 4229492736,
        "input_layernorm": 131072,
        "post_attention_layernorm": 131072,
        "total_accounted": 5798428672,
        "unaccounted": 0,
        "match": true
      },
      "attention_params": 1300234240,
      "mlp_params": 4229492736,
      "attention_params_M": 1300.23424,
      "mlp_params_M": 4229.492736,
      "attention_ratio": 0.2242390677803271,
      "mlp_ratio": 0.7294204991127637,
      "model_size_mb": 11059.625244140625,
      "model_size_gb": 10.800415277481079
    },
    "ppl_quick_128": {
      "wikitext2 (wikitext-2-raw-v1)": 38897.140625,
      "ptb": 45075.53515625
    },
    "ppl_standard_2048_512": {
      "wikitext2 (wikitext-2-raw-v1)": 36867.94140625,
      "ptb": 34584.6171875
    },
    "ppl": {
      "wikitext2 (wikitext-2-raw-v1)": 36867.94140625,
      "ptb": 34584.6171875
    },
    "zeroshot": {
      "boolq": {
        "accuracy": 0.40978593272171254,
        "full_results": {
          "acc,none": 0.40978593272171254,
          "acc_stderr,none": 0.008601532621213792,
          "alias": "boolq"
        }
      },
      "piqa": {
        "accuracy": 0.49020674646354734,
        "full_results": {
          "acc,none": 0.5081610446137106,
          "acc_stderr,none": 0.01166427011224428,
          "acc_norm,none": 0.49020674646354734,
          "acc_norm_stderr,none": 0.011663586263283307,
          "alias": "piqa"
        }
      },
      "hellaswag": {
        "accuracy": 0.2560246962756423,
        "full_results": {
          "acc,none": 0.2581159131647082,
          "acc_stderr,none": 0.004367037632204837,
          "acc_norm,none": 0.2560246962756423,
          "acc_norm_stderr,none": 0.004355436696716235,
          "alias": "hellaswag"
        }
      },
      "winogrande": {
        "accuracy": 0.4925019731649566,
        "full_results": {
          "acc,none": 0.4925019731649566,
          "acc_stderr,none": 0.014050905521228646,
          "alias": "winogrande"
        }
      },
      "arc_easy": {
        "accuracy": 0.25252525252525254,
        "full_results": {
          "acc,none": 0.2609427609427609,
          "acc_stderr,none": 0.009011142493235922,
          "acc_norm,none": 0.25252525252525254,
          "acc_norm_stderr,none": 0.008914948991495836,
          "alias": "arc_easy"
        }
      },
      "arc_challenge": {
        "accuracy": 0.2790102389078498,
        "full_results": {
          "acc,none": 0.20733788395904437,
          "acc_stderr,none": 0.011846905782971264,
          "acc_norm,none": 0.2790102389078498,
          "acc_norm_stderr,none": 0.013106784883601296,
          "alias": "arc_challenge"
        }
      },
      "openbookqa": {
        "accuracy": 0.282,
        "full_results": {
          "acc,none": 0.152,
          "acc_stderr,none": 0.016071982367911835,
          "acc_norm,none": 0.282,
          "acc_norm_stderr,none": 0.020143572847290726,
          "alias": "openbookqa"
        }
      }
    },
    "avg_zeroshot_acc": 0.351722120008423
  }
}