{
  "model_path": "results/search_Qwen_20/exp_015_taylor_seq_len128_taylor_num_samples512/pruned_model.bin",
  "timestamp": "2025-12-02T03:54:42.391770",
  "metrics": {
    "model_info": {
      "total_params": 6092498944,
      "trainable_params": 6092498944,
      "total_params_M": 6092.498944,
      "total_params_B": 6.092498944,
      "num_layers": 28,
      "module_params": {
        "embedding": 544997376,
        "lm_head": 544997376,
        "final_norm": 3584,
        "attention": 822212608,
        "mlp": 4180087296,
        "input_layernorm": 100352,
        "post_attention_layernorm": 100352,
        "total_accounted": 6092498944,
        "unaccounted": 0,
        "match": true
      },
      "attention_params": 822212608,
      "mlp_params": 4180087296,
      "attention_params_M": 822.212608,
      "mlp_params_M": 4180.087296,
      "attention_ratio": 0.1349549036540629,
      "mlp_ratio": 0.6861039016045499,
      "model_size_mb": 11620.519775390625,
      "model_size_gb": 11.348163843154907
    },
    "ppl_quick_128": {
      "wikitext2 (wikitext-2-raw-v1)": 40.98447036743164,
      "ptb": 63.40449142456055
    },
    "ppl_standard_2048_512": {
      "wikitext2 (wikitext-2-raw-v1)": 15.986189842224121,
      "ptb": 22.885955810546875
    },
    "ppl": {
      "wikitext2 (wikitext-2-raw-v1)": 15.986189842224121,
      "ptb": 22.885955810546875
    },
    "zeroshot": {
      "boolq": {
        "accuracy": 0.8015290519877676,
        "full_results": {
          "acc,none": 0.8015290519877676,
          "acc_stderr,none": 0.00697590641853505,
          "alias": "boolq"
        }
      },
      "piqa": {
        "accuracy": 0.7176278563656148,
        "full_results": {
          "acc,none": 0.7040261153427638,
          "acc_stderr,none": 0.01065041431714814,
          "acc_norm,none": 0.7176278563656148,
          "acc_norm_stderr,none": 0.010502821668555255,
          "alias": "piqa"
        }
      },
      "hellaswag": {
        "accuracy": 0.632244572794264,
        "full_results": {
          "acc,none": 0.4678350926110337,
          "acc_stderr,none": 0.00497944603882463,
          "acc_norm,none": 0.632244572794264,
          "acc_norm_stderr,none": 0.004812088620277034,
          "alias": "hellaswag"
        }
      },
      "winogrande": {
        "accuracy": 0.6416732438831886,
        "full_results": {
          "acc,none": 0.6416732438831886,
          "acc_stderr,none": 0.013476581172567522,
          "alias": "winogrande"
        }
      },
      "arc_easy": {
        "accuracy": 0.6477272727272727,
        "full_results": {
          "acc,none": 0.6763468013468014,
          "acc_stderr,none": 0.009600478182273867,
          "acc_norm,none": 0.6477272727272727,
          "acc_norm_stderr,none": 0.009801753933112646,
          "alias": "arc_easy"
        }
      },
      "arc_challenge": {
        "accuracy": 0.4044368600682594,
        "full_results": {
          "acc,none": 0.3779863481228669,
          "acc_stderr,none": 0.014169664520303164,
          "acc_norm,none": 0.4044368600682594,
          "acc_norm_stderr,none": 0.014342036483436283,
          "alias": "arc_challenge"
        }
      },
      "openbookqa": {
        "accuracy": 0.348,
        "full_results": {
          "acc,none": 0.226,
          "acc_stderr,none": 0.01872295644913999,
          "acc_norm,none": 0.348,
          "acc_norm_stderr,none": 0.021323728632807425,
          "alias": "openbookqa"
        }
      }
    },
    "avg_zeroshot_acc": 0.5990341225466239
  }
}