{
  "model_path": "results/search_Qwen_layerwise_20/exp_019_taylor_seq_len256_taylor_num_samples256/pruned_model.bin",
  "timestamp": "2025-12-03T01:36:37.830740",
  "metrics": {
    "model_info": {
      "total_params": 6092498944,
      "trainable_params": 6092498944,
      "total_params_M": 6092.498944,
      "total_params_B": 6.092498944,
      "num_layers": 28,
      "module_params": {
        "embedding": 544997376,
        "lm_head": 544997376,
        "final_norm": 3584,
        "attention": 822212608,
        "mlp": 4180087296,
        "input_layernorm": 100352,
        "post_attention_layernorm": 100352,
        "total_accounted": 6092498944,
        "unaccounted": 0,
        "match": true
      },
      "attention_params": 822212608,
      "mlp_params": 4180087296,
      "attention_params_M": 822.212608,
      "mlp_params_M": 4180.087296,
      "attention_ratio": 0.1349549036540629,
      "mlp_ratio": 0.6861039016045499,
      "model_size_mb": 11620.519775390625,
      "model_size_gb": 11.348163843154907
    },
    "ppl_quick_128": {
      "wikitext2 (wikitext-2-raw-v1)": 37.807960510253906,
      "ptb": 57.68559265136719
    },
    "ppl_standard_2048_512": {
      "wikitext2 (wikitext-2-raw-v1)": 14.715279579162598,
      "ptb": 20.622617721557617
    },
    "ppl": {
      "wikitext2 (wikitext-2-raw-v1)": 14.715279579162598,
      "ptb": 20.622617721557617
    },
    "zeroshot": {
      "boolq": {
        "accuracy": 0.7874617737003058,
        "full_results": {
          "acc,none": 0.7874617737003058,
          "acc_stderr,none": 0.007155266371667651,
          "alias": "boolq"
        }
      },
      "piqa": {
        "accuracy": 0.7165397170837867,
        "full_results": {
          "acc,none": 0.7094668117519043,
          "acc_stderr,none": 0.010592765034696548,
          "acc_norm,none": 0.7165397170837867,
          "acc_norm_stderr,none": 0.010515057791151928,
          "alias": "piqa"
        }
      },
      "hellaswag": {
        "accuracy": 0.6367257518422625,
        "full_results": {
          "acc,none": 0.47191794463254333,
          "acc_stderr,none": 0.004981905293877987,
          "acc_norm,none": 0.6367257518422625,
          "acc_norm_stderr,none": 0.004799599840397348,
          "alias": "hellaswag"
        }
      },
      "winogrande": {
        "accuracy": 0.6385161799526441,
        "full_results": {
          "acc,none": 0.6385161799526441,
          "acc_stderr,none": 0.013502479670791278,
          "alias": "winogrande"
        }
      },
      "arc_easy": {
        "accuracy": 0.6485690235690236,
        "full_results": {
          "acc,none": 0.6776094276094277,
          "acc_stderr,none": 0.009590672908157372,
          "acc_norm,none": 0.6485690235690236,
          "acc_norm_stderr,none": 0.00979639558281776,
          "alias": "arc_easy"
        }
      },
      "arc_challenge": {
        "accuracy": 0.40955631399317405,
        "full_results": {
          "acc,none": 0.3779863481228669,
          "acc_stderr,none": 0.014169664520303164,
          "acc_norm,none": 0.40955631399317405,
          "acc_norm_stderr,none": 0.014370358632472406,
          "alias": "arc_challenge"
        }
      },
      "openbookqa": {
        "accuracy": 0.36,
        "full_results": {
          "acc,none": 0.25,
          "acc_stderr,none": 0.019384310743640384,
          "acc_norm,none": 0.36,
          "acc_norm_stderr,none": 0.02148775108972057,
          "alias": "openbookqa"
        }
      }
    },
    "avg_zeroshot_acc": 0.5996241085915995
  }
}