{
  "extreme_pruning_layers": [
    {
      "layer_idx": 0,
      "pruning_rate": 0.8526785714285714,
      "importance": 0.005761116476995605,
      "gradient_mean": 0.000493062867058648,
      "gradient_norm": 15.59930419921875
    }
  ],
  "num_extreme_layers": 1,
  "gradient_statistics": {
    "mean_range": [
      0.00023380253050062392,
      0.000493062867058648
    ],
    "mean_ratio": 2.10888502838009,
    "norm_range": [
      2.10459476047092,
      15.59930419921875
    ],
    "norm_ratio": 7.412022728302848
  },
  "diagnosis": [
    {
      "issue": "\u524d\u51e0\u5c42\u88ab\u8fc7\u5ea6\u526a\u679d",
      "severity": "critical",
      "description": "\u524d5\u5c42\u4e2d\u6709 1 \u5c42\u88ab\u8fc7\u5ea6\u526a\u679d",
      "recommendation": "\u524d\u51e0\u5c42\u901a\u5e38\u5f88\u91cd\u8981\uff0c\u5efa\u8bae\u4e3a\u5176\u8bbe\u7f6e\u8f83\u4f4e\u7684 max_rate"
    }
  ]
}