{
  "model_path": "results/search_Mistral_blockwise_20/exp_009_taylor_seq_len64_taylor_num_samples256/pruned_model.bin",
  "timestamp": "2025-12-02T14:55:58.612856",
  "metrics": {
    "model_info": {
      "total_params": 5798420480,
      "trainable_params": 5798420480,
      "total_params_M": 5798.42048,
      "total_params_B": 5.79842048,
      "num_layers": 32,
      "module_params": {
        "embedding": 134217728,
        "lm_head": 134217728,
        "final_norm": 4096,
        "attention": 1342177280,
        "mlp": 4187541504,
        "input_layernorm": 131072,
        "post_attention_layernorm": 131072,
        "total_accounted": 5798420480,
        "unaccounted": 0,
        "match": true
      },
      "attention_params": 1342177280,
      "mlp_params": 4187541504,
      "attention_params_M": 1342.17728,
      "mlp_params_M": 4187.541504,
      "attention_ratio": 0.23147291311995366,
      "mlp_ratio": 0.7221865883034408,
      "model_size_mb": 11059.609619140625,
      "model_size_gb": 10.800400018692017
    },
    "ppl_quick_128": {
      "wikitext2 (wikitext-2-raw-v1)": 19.705873489379883,
      "ptb": 86.96328735351562
    },
    "ppl_standard_2048_512": {
      "wikitext2 (wikitext-2-raw-v1)": 9.990968704223633,
      "ptb": 75.15343475341797
    },
    "ppl": {
      "wikitext2 (wikitext-2-raw-v1)": 9.990968704223633,
      "ptb": 75.15343475341797
    },
    "zeroshot": {
      "boolq": {
        "accuracy": 0.653211009174312,
        "full_results": {
          "acc,none": 0.653211009174312,
          "acc_stderr,none": 0.008324380793263109,
          "alias": "boolq"
        }
      },
      "piqa": {
        "accuracy": 0.7665941240478781,
        "full_results": {
          "acc,none": 0.750816104461371,
          "acc_stderr,none": 0.010091882770120146,
          "acc_norm,none": 0.7665941240478781,
          "acc_norm_stderr,none": 0.009869247889520998,
          "alias": "piqa"
        }
      },
      "hellaswag": {
        "accuracy": 0.619896434973113,
        "full_results": {
          "acc,none": 0.46036646086436966,
          "acc_stderr,none": 0.004974080638364335,
          "acc_norm,none": 0.619896434973113,
          "acc_norm_stderr,none": 0.00484419991017278,
          "alias": "hellaswag"
        }
      },
      "winogrande": {
        "accuracy": 0.6093133385951065,
        "full_results": {
          "acc,none": 0.6093133385951065,
          "acc_stderr,none": 0.013712536036556616,
          "alias": "winogrande"
        }
      },
      "arc_easy": {
        "accuracy": 0.6266835016835017,
        "full_results": {
          "acc,none": 0.6679292929292929,
          "acc_stderr,none": 0.009663817543072557,
          "acc_norm,none": 0.6266835016835017,
          "acc_norm_stderr,none": 0.009925009142802761,
          "alias": "arc_easy"
        }
      },
      "arc_challenge": {
        "accuracy": 0.35238907849829354,
        "full_results": {
          "acc,none": 0.32764505119453924,
          "acc_stderr,none": 0.013715847940719344,
          "acc_norm,none": 0.35238907849829354,
          "acc_norm_stderr,none": 0.013960142600598661,
          "alias": "arc_challenge"
        }
      },
      "openbookqa": {
        "accuracy": 0.37,
        "full_results": {
          "acc,none": 0.264,
          "acc_stderr,none": 0.01973288558592215,
          "acc_norm,none": 0.37,
          "acc_norm_stderr,none": 0.021613289165165816,
          "alias": "openbookqa"
        }
      }
    },
    "avg_zeroshot_acc": 0.5711553552817435
  }
}