{
  "model_path": "results/search_Qwen-Instruct_layerwise_20/exp_006_taylor_seq_len64_taylor_num_samples4/pruned_model.bin",
  "timestamp": "2025-12-02T21:39:09.565841",
  "metrics": {
    "model_info": {
      "total_params": 6092485120,
      "trainable_params": 6092485120,
      "total_params_M": 6092.48512,
      "total_params_B": 6.09248512,
      "num_layers": 28,
      "module_params": {
        "embedding": 544997376,
        "lm_head": 544997376,
        "final_norm": 3584,
        "attention": 734118400,
        "mlp": 4268167680,
        "input_layernorm": 100352,
        "post_attention_layernorm": 100352,
        "total_accounted": 6092485120,
        "unaccounted": 0,
        "match": true
      },
      "attention_params": 734118400,
      "mlp_params": 4268167680,
      "attention_params_M": 734.1184,
      "mlp_params_M": 4268.16768,
      "attention_ratio": 0.12049572309829458,
      "mlp_ratio": 0.7005626761383046,
      "model_size_mb": 11620.493408203125,
      "model_size_gb": 11.348138093948364
    },
    "ppl_quick_128": {
      "wikitext2 (wikitext-2-raw-v1)": 31.199134826660156,
      "ptb": 60.607303619384766
    },
    "ppl_standard_2048_512": {
      "wikitext2 (wikitext-2-raw-v1)": 14.034768104553223,
      "ptb": 23.492273330688477
    },
    "ppl": {
      "wikitext2 (wikitext-2-raw-v1)": 14.034768104553223,
      "ptb": 23.492273330688477
    },
    "zeroshot": {
      "boolq": {
        "accuracy": 0.77217125382263,
        "full_results": {
          "acc,none": 0.77217125382263,
          "acc_stderr,none": 0.007335903582258381,
          "alias": "boolq"
        }
      },
      "piqa": {
        "accuracy": 0.7317736670293797,
        "full_results": {
          "acc,none": 0.7241566920565833,
          "acc_stderr,none": 0.010427805502729186,
          "acc_norm,none": 0.7317736670293797,
          "acc_norm_stderr,none": 0.010336761992404487,
          "alias": "piqa"
        }
      },
      "hellaswag": {
        "accuracy": 0.6772555267874926,
        "full_results": {
          "acc,none": 0.4976100378410675,
          "acc_stderr,none": 0.004989724408664546,
          "acc_norm,none": 0.6772555267874926,
          "acc_norm_stderr,none": 0.004665704208339189,
          "alias": "hellaswag"
        }
      },
      "winogrande": {
        "accuracy": 0.6250986582478295,
        "full_results": {
          "acc,none": 0.6250986582478295,
          "acc_stderr,none": 0.013605544523788008,
          "alias": "winogrande"
        }
      },
      "arc_easy": {
        "accuracy": 0.6439393939393939,
        "full_results": {
          "acc,none": 0.6990740740740741,
          "acc_stderr,none": 0.009411516193787045,
          "acc_norm,none": 0.6439393939393939,
          "acc_norm_stderr,none": 0.009825454608416157,
          "alias": "arc_easy"
        }
      },
      "arc_challenge": {
        "accuracy": 0.4138225255972696,
        "full_results": {
          "acc,none": 0.3873720136518771,
          "acc_stderr,none": 0.014235872487909897,
          "acc_norm,none": 0.4138225255972696,
          "acc_norm_stderr,none": 0.014392730009221043,
          "alias": "arc_challenge"
        }
      },
      "openbookqa": {
        "accuracy": 0.376,
        "full_results": {
          "acc,none": 0.27,
          "acc_stderr,none": 0.019874354831287473,
          "acc_norm,none": 0.376,
          "acc_norm_stderr,none": 0.02168382753928621,
          "alias": "openbookqa"
        }
      }
    },
    "avg_zeroshot_acc": 0.6057230036319993
  }
}