{
  "model_path": "results/search_Qwen-Instruct_20/exp_009_taylor_seq_len64_taylor_num_samples256/pruned_model.bin",
  "timestamp": "2025-12-02T01:46:26.635351",
  "metrics": {
    "model_info": {
      "total_params": 6092498944,
      "trainable_params": 6092498944,
      "total_params_M": 6092.498944,
      "total_params_B": 6.092498944,
      "num_layers": 28,
      "module_params": {
        "embedding": 544997376,
        "lm_head": 544997376,
        "final_norm": 3584,
        "attention": 822212608,
        "mlp": 4180087296,
        "input_layernorm": 100352,
        "post_attention_layernorm": 100352,
        "total_accounted": 6092498944,
        "unaccounted": 0,
        "match": true
      },
      "attention_params": 822212608,
      "mlp_params": 4180087296,
      "attention_params_M": 822.212608,
      "mlp_params_M": 4180.087296,
      "attention_ratio": 0.1349549036540629,
      "mlp_ratio": 0.6861039016045499,
      "model_size_mb": 11620.519775390625,
      "model_size_gb": 11.348163843154907
    },
    "ppl_quick_128": {
      "wikitext2 (wikitext-2-raw-v1)": 44.33953857421875,
      "ptb": 63.36577224731445
    },
    "ppl_standard_2048_512": {
      "wikitext2 (wikitext-2-raw-v1)": 16.85230255126953,
      "ptb": 23.5645809173584
    },
    "ppl": {
      "wikitext2 (wikitext-2-raw-v1)": 16.85230255126953,
      "ptb": 23.5645809173584
    },
    "zeroshot": {
      "boolq": {
        "accuracy": 0.8403669724770643,
        "full_results": {
          "acc,none": 0.8403669724770643,
          "acc_stderr,none": 0.006406021659710458,
          "alias": "boolq"
        }
      },
      "piqa": {
        "accuracy": 0.7083786724700761,
        "full_results": {
          "acc,none": 0.6980413492927094,
          "acc_stderr,none": 0.010711732891588133,
          "acc_norm,none": 0.7083786724700761,
          "acc_norm_stderr,none": 0.010604441527428973,
          "alias": "piqa"
        }
      },
      "hellaswag": {
        "accuracy": 0.6473809998008365,
        "full_results": {
          "acc,none": 0.48317068313085043,
          "acc_stderr,none": 0.004986954139737523,
          "acc_norm,none": 0.6473809998008365,
          "acc_norm_stderr,none": 0.004768088918512086,
          "alias": "hellaswag"
        }
      },
      "winogrande": {
        "accuracy": 0.6511444356748224,
        "full_results": {
          "acc,none": 0.6511444356748224,
          "acc_stderr,none": 0.013395059320137391,
          "alias": "winogrande"
        }
      },
      "arc_easy": {
        "accuracy": 0.6052188552188552,
        "full_results": {
          "acc,none": 0.6494107744107744,
          "acc_stderr,none": 0.009791003829831646,
          "acc_norm,none": 0.6052188552188552,
          "acc_norm_stderr,none": 0.01003003893588357,
          "alias": "arc_easy"
        }
      },
      "arc_challenge": {
        "accuracy": 0.4052901023890785,
        "full_results": {
          "acc,none": 0.3848122866894198,
          "acc_stderr,none": 0.014218371065251156,
          "acc_norm,none": 0.4052901023890785,
          "acc_norm_stderr,none": 0.01434686906022932,
          "alias": "arc_challenge"
        }
      },
      "openbookqa": {
        "accuracy": 0.356,
        "full_results": {
          "acc,none": 0.25,
          "acc_stderr,none": 0.019384310743640384,
          "acc_norm,none": 0.356,
          "acc_norm_stderr,none": 0.021434712356072687,
          "alias": "openbookqa"
        }
      }
    },
    "avg_zeroshot_acc": 0.6019685768615333
  }
}