{
  "model_path": "results/search_Qwen_layerwise_20/exp_013_taylor_seq_len256_taylor_num_samples128/pruned_model.bin",
  "timestamp": "2025-12-01T03:58:29.173389",
  "metrics": {
    "model_info": {
      "total_params": 6092498944,
      "trainable_params": 6092498944,
      "total_params_M": 6092.498944,
      "total_params_B": 6.092498944,
      "num_layers": 28,
      "module_params": {
        "embedding": 544997376,
        "lm_head": 544997376,
        "final_norm": 3584,
        "attention": 822212608,
        "mlp": 4180087296,
        "input_layernorm": 100352,
        "post_attention_layernorm": 100352,
        "total_accounted": 6092498944,
        "unaccounted": 0,
        "match": true
      },
      "attention_params": 822212608,
      "mlp_params": 4180087296,
      "attention_params_M": 822.212608,
      "mlp_params_M": 4180.087296,
      "attention_ratio": 0.1349549036540629,
      "mlp_ratio": 0.6861039016045499,
      "model_size_mb": 11620.519775390625,
      "model_size_gb": 11.348163843154907
    },
    "ppl_quick_128": {
      "wikitext2 (wikitext-2-raw-v1)": 25.442703247070312,
      "ptb": 45.71748733520508
    },
    "ppl_standard_2048_512": {
      "wikitext2 (wikitext-2-raw-v1)": 10.771027565002441,
      "ptb": 17.034210205078125
    },
    "ppl": {
      "wikitext2 (wikitext-2-raw-v1)": 10.771027565002441,
      "ptb": 17.034210205078125
    },
    "zeroshot": {
      "boolq": {
        "accuracy": 0.6972477064220184,
        "full_results": {
          "acc,none": 0.6972477064220184,
          "acc_stderr,none": 0.00803581274180199,
          "alias": "boolq"
        }
      },
      "piqa": {
        "accuracy": 0.750816104461371,
        "full_results": {
          "acc,none": 0.7480957562568009,
          "acc_stderr,none": 0.010128421335088757,
          "acc_norm,none": 0.750816104461371,
          "acc_norm_stderr,none": 0.010091882770120146,
          "alias": "piqa"
        }
      },
      "hellaswag": {
        "accuracy": 0.657837084246166,
        "full_results": {
          "acc,none": 0.4787890858394742,
          "acc_stderr,none": 0.004985289555586518,
          "acc_norm,none": 0.657837084246166,
          "acc_norm_stderr,none": 0.004734642167493192,
          "alias": "hellaswag"
        }
      },
      "winogrande": {
        "accuracy": 0.6464088397790055,
        "full_results": {
          "acc,none": 0.6464088397790055,
          "acc_stderr,none": 0.013436541262600006,
          "alias": "winogrande"
        }
      },
      "arc_easy": {
        "accuracy": 0.6965488215488216,
        "full_results": {
          "acc,none": 0.7201178451178452,
          "acc_stderr,none": 0.009212077524656682,
          "acc_norm,none": 0.6965488215488216,
          "acc_norm_stderr,none": 0.009433837434252454,
          "alias": "arc_easy"
        }
      },
      "arc_challenge": {
        "accuracy": 0.447098976109215,
        "full_results": {
          "acc,none": 0.40187713310580203,
          "acc_stderr,none": 0.014327268614578337,
          "acc_norm,none": 0.447098976109215,
          "acc_norm_stderr,none": 0.01452938016052677,
          "alias": "arc_challenge"
        }
      },
      "openbookqa": {
        "accuracy": 0.366,
        "full_results": {
          "acc,none": 0.252,
          "acc_stderr,none": 0.019435727282249564,
          "acc_norm,none": 0.366,
          "acc_norm_stderr,none": 0.021564276850201684,
          "alias": "openbookqa"
        }
      }
    },
    "avg_zeroshot_acc": 0.6088510760809426
  }
}