{
  "model_path": "results/search_Mistral-Instruct_layerwise_20/exp_017_taylor_seq_len256_taylor_num_samples64/pruned_model.bin",
  "timestamp": "2025-12-02T16:41:38.694126",
  "metrics": {
    "model_info": {
      "total_params": 5798420480,
      "trainable_params": 5798420480,
      "total_params_M": 5798.42048,
      "total_params_B": 5.79842048,
      "num_layers": 32,
      "module_params": {
        "embedding": 134217728,
        "lm_head": 134217728,
        "final_norm": 4096,
        "attention": 1342177280,
        "mlp": 4187541504,
        "input_layernorm": 131072,
        "post_attention_layernorm": 131072,
        "total_accounted": 5798420480,
        "unaccounted": 0,
        "match": true
      },
      "attention_params": 1342177280,
      "mlp_params": 4187541504,
      "attention_params_M": 1342.17728,
      "mlp_params_M": 4187.541504,
      "attention_ratio": 0.23147291311995366,
      "mlp_ratio": 0.7221865883034408,
      "model_size_mb": 11059.609619140625,
      "model_size_gb": 10.800400018692017
    },
    "ppl_quick_128": {
      "wikitext2 (wikitext-2-raw-v1)": 54.65011215209961,
      "ptb": 185.72808837890625
    },
    "ppl_standard_2048_512": {
      "wikitext2 (wikitext-2-raw-v1)": 26.905590057373047,
      "ptb": 115.79219818115234
    },
    "ppl": {
      "wikitext2 (wikitext-2-raw-v1)": 26.905590057373047,
      "ptb": 115.79219818115234
    },
    "zeroshot": {
      "boolq": {
        "accuracy": 0.5614678899082569,
        "full_results": {
          "acc,none": 0.5614678899082569,
          "acc_stderr,none": 0.008678720482001884,
          "alias": "boolq"
        }
      },
      "piqa": {
        "accuracy": 0.6360174102285092,
        "full_results": {
          "acc,none": 0.6354733405875952,
          "acc_stderr,none": 0.011229456510295745,
          "acc_norm,none": 0.6360174102285092,
          "acc_norm_stderr,none": 0.011225875703487065,
          "alias": "piqa"
        }
      },
      "hellaswag": {
        "accuracy": 0.39314877514439356,
        "full_results": {
          "acc,none": 0.32991435968930494,
          "acc_stderr,none": 0.004692208279690502,
          "acc_norm,none": 0.39314877514439356,
          "acc_norm_stderr,none": 0.004874511466836482,
          "alias": "hellaswag"
        }
      },
      "winogrande": {
        "accuracy": 0.5240726124704025,
        "full_results": {
          "acc,none": 0.5240726124704025,
          "acc_stderr,none": 0.014036189665395169,
          "alias": "winogrande"
        }
      },
      "arc_easy": {
        "accuracy": 0.44486531986531985,
        "full_results": {
          "acc,none": 0.4877946127946128,
          "acc_stderr,none": 0.010256726235129118,
          "acc_norm,none": 0.44486531986531985,
          "acc_norm_stderr,none": 0.01019721669035638,
          "alias": "arc_easy"
        }
      },
      "arc_challenge": {
        "accuracy": 0.25,
        "full_results": {
          "acc,none": 0.23122866894197952,
          "acc_stderr,none": 0.01232085883477234,
          "acc_norm,none": 0.25,
          "acc_norm_stderr,none": 0.012653835621466646,
          "alias": "arc_challenge"
        }
      },
      "openbookqa": {
        "accuracy": 0.292,
        "full_results": {
          "acc,none": 0.174,
          "acc_stderr,none": 0.01697127125751611,
          "acc_norm,none": 0.292,
          "acc_norm_stderr,none": 0.020354375480530096,
          "alias": "openbookqa"
        }
      }
    },
    "avg_zeroshot_acc": 0.44308171537384033
  }
}