{
  "model_path": "results/search_Mistral-Instruct_blockwise_20/exp_011_taylor_seq_len128_taylor_num_samples4/pruned_model.bin",
  "timestamp": "2025-12-02T02:40:28.832826",
  "metrics": {
    "model_info": {
      "total_params": 5798424576,
      "trainable_params": 5798424576,
      "total_params_M": 5798.424576,
      "total_params_B": 5.798424576,
      "num_layers": 32,
      "module_params": {
        "embedding": 134217728,
        "lm_head": 134217728,
        "final_norm": 4096,
        "attention": 959447040,
        "mlp": 4570275840,
        "input_layernorm": 131072,
        "post_attention_layernorm": 131072,
        "total_accounted": 5798424576,
        "unaccounted": 0,
        "match": true
      },
      "attention_params": 959447040,
      "mlp_params": 4570275840,
      "attention_params_M": 959.44704,
      "mlp_params_M": 4570.27584,
      "attention_ratio": 0.16546684835243083,
      "mlp_ratio": 0.788192685805835,
      "model_size_mb": 11059.617431640625,
      "model_size_gb": 10.800407648086548
    },
    "ppl_quick_128": {
      "wikitext2 (wikitext-2-raw-v1)": 374.3417053222656,
      "ptb": 370.2081298828125
    },
    "ppl_standard_2048_512": {
      "wikitext2 (wikitext-2-raw-v1)": 67.80010223388672,
      "ptb": 221.85189819335938
    },
    "ppl": {
      "wikitext2 (wikitext-2-raw-v1)": 67.80010223388672,
      "ptb": 221.85189819335938
    },
    "zeroshot": {
      "boolq": {
        "accuracy": 0.6596330275229357,
        "full_results": {
          "acc,none": 0.6596330275229357,
          "acc_stderr,none": 0.00828738360328683,
          "alias": "boolq"
        }
      },
      "piqa": {
        "accuracy": 0.6605005440696409,
        "full_results": {
          "acc,none": 0.6605005440696409,
          "acc_stderr,none": 0.011048455047173906,
          "acc_norm,none": 0.6605005440696409,
          "acc_norm_stderr,none": 0.011048455047173906,
          "alias": "piqa"
        }
      },
      "hellaswag": {
        "accuracy": 0.5558653654650468,
        "full_results": {
          "acc,none": 0.4239195379406493,
          "acc_stderr,none": 0.004931679059919489,
          "acc_norm,none": 0.5558653654650468,
          "acc_norm_stderr,none": 0.004958537988993698,
          "alias": "hellaswag"
        }
      },
      "winogrande": {
        "accuracy": 0.4964483030781373,
        "full_results": {
          "acc,none": 0.4964483030781373,
          "acc_stderr,none": 0.014052131146915853,
          "alias": "winogrande"
        }
      },
      "arc_easy": {
        "accuracy": 0.4137205387205387,
        "full_results": {
          "acc,none": 0.4078282828282828,
          "acc_stderr,none": 0.01008395024004126,
          "acc_norm,none": 0.4137205387205387,
          "acc_norm_stderr,none": 0.010105878530238066,
          "alias": "arc_easy"
        }
      },
      "arc_challenge": {
        "accuracy": 0.3199658703071672,
        "full_results": {
          "acc,none": 0.2935153583617747,
          "acc_stderr,none": 0.013307250444941061,
          "acc_norm,none": 0.3199658703071672,
          "acc_norm_stderr,none": 0.013631345807016129,
          "alias": "arc_challenge"
        }
      },
      "openbookqa": {
        "accuracy": 0.252,
        "full_results": {
          "acc,none": 0.148,
          "acc_stderr,none": 0.01589645856125128,
          "acc_norm,none": 0.252,
          "acc_norm_stderr,none": 0.019435727282249564,
          "alias": "openbookqa"
        }
      }
    },
    "avg_zeroshot_acc": 0.4797333784519238
  }
}