{
  "model_path": "results/search_Qwen-Instruct_layerwise_20/exp_009_taylor_seq_len64_taylor_num_samples256/pruned_model.bin",
  "timestamp": "2025-12-02T02:24:40.141112",
  "metrics": {
    "model_info": {
      "total_params": 6092498944,
      "trainable_params": 6092498944,
      "total_params_M": 6092.498944,
      "total_params_B": 6.092498944,
      "num_layers": 28,
      "module_params": {
        "embedding": 544997376,
        "lm_head": 544997376,
        "final_norm": 3584,
        "attention": 822212608,
        "mlp": 4180087296,
        "input_layernorm": 100352,
        "post_attention_layernorm": 100352,
        "total_accounted": 6092498944,
        "unaccounted": 0,
        "match": true
      },
      "attention_params": 822212608,
      "mlp_params": 4180087296,
      "attention_params_M": 822.212608,
      "mlp_params_M": 4180.087296,
      "attention_ratio": 0.1349549036540629,
      "mlp_ratio": 0.6861039016045499,
      "model_size_mb": 11620.519775390625,
      "model_size_gb": 11.348163843154907
    },
    "ppl_quick_128": {
      "wikitext2 (wikitext-2-raw-v1)": 23.733562469482422,
      "ptb": 44.850196838378906
    },
    "ppl_standard_2048_512": {
      "wikitext2 (wikitext-2-raw-v1)": 10.958372116088867,
      "ptb": 18.597549438476562
    },
    "ppl": {
      "wikitext2 (wikitext-2-raw-v1)": 10.958372116088867,
      "ptb": 18.597549438476562
    },
    "zeroshot": {
      "boolq": {
        "accuracy": 0.7394495412844037,
        "full_results": {
          "acc,none": 0.7394495412844037,
          "acc_stderr,none": 0.007677021072511051,
          "alias": "boolq"
        }
      },
      "piqa": {
        "accuracy": 0.7622415669205659,
        "full_results": {
          "acc,none": 0.750272034820457,
          "acc_stderr,none": 0.010099232969867361,
          "acc_norm,none": 0.7622415669205659,
          "acc_norm_stderr,none": 0.009932525779525558,
          "alias": "piqa"
        }
      },
      "hellaswag": {
        "accuracy": 0.6660027882891855,
        "full_results": {
          "acc,none": 0.49352718581955785,
          "acc_stderr,none": 0.004989363276955276,
          "acc_norm,none": 0.6660027882891855,
          "acc_norm_stderr,none": 0.004706748152125275,
          "alias": "hellaswag"
        }
      },
      "winogrande": {
        "accuracy": 0.6108918705603789,
        "full_results": {
          "acc,none": 0.6108918705603789,
          "acc_stderr,none": 0.01370252087148592,
          "alias": "winogrande"
        }
      },
      "arc_easy": {
        "accuracy": 0.6957070707070707,
        "full_results": {
          "acc,none": 0.7218013468013468,
          "acc_stderr,none": 0.00919505960158374,
          "acc_norm,none": 0.6957070707070707,
          "acc_norm_stderr,none": 0.009441202922359051,
          "alias": "arc_easy"
        }
      },
      "arc_challenge": {
        "accuracy": 0.4377133105802048,
        "full_results": {
          "acc,none": 0.4069965870307167,
          "acc_stderr,none": 0.014356399418009202,
          "acc_norm,none": 0.4377133105802048,
          "acc_norm_stderr,none": 0.01449757388110822,
          "alias": "arc_challenge"
        }
      },
      "openbookqa": {
        "accuracy": 0.394,
        "full_results": {
          "acc,none": 0.292,
          "acc_stderr,none": 0.020354375480530096,
          "acc_norm,none": 0.394,
          "acc_norm_stderr,none": 0.02187429930168918,
          "alias": "openbookqa"
        }
      }
    },
    "avg_zeroshot_acc": 0.6151437354774013
  }
}