{
  "model_path": "results/for_finetuning/Llama-Instruct/wanda/pruned_model.bin",
  "timestamp": "2025-12-06T11:15:57.404225",
  "metrics": {
    "model_info": {
      "total_params": 6424211456,
      "trainable_params": 6424211456,
      "total_params_M": 6424.211456,
      "total_params_B": 6.424211456,
      "num_layers": 32,
      "module_params": {
        "embedding": 525336576,
        "lm_head": 525336576,
        "final_norm": 4096,
        "attention": 1274019840,
        "mlp": 4099252224,
        "input_layernorm": 131072,
        "post_attention_layernorm": 131072,
        "total_accounted": 6424211456,
        "unaccounted": 0,
        "match": true
      },
      "attention_params": 1274019840,
      "mlp_params": 4099252224,
      "attention_params_M": 1274.01984,
      "mlp_params_M": 4099.252224,
      "attention_ratio": 0.19831536504143366,
      "mlp_ratio": 0.6380942240267379,
      "model_size_mb": 12253.211181640625,
      "model_size_gb": 11.966026544570923
    },
    "ppl_quick_128": {
      "wikitext2 (wikitext-2-raw-v1)": 20894.53125,
      "ptb": 16235.103515625
    },
    "ppl_standard_2048_512": {
      "wikitext2 (wikitext-2-raw-v1)": 12573.87890625,
      "ptb": 9723.69140625
    },
    "ppl": {
      "wikitext2 (wikitext-2-raw-v1)": 12573.87890625,
      "ptb": 9723.69140625
    },
    "zeroshot": {
      "boolq": {
        "accuracy": 0.4510703363914373,
        "full_results": {
          "acc,none": 0.4510703363914373,
          "acc_stderr,none": 0.008703080962379596,
          "alias": "boolq"
        }
      },
      "piqa": {
        "accuracy": 0.5087051142546246,
        "full_results": {
          "acc,none": 0.5315560391730142,
          "acc_stderr,none": 0.011642567710878958,
          "acc_norm,none": 0.5087051142546246,
          "acc_norm_stderr,none": 0.011664055982032772,
          "alias": "piqa"
        }
      },
      "hellaswag": {
        "accuracy": 0.25791674965146383,
        "full_results": {
          "acc,none": 0.25423222465644296,
          "acc_stderr,none": 0.00434538861452022,
          "acc_norm,none": 0.25791674965146383,
          "acc_norm_stderr,none": 0.004365938407209732,
          "alias": "hellaswag"
        }
      },
      "winogrande": {
        "accuracy": 0.48382004735595896,
        "full_results": {
          "acc,none": 0.48382004735595896,
          "acc_stderr,none": 0.014045126130978676,
          "alias": "winogrande"
        }
      },
      "arc_easy": {
        "accuracy": 0.2516835016835017,
        "full_results": {
          "acc,none": 0.24873737373737373,
          "acc_stderr,none": 0.008870224411653744,
          "acc_norm,none": 0.2516835016835017,
          "acc_norm_stderr,none": 0.008905088235948856,
          "alias": "arc_easy"
        }
      },
      "arc_challenge": {
        "accuracy": 0.2636518771331058,
        "full_results": {
          "acc,none": 0.22525597269624573,
          "acc_stderr,none": 0.012207839995407479,
          "acc_norm,none": 0.2636518771331058,
          "acc_norm_stderr,none": 0.012875929151296968,
          "alias": "arc_challenge"
        }
      },
      "openbookqa": {
        "accuracy": 0.284,
        "full_results": {
          "acc,none": 0.13,
          "acc_stderr,none": 0.015055009352810992,
          "acc_norm,none": 0.284,
          "acc_norm_stderr,none": 0.020186703693570774,
          "alias": "openbookqa"
        }
      }
    },
    "avg_zeroshot_acc": 0.3572639466385846
  }
}