{
  "extreme_pruning_layers": [],
  "num_extreme_layers": 0,
  "gradient_statistics": {
    "mean_range": [
      0.015157832867569394,
      0.23561524941275516
    ],
    "mean_ratio": 15.544124936385073,
    "norm_range": [
      83.58068037033081,
      937.940542432997
    ],
    "norm_ratio": 11.22197783358583
  },
  "diagnosis": []
}