{
  "model_path": "results/search_Qwen-Instruct_layerwise_20/exp_017_taylor_seq_len256_taylor_num_samples64/pruned_model.bin",
  "timestamp": "2025-12-02T04:48:16.942878",
  "metrics": {
    "model_info": {
      "total_params": 6092498944,
      "trainable_params": 6092498944,
      "total_params_M": 6092.498944,
      "total_params_B": 6.092498944,
      "num_layers": 28,
      "module_params": {
        "embedding": 544997376,
        "lm_head": 544997376,
        "final_norm": 3584,
        "attention": 822212608,
        "mlp": 4180087296,
        "input_layernorm": 100352,
        "post_attention_layernorm": 100352,
        "total_accounted": 6092498944,
        "unaccounted": 0,
        "match": true
      },
      "attention_params": 822212608,
      "mlp_params": 4180087296,
      "attention_params_M": 822.212608,
      "mlp_params_M": 4180.087296,
      "attention_ratio": 0.1349549036540629,
      "mlp_ratio": 0.6861039016045499,
      "model_size_mb": 11620.519775390625,
      "model_size_gb": 11.348163843154907
    },
    "ppl_quick_128": {
      "wikitext2 (wikitext-2-raw-v1)": 28.14691162109375,
      "ptb": 49.522220611572266
    },
    "ppl_standard_2048_512": {
      "wikitext2 (wikitext-2-raw-v1)": 11.683819770812988,
      "ptb": 19.00715446472168
    },
    "ppl": {
      "wikitext2 (wikitext-2-raw-v1)": 11.683819770812988,
      "ptb": 19.00715446472168
    },
    "zeroshot": {
      "boolq": {
        "accuracy": 0.6825688073394496,
        "full_results": {
          "acc,none": 0.6825688073394496,
          "acc_stderr,none": 0.008141240022609332,
          "alias": "boolq"
        }
      },
      "piqa": {
        "accuracy": 0.7312295973884657,
        "full_results": {
          "acc,none": 0.7372143634385201,
          "acc_stderr,none": 0.01026935406814087,
          "acc_norm,none": 0.7312295973884657,
          "acc_norm_stderr,none": 0.01034339294008991,
          "alias": "piqa"
        }
      },
      "hellaswag": {
        "accuracy": 0.6742680740888269,
        "full_results": {
          "acc,none": 0.49213304122684726,
          "acc_stderr,none": 0.00498916374765076,
          "acc_norm,none": 0.6742680740888269,
          "acc_norm_stderr,none": 0.004676898861978937,
          "alias": "hellaswag"
        }
      },
      "winogrande": {
        "accuracy": 0.6140489344909235,
        "full_results": {
          "acc,none": 0.6140489344909235,
          "acc_stderr,none": 0.013682036993397323,
          "alias": "winogrande"
        }
      },
      "arc_easy": {
        "accuracy": 0.6746632996632996,
        "full_results": {
          "acc,none": 0.7167508417508418,
          "acc_stderr,none": 0.009245632200075576,
          "acc_norm,none": 0.6746632996632996,
          "acc_norm_stderr,none": 0.009613427708996211,
          "alias": "arc_easy"
        }
      },
      "arc_challenge": {
        "accuracy": 0.44283276450511944,
        "full_results": {
          "acc,none": 0.4206484641638225,
          "acc_stderr,none": 0.014426211252508337,
          "acc_norm,none": 0.44283276450511944,
          "acc_norm_stderr,none": 0.01451557387334892,
          "alias": "arc_challenge"
        }
      },
      "openbookqa": {
        "accuracy": 0.382,
        "full_results": {
          "acc,none": 0.264,
          "acc_stderr,none": 0.01973288558592215,
          "acc_norm,none": 0.382,
          "acc_norm_stderr,none": 0.02175082059125093,
          "alias": "openbookqa"
        }
      }
    },
    "avg_zeroshot_acc": 0.6002302110680121
  }
}