{
  "model_path": "results/search_Qwen-Instruct_layerwise_20/exp_017_taylor_seq_len256_taylor_num_samples64/pruned_model.bin",
  "timestamp": "2025-12-03T00:51:57.126254",
  "metrics": {
    "model_info": {
      "total_params": 6092498944,
      "trainable_params": 6092498944,
      "total_params_M": 6092.498944,
      "total_params_B": 6.092498944,
      "num_layers": 28,
      "module_params": {
        "embedding": 544997376,
        "lm_head": 544997376,
        "final_norm": 3584,
        "attention": 822212608,
        "mlp": 4180087296,
        "input_layernorm": 100352,
        "post_attention_layernorm": 100352,
        "total_accounted": 6092498944,
        "unaccounted": 0,
        "match": true
      },
      "attention_params": 822212608,
      "mlp_params": 4180087296,
      "attention_params_M": 822.212608,
      "mlp_params_M": 4180.087296,
      "attention_ratio": 0.1349549036540629,
      "mlp_ratio": 0.6861039016045499,
      "model_size_mb": 11620.519775390625,
      "model_size_gb": 11.348163843154907
    },
    "ppl_quick_128": {
      "wikitext2 (wikitext-2-raw-v1)": 58.847633361816406,
      "ptb": 88.9131851196289
    },
    "ppl_standard_2048_512": {
      "wikitext2 (wikitext-2-raw-v1)": 21.309751510620117,
      "ptb": 34.598880767822266
    },
    "ppl": {
      "wikitext2 (wikitext-2-raw-v1)": 21.309751510620117,
      "ptb": 34.598880767822266
    },
    "zeroshot": {
      "boolq": {
        "accuracy": 0.7064220183486238,
        "full_results": {
          "acc,none": 0.7064220183486238,
          "acc_stderr,none": 0.00796501124942015,
          "alias": "boolq"
        }
      },
      "piqa": {
        "accuracy": 0.6931447225244831,
        "full_results": {
          "acc,none": 0.6926006528835691,
          "acc_stderr,none": 0.010765602506938959,
          "acc_norm,none": 0.6931447225244831,
          "acc_norm_stderr,none": 0.01076029507058034,
          "alias": "piqa"
        }
      },
      "hellaswag": {
        "accuracy": 0.6221868153754232,
        "full_results": {
          "acc,none": 0.4695279824736108,
          "acc_stderr,none": 0.004980506329407518,
          "acc_norm,none": 0.6221868153754232,
          "acc_norm_stderr,none": 0.004838496966823436,
          "alias": "hellaswag"
        }
      },
      "winogrande": {
        "accuracy": 0.6432517758484609,
        "full_results": {
          "acc,none": 0.6432517758484609,
          "acc_stderr,none": 0.01346339395802877,
          "alias": "winogrande"
        }
      },
      "arc_easy": {
        "accuracy": 0.6245791245791246,
        "full_results": {
          "acc,none": 0.6367845117845118,
          "acc_stderr,none": 0.009868397136118761,
          "acc_norm,none": 0.6245791245791246,
          "acc_norm_stderr,none": 0.009936218527114224,
          "alias": "arc_easy"
        }
      },
      "arc_challenge": {
        "accuracy": 0.40273037542662116,
        "full_results": {
          "acc,none": 0.3839590443686007,
          "acc_stderr,none": 0.014212444980651792,
          "acc_norm,none": 0.40273037542662116,
          "acc_norm_stderr,none": 0.01433223630679021,
          "alias": "arc_challenge"
        }
      },
      "openbookqa": {
        "accuracy": 0.332,
        "full_results": {
          "acc,none": 0.238,
          "acc_stderr,none": 0.019064072958198387,
          "acc_norm,none": 0.332,
          "acc_norm_stderr,none": 0.021081766571222797,
          "alias": "openbookqa"
        }
      }
    },
    "avg_zeroshot_acc": 0.5749021188718195
  }
}