{
  "model_path": "results/search_Mistral_blockwise_20/exp_005_taylor_seq_len32_taylor_num_samples512/pruned_model.bin",
  "timestamp": "2025-12-02T13:40:35.454072",
  "metrics": {
    "model_info": {
      "total_params": 5798428672,
      "trainable_params": 5798428672,
      "total_params_M": 5798.428672,
      "total_params_B": 5.798428672,
      "num_layers": 32,
      "module_params": {
        "embedding": 134217728,
        "lm_head": 134217728,
        "final_norm": 4096,
        "attention": 938475520,
        "mlp": 4591251456,
        "input_layernorm": 131072,
        "post_attention_layernorm": 131072,
        "total_accounted": 5798428672,
        "unaccounted": 0,
        "match": true
      },
      "attention_params": 938475520,
      "mlp_params": 4591251456,
      "attention_params_M": 938.47552,
      "mlp_params_M": 4591.251456,
      "attention_ratio": 0.1618499723091877,
      "mlp_ratio": 0.7918095945839032,
      "model_size_mb": 11059.625244140625,
      "model_size_gb": 10.800415277481079
    },
    "ppl_quick_128": {
      "wikitext2 (wikitext-2-raw-v1)": 45.523277282714844,
      "ptb": 175.88851928710938
    },
    "ppl_standard_2048_512": {
      "wikitext2 (wikitext-2-raw-v1)": 21.708438873291016,
      "ptb": 181.20652770996094
    },
    "ppl": {
      "wikitext2 (wikitext-2-raw-v1)": 21.708438873291016,
      "ptb": 181.20652770996094
    },
    "zeroshot": {
      "boolq": {
        "accuracy": 0.42599388379204894,
        "full_results": {
          "acc,none": 0.42599388379204894,
          "acc_stderr,none": 0.00864873283294889,
          "alias": "boolq"
        }
      },
      "piqa": {
        "accuracy": 0.7551686615886833,
        "full_results": {
          "acc,none": 0.7431991294885746,
          "acc_stderr,none": 0.010192864802277986,
          "acc_norm,none": 0.7551686615886833,
          "acc_norm_stderr,none": 0.010032309105568807,
          "alias": "piqa"
        }
      },
      "hellaswag": {
        "accuracy": 0.582055367456682,
        "full_results": {
          "acc,none": 0.4237203744274049,
          "acc_stderr,none": 0.0049313726571298755,
          "acc_norm,none": 0.582055367456682,
          "acc_norm_stderr,none": 0.0049221295689196,
          "alias": "hellaswag"
        }
      },
      "winogrande": {
        "accuracy": 0.5256511444356748,
        "full_results": {
          "acc,none": 0.5256511444356748,
          "acc_stderr,none": 0.014033980956108428,
          "alias": "winogrande"
        }
      },
      "arc_easy": {
        "accuracy": 0.45496632996632996,
        "full_results": {
          "acc,none": 0.5176767676767676,
          "acc_stderr,none": 0.010253369805699086,
          "acc_norm,none": 0.45496632996632996,
          "acc_norm_stderr,none": 0.010218084454602478,
          "alias": "arc_easy"
        }
      },
      "arc_challenge": {
        "accuracy": 0.3532423208191126,
        "full_results": {
          "acc,none": 0.32593856655290104,
          "acc_stderr,none": 0.013697432466693353,
          "acc_norm,none": 0.3532423208191126,
          "acc_norm_stderr,none": 0.013967822714840067,
          "alias": "arc_challenge"
        }
      },
      "openbookqa": {
        "accuracy": 0.29,
        "full_results": {
          "acc,none": 0.2,
          "acc_stderr,none": 0.01790645924143381,
          "acc_norm,none": 0.29,
          "acc_norm_stderr,none": 0.020313179231745138,
          "alias": "openbookqa"
        }
      }
    },
    "avg_zeroshot_acc": 0.48386824400836165
  }
}