{
  "model_path": "results/search_Mistral_blockwise_20/exp_005_taylor_seq_len32_taylor_num_samples512/pruned_model.bin",
  "timestamp": "2025-12-02T01:02:49.637520",
  "metrics": {
    "model_info": {
      "total_params": 5798424576,
      "trainable_params": 5798424576,
      "total_params_M": 5798.424576,
      "total_params_B": 5.798424576,
      "num_layers": 32,
      "module_params": {
        "embedding": 134217728,
        "lm_head": 134217728,
        "final_norm": 4096,
        "attention": 1022361600,
        "mlp": 4507361280,
        "input_layernorm": 131072,
        "post_attention_layernorm": 131072,
        "total_accounted": 5798424576,
        "unaccounted": 0,
        "match": true
      },
      "attention_params": 1022361600,
      "mlp_params": 4507361280,
      "attention_params_M": 1022.3616,
      "mlp_params_M": 4507.36128,
      "attention_ratio": 0.17631713349029515,
      "mlp_ratio": 0.7773424006679707,
      "model_size_mb": 11059.617431640625,
      "model_size_gb": 10.800407648086548
    },
    "ppl_quick_128": {
      "wikitext2 (wikitext-2-raw-v1)": 51.098915100097656,
      "ptb": 173.35609436035156
    },
    "ppl_standard_2048_512": {
      "wikitext2 (wikitext-2-raw-v1)": 25.02601432800293,
      "ptb": 164.4609375
    },
    "ppl": {
      "wikitext2 (wikitext-2-raw-v1)": 25.02601432800293,
      "ptb": 164.4609375
    },
    "zeroshot": {
      "boolq": {
        "accuracy": 0.42691131498470947,
        "full_results": {
          "acc,none": 0.42691131498470947,
          "acc_stderr,none": 0.008651119069643751,
          "alias": "boolq"
        }
      },
      "piqa": {
        "accuracy": 0.7535364526659413,
        "full_results": {
          "acc,none": 0.7453754080522307,
          "acc_stderr,none": 0.010164432237060617,
          "acc_norm,none": 0.7535364526659413,
          "acc_norm_stderr,none": 0.01005481078967165,
          "alias": "piqa"
        }
      },
      "hellaswag": {
        "accuracy": 0.5800637323242382,
        "full_results": {
          "acc,none": 0.4314877514439355,
          "acc_stderr,none": 0.00494271609199621,
          "acc_norm,none": 0.5800637323242382,
          "acc_norm_stderr,none": 0.00492539499549008,
          "alias": "hellaswag"
        }
      },
      "winogrande": {
        "accuracy": 0.516179952644041,
        "full_results": {
          "acc,none": 0.516179952644041,
          "acc_stderr,none": 0.014045126130978676,
          "alias": "winogrande"
        }
      },
      "arc_easy": {
        "accuracy": 0.47264309764309764,
        "full_results": {
          "acc,none": 0.5084175084175084,
          "acc_stderr,none": 0.01025832951522638,
          "acc_norm,none": 0.47264309764309764,
          "acc_norm_stderr,none": 0.01024441516439048,
          "alias": "arc_easy"
        }
      },
      "arc_challenge": {
        "accuracy": 0.3378839590443686,
        "full_results": {
          "acc,none": 0.318259385665529,
          "acc_stderr,none": 0.013611993916971517,
          "acc_norm,none": 0.3378839590443686,
          "acc_norm_stderr,none": 0.01382204792228354,
          "alias": "arc_challenge"
        }
      },
      "openbookqa": {
        "accuracy": 0.266,
        "full_results": {
          "acc,none": 0.17,
          "acc_stderr,none": 0.016815633531393464,
          "acc_norm,none": 0.266,
          "acc_norm_stderr,none": 0.019780559675655396,
          "alias": "openbookqa"
        }
      }
    },
    "avg_zeroshot_acc": 0.47903121561519946
  }
}