{
  "0": 6.992551491389231,
  "1": 3.9611740950783707,
  "2": 0.3164095209601854,
  "3": 0.2492031907092307,
  "4": 0.26078029662641455,
  "5": 0.23849998458319943,
  "6": 0.17183151288442833,
  "7": 0.17183397722269733,
  "8": 0.14560226741670457,
  "9": 0.15325225616508087,
  "10": 0.12413992109558647,
  "11": 0.14339104640426514,
  "12": 0.15100829738910537,
  "13": 0.17677059905023107,
  "14": 0.1797291549497082,
  "15": 0.222813652136439,
  "16": 0.2789492064271619,
  "17": 0.30061781858773484,
  "18": 0.3427087962468125,
  "19": 0.22345829876523027,
  "20": 0.2345625573081298,
  "21": 0.2525409431396355,
  "22": 0.23459370400037827,
  "23": 0.21645969047322122,
  "24": 0.202434083601168,
  "25": 0.16507127487614826,
  "26": 0.18420946349567568,
  "27": 0.2212389822888028,
  "28": 0.23163276264082588,
  "29": 0.33472423780289384,
  "30": 0.47525511075952087,
  "31": 1.4016398249431958
}