{
  "extreme_pruning_layers": [],
  "num_extreme_layers": 0,
  "gradient_statistics": {
    "mean_range": [
      0.00044226646423339844,
      0.006567511293623183
    ],
    "mean_ratio": 14.849667202418887,
    "norm_range": [
      2.2862345377604165,
      25.42621527777778
    ],
    "norm_ratio": 11.121437830071898
  },
  "diagnosis": []
}