{
  "0": 7.114030461066325,
  "1": 4.186219283243413,
  "2": 0.24055563178458206,
  "3": 0.20726424149373734,
  "4": 0.1945432509358218,
  "5": 0.14194892046479834,
  "6": 0.10053020079616459,
  "7": 0.10303804337271583,
  "8": 0.07432880326222024,
  "9": 0.07754813022764262,
  "10": 0.055922629333767127,
  "11": 0.06284726042992483,
  "12": 0.07459442606085354,
  "13": 0.1452959370707334,
  "14": 0.08915638452462016,
  "15": 0.11620378965445655,
  "16": 0.20234248006767874,
  "17": 0.2759445311994888,
  "18": 0.35891432912924515,
  "19": 0.1984241743803965,
  "20": 0.21776681031162992,
  "21": 0.23672653234052055,
  "22": 0.2391224896954922,
  "23": 0.18755542195361574,
  "24": 0.23652443819837599,
  "25": 0.1496184065407915,
  "26": 0.1861915941766128,
  "27": 0.2382649838217632,
  "28": 0.17106690708356398,
  "29": 0.3687604717586348,
  "30": 0.5002477423475664,
  "31": 1.3537638672726895
}