{
  "model_path": "results/finetuned/Llama-Instruct/magnitude_finetuned/pruned_model.bin",
  "timestamp": "2025-12-05T11:48:17.019216",
  "metrics": {
    "model_info": {
      "total_params": 6424219648,
      "trainable_params": 0,
      "total_params_M": 6424.219648,
      "total_params_B": 6.424219648,
      "num_layers": 32,
      "module_params": {
        "embedding": 525336576,
        "lm_head": 525336576,
        "final_norm": 4096,
        "attention": 1294991360,
        "mlp": 4078288896,
        "input_layernorm": 131072,
        "post_attention_layernorm": 131072,
        "total_accounted": 6424219648,
        "unaccounted": 0,
        "match": true
      },
      "attention_params": 1294991360,
      "mlp_params": 4078288896,
      "attention_params_M": 1294.99136,
      "mlp_params_M": 4078.288896,
      "attention_ratio": 0.20157955844538397,
      "mlp_ratio": 0.6348302392290806,
      "model_size_mb": 12253.226684570312,
      "model_size_gb": 11.966041684150696
    },
    "ppl_quick_128": {
      "wikitext2 (wikitext-2-raw-v1)": 909.1373901367188,
      "ptb": 1330.9945068359375
    },
    "ppl_standard_2048_512": {
      "wikitext2 (wikitext-2-raw-v1)": 515.4134521484375,
      "ptb": 743.2312622070312
    },
    "ppl": {
      "wikitext2 (wikitext-2-raw-v1)": 515.4134521484375,
      "ptb": 743.2312622070312
    },
    "zeroshot": {
      "boolq": {
        "accuracy": 0.43149847094801225,
        "full_results": {
          "acc,none": 0.43149847094801225,
          "acc_stderr,none": 0.00866259456902732,
          "alias": "boolq"
        }
      },
      "piqa": {
        "accuracy": 0.5233949945593036,
        "full_results": {
          "acc,none": 0.5418933623503809,
          "acc_stderr,none": 0.011624803747232276,
          "acc_norm,none": 0.5233949945593036,
          "acc_norm_stderr,none": 0.01165304715592769,
          "alias": "piqa"
        }
      },
      "hellaswag": {
        "accuracy": 0.3623780123481378,
        "full_results": {
          "acc,none": 0.31826329416450905,
          "acc_stderr,none": 0.004648503177353756,
          "acc_norm,none": 0.3623780123481378,
          "acc_norm_stderr,none": 0.004797048154894168,
          "alias": "hellaswag"
        }
      },
      "winogrande": {
        "accuracy": 0.5153906866614049,
        "full_results": {
          "acc,none": 0.5153906866614049,
          "acc_stderr,none": 0.014045826789783585,
          "alias": "winogrande"
        }
      },
      "arc_easy": {
        "accuracy": 0.28745791245791247,
        "full_results": {
          "acc,none": 0.281986531986532,
          "acc_stderr,none": 0.009233124071053615,
          "acc_norm,none": 0.28745791245791247,
          "acc_norm_stderr,none": 0.009286682281593564,
          "alias": "arc_easy"
        }
      },
      "arc_challenge": {
        "accuracy": 0.23890784982935154,
        "full_results": {
          "acc,none": 0.20136518771331058,
          "acc_stderr,none": 0.011718927477444347,
          "acc_norm,none": 0.23890784982935154,
          "acc_norm_stderr,none": 0.012461071376316715,
          "alias": "arc_challenge"
        }
      },
      "openbookqa": {
        "accuracy": 0.29,
        "full_results": {
          "acc,none": 0.146,
          "acc_stderr,none": 0.015807205175834907,
          "acc_norm,none": 0.29,
          "acc_norm_stderr,none": 0.020313179231745138,
          "alias": "openbookqa"
        }
      }
    },
    "avg_zeroshot_acc": 0.3784325609720175
  }
}