{
  "model_path": "results/search_Mistral_layerwise_20/exp_013_taylor_seq_len128_taylor_num_samples128/pruned_model.bin",
  "timestamp": "2025-12-02T16:05:34.938963",
  "metrics": {
    "model_info": {
      "total_params": 5798420480,
      "trainable_params": 5798420480,
      "total_params_M": 5798.42048,
      "total_params_B": 5.79842048,
      "num_layers": 32,
      "module_params": {
        "embedding": 134217728,
        "lm_head": 134217728,
        "final_norm": 4096,
        "attention": 1342177280,
        "mlp": 4187541504,
        "input_layernorm": 131072,
        "post_attention_layernorm": 131072,
        "total_accounted": 5798420480,
        "unaccounted": 0,
        "match": true
      },
      "attention_params": 1342177280,
      "mlp_params": 4187541504,
      "attention_params_M": 1342.17728,
      "mlp_params_M": 4187.541504,
      "attention_ratio": 0.23147291311995366,
      "mlp_ratio": 0.7221865883034408,
      "model_size_mb": 11059.609619140625,
      "model_size_gb": 10.800400018692017
    },
    "ppl_quick_128": {
      "wikitext2 (wikitext-2-raw-v1)": 32.3980712890625,
      "ptb": 134.55624389648438
    },
    "ppl_standard_2048_512": {
      "wikitext2 (wikitext-2-raw-v1)": 17.575515747070312,
      "ptb": 107.48917388916016
    },
    "ppl": {
      "wikitext2 (wikitext-2-raw-v1)": 17.575515747070312,
      "ptb": 107.48917388916016
    },
    "zeroshot": {
      "boolq": {
        "accuracy": 0.6097859327217126,
        "full_results": {
          "acc,none": 0.6097859327217126,
          "acc_stderr,none": 0.008531643526263285,
          "alias": "boolq"
        }
      },
      "piqa": {
        "accuracy": 0.7013057671381937,
        "full_results": {
          "acc,none": 0.691512513601741,
          "acc_stderr,none": 0.010776164678037265,
          "acc_norm,none": 0.7013057671381937,
          "acc_norm_stderr,none": 0.010678556398149066,
          "alias": "piqa"
        }
      },
      "hellaswag": {
        "accuracy": 0.4843656642103167,
        "full_results": {
          "acc,none": 0.37492531368253335,
          "acc_stderr,none": 0.004831142570475443,
          "acc_norm,none": 0.4843656642103167,
          "acc_norm_stderr,none": 0.004987341485856538,
          "alias": "hellaswag"
        }
      },
      "winogrande": {
        "accuracy": 0.5706393054459353,
        "full_results": {
          "acc,none": 0.5706393054459353,
          "acc_stderr,none": 0.013911537499969071,
          "alias": "winogrande"
        }
      },
      "arc_easy": {
        "accuracy": 0.4941077441077441,
        "full_results": {
          "acc,none": 0.5517676767676768,
          "acc_stderr,none": 0.010204645126856943,
          "acc_norm,none": 0.4941077441077441,
          "acc_norm_stderr,none": 0.010259071083844213,
          "alias": "arc_easy"
        }
      },
      "arc_challenge": {
        "accuracy": 0.28071672354948807,
        "full_results": {
          "acc,none": 0.2508532423208191,
          "acc_stderr,none": 0.012668198621315347,
          "acc_norm,none": 0.28071672354948807,
          "acc_norm_stderr,none": 0.013131238126975468,
          "alias": "arc_challenge"
        }
      },
      "openbookqa": {
        "accuracy": 0.334,
        "full_results": {
          "acc,none": 0.184,
          "acc_stderr,none": 0.017346174781752842,
          "acc_norm,none": 0.334,
          "acc_norm_stderr,none": 0.02111349234774381,
          "alias": "openbookqa"
        }
      }
    },
    "avg_zeroshot_acc": 0.4964173053104844
  }
}