{
  "model_path": "results/finetuned/Llama/best_ppl_finetuned/pruned_model.bin",
  "timestamp": "2025-12-04T00:33:43.026981",
  "metrics": {
    "model_info": {
      "total_params": 6424211456,
      "trainable_params": 0,
      "total_params_M": 6424.211456,
      "total_params_B": 6.424211456,
      "num_layers": 32,
      "module_params": {
        "embedding": 525336576,
        "lm_head": 525336576,
        "final_norm": 4096,
        "attention": 1179648000,
        "mlp": 4193624064,
        "input_layernorm": 131072,
        "post_attention_layernorm": 131072,
        "total_accounted": 6424211456,
        "unaccounted": 0,
        "match": true
      },
      "attention_params": 1179648000,
      "mlp_params": 4193624064,
      "attention_params_M": 1179.648,
      "mlp_params_M": 4193.624064,
      "attention_ratio": 0.18362533800132746,
      "mlp_ratio": 0.6527842510668441,
      "model_size_mb": 12253.211059570312,
      "model_size_gb": 11.966026425361633
    },
    "ppl_quick_128": {
      "wikitext2 (wikitext-2-raw-v1)": 24.405906677246094,
      "ptb": 40.577083587646484
    },
    "ppl_standard_2048_512": {
      "wikitext2 (wikitext-2-raw-v1)": 10.176251411437988,
      "ptb": 14.802842140197754
    },
    "ppl": {
      "wikitext2 (wikitext-2-raw-v1)": 10.176251411437988,
      "ptb": 14.802842140197754
    },
    "zeroshot": {
      "boolq": {
        "accuracy": 0.7599388379204893,
        "full_results": {
          "acc,none": 0.7599388379204893,
          "acc_stderr,none": 0.007470382031100693,
          "alias": "boolq"
        }
      },
      "piqa": {
        "accuracy": 0.7682263329706203,
        "full_results": {
          "acc,none": 0.76550598476605,
          "acc_stderr,none": 0.009885203143240411,
          "acc_norm,none": 0.7682263329706203,
          "acc_norm_stderr,none": 0.009845143772794095,
          "alias": "piqa"
        }
      },
      "hellaswag": {
        "accuracy": 0.6925911173073093,
        "full_results": {
          "acc,none": 0.5219079864568811,
          "acc_stderr,none": 0.00498498932064853,
          "acc_norm,none": 0.6925911173073093,
          "acc_norm_stderr,none": 0.004604772528612801,
          "alias": "hellaswag"
        }
      },
      "winogrande": {
        "accuracy": 0.6803472770323599,
        "full_results": {
          "acc,none": 0.6803472770323599,
          "acc_stderr,none": 0.01310652851766518,
          "alias": "winogrande"
        }
      },
      "arc_easy": {
        "accuracy": 0.680976430976431,
        "full_results": {
          "acc,none": 0.7138047138047138,
          "acc_stderr,none": 0.00927447077462779,
          "acc_norm,none": 0.680976430976431,
          "acc_norm_stderr,none": 0.009564133249441194,
          "alias": "arc_easy"
        }
      },
      "arc_challenge": {
        "accuracy": 0.431740614334471,
        "full_results": {
          "acc,none": 0.41552901023890787,
          "acc_stderr,none": 0.014401366641216409,
          "acc_norm,none": 0.431740614334471,
          "acc_norm_stderr,none": 0.014474591427196025,
          "alias": "arc_challenge"
        }
      },
      "openbookqa": {
        "accuracy": 0.404,
        "full_results": {
          "acc,none": 0.284,
          "acc_stderr,none": 0.020186703693570774,
          "acc_norm,none": 0.404,
          "acc_norm_stderr,none": 0.021966635293832883,
          "alias": "openbookqa"
        }
      }
    },
    "avg_zeroshot_acc": 0.631117230077383
  }
}