{
  "extreme_pruning_layers": [],
  "num_extreme_layers": 0,
  "gradient_statistics": {
    "mean_range": [
      0.1664227739804321,
      3.3517132165531316
    ],
    "mean_ratio": 20.139750914939377,
    "norm_range": [
      945.068414900038,
      Infinity
    ],
    "norm_ratio": Infinity
  },
  "diagnosis": []
}