{
  "attention": {
    "0": 6.50104727745056,
    "1": 4.988025941848754,
    "2": 5.9975189876556385,
    "3": 5.121992483139039,
    "4": 5.512028474807739,
    "5": 5.415265836715697,
    "6": 5.134398431777955,
    "7": 5.161395597457885,
    "8": 5.04615029335022,
    "9": 5.177484483718873,
    "10": 5.019157018661499,
    "11": 5.105230550765992,
    "12": 5.2466951274871825,
    "13": 4.9915421581268316,
    "14": 4.9769371509552,
    "15": 4.637161664962768,
    "16": 4.328805837631226,
    "17": 3.5886990261077876,
    "18": 3.500933313369751,
    "19": 3.1383978557586665,
    "20": 3.009521570205688,
    "21": 2.693762845993042,
    "22": 2.5763403797149658,
    "23": 2.4414484691619873,
    "24": 2.4213809490203855,
    "25": 2.336579189300537,
    "26": 1.9586377239227297,
    "27": 1.6588336563110349,
    "28": 1.2857780933380125,
    "29": 0.9722333908081051,
    "30": 0.5177295589447017,
    "31": 0.21876324653625456
  },
  "mlp": {
    "0": 4.8828284740448,
    "1": 7.673301610946655,
    "2": 5.09184350013733,
    "3": 5.415181226730345,
    "4": 5.547610521316528,
    "5": 5.5621035861968995,
    "6": 5.365824537277222,
    "7": 5.43218180656433,
    "8": 5.292122812271119,
    "9": 5.1084619235992434,
    "10": 4.729710359573364,
    "11": 4.62943558692932,
    "12": 4.626599760055543,
    "13": 4.483488645553589,
    "14": 4.081805772781372,
    "15": 3.9451819896697997,
    "16": 3.8806530475616454,
    "17": 3.5418084239959717,
    "18": 3.3002906894683837,
    "19": 3.1503027057647706,
    "20": 3.2358485317230223,
    "21": 3.2474329853057857,
    "22": 3.192848901748657,
    "23": 3.132061033248901,
    "24": 3.126057653427124,
    "25": 2.9623583889007565,
    "26": 2.6820329761505124,
    "27": 2.166940622329712,
    "28": 1.6250101375579828,
    "29": 1.12643702507019,
    "30": 0.5920119619369504,
    "31": 0.36182611465454073
  }
}