{
  "0": 3.61283688545227,
  "1": 3.5382031440734862,
  "2": 0.09786400794982875,
  "3": 0.06991371154785142,
  "4": 0.044507594108581294,
  "5": 0.05240906238555887,
  "6": 0.013550753593444487,
  "7": 0.028059072494506676,
  "8": 0.030223693847656108,
  "9": 0.01871953964233386,
  "10": 0.01688395500183093,
  "11": 0.0086916255950924,
  "12": 0.008517007827758771,
  "13": 0.016489901542663166,
  "14": 0.00760515213012658,
  "15": 0.015069265365600604,
  "16": 0.01755040645599326,
  "17": 0.05139066696166994,
  "18": 0.057861013412475515,
  "19": 0.15063671588897698,
  "20": 0.07315598487853991,
  "21": 0.053417696952819504,
  "22": 0.03869486808776834,
  "23": 0.035069203376769664,
  "24": 0.051840887069702024,
  "25": 0.046190533638000186,
  "26": 0.05525850772857632,
  "27": 0.033723440170287944,
  "28": 0.049412183761596395,
  "29": 0.09321366786956764,
  "30": 0.053892350196838024,
  "31": 0.2864915180206298
}