{
  "model_path": "results/search_Qwen-Instruct_layerwise_20/exp_015_taylor_seq_len128_taylor_num_samples512/pruned_model.bin",
  "timestamp": "2025-12-03T00:19:37.713295",
  "metrics": {
    "model_info": {
      "total_params": 6092498944,
      "trainable_params": 6092498944,
      "total_params_M": 6092.498944,
      "total_params_B": 6.092498944,
      "num_layers": 28,
      "module_params": {
        "embedding": 544997376,
        "lm_head": 544997376,
        "final_norm": 3584,
        "attention": 822212608,
        "mlp": 4180087296,
        "input_layernorm": 100352,
        "post_attention_layernorm": 100352,
        "total_accounted": 6092498944,
        "unaccounted": 0,
        "match": true
      },
      "attention_params": 822212608,
      "mlp_params": 4180087296,
      "attention_params_M": 822.212608,
      "mlp_params_M": 4180.087296,
      "attention_ratio": 0.1349549036540629,
      "mlp_ratio": 0.6861039016045499,
      "model_size_mb": 11620.519775390625,
      "model_size_gb": 11.348163843154907
    },
    "ppl_quick_128": {
      "wikitext2 (wikitext-2-raw-v1)": 56.431880950927734,
      "ptb": 83.9526596069336
    },
    "ppl_standard_2048_512": {
      "wikitext2 (wikitext-2-raw-v1)": 20.4731502532959,
      "ptb": 31.391637802124023
    },
    "ppl": {
      "wikitext2 (wikitext-2-raw-v1)": 20.4731502532959,
      "ptb": 31.391637802124023
    },
    "zeroshot": {
      "boolq": {
        "accuracy": 0.6856269113149847,
        "full_results": {
          "acc,none": 0.6856269113149847,
          "acc_stderr,none": 0.008120058321124923,
          "alias": "boolq"
        }
      },
      "piqa": {
        "accuracy": 0.6926006528835691,
        "full_results": {
          "acc,none": 0.6871599564744287,
          "acc_stderr,none": 0.010817714425701052,
          "acc_norm,none": 0.6926006528835691,
          "acc_norm_stderr,none": 0.010765602506938959,
          "alias": "piqa"
        }
      },
      "hellaswag": {
        "accuracy": 0.6215893248356901,
        "full_results": {
          "acc,none": 0.46574387572196774,
          "acc_stderr,none": 0.0049780567987948365,
          "acc_norm,none": 0.6215893248356901,
          "acc_norm_stderr,none": 0.004839995745602321,
          "alias": "hellaswag"
        }
      },
      "winogrande": {
        "accuracy": 0.6400947119179163,
        "full_results": {
          "acc,none": 0.6400947119179163,
          "acc_stderr,none": 0.013489609590266754,
          "alias": "winogrande"
        }
      },
      "arc_easy": {
        "accuracy": 0.6018518518518519,
        "full_results": {
          "acc,none": 0.6397306397306397,
          "acc_stderr,none": 0.00985100258473252,
          "acc_norm,none": 0.6018518518518519,
          "acc_norm_stderr,none": 0.01004466237465343,
          "alias": "arc_easy"
        }
      },
      "arc_challenge": {
        "accuracy": 0.4052901023890785,
        "full_results": {
          "acc,none": 0.3728668941979522,
          "acc_stderr,none": 0.014131176760131044,
          "acc_norm,none": 0.4052901023890785,
          "acc_norm_stderr,none": 0.01434686906022932,
          "alias": "arc_challenge"
        }
      },
      "openbookqa": {
        "accuracy": 0.346,
        "full_results": {
          "acc,none": 0.24,
          "acc_stderr,none": 0.0191188666537598,
          "acc_norm,none": 0.346,
          "acc_norm_stderr,none": 0.021294951277234696,
          "alias": "openbookqa"
        }
      }
    },
    "avg_zeroshot_acc": 0.5704362221704414
  }
}