{
  "model_path": "results/search_Qwen-Instruct_20/exp_003_taylor_seq_len32_taylor_num_samples128/pruned_model.bin",
  "timestamp": "2025-12-02T00:05:15.098125",
  "metrics": {
    "model_info": {
      "total_params": 6092479232,
      "trainable_params": 6092479232,
      "total_params_M": 6092.479232,
      "total_params_B": 6.092479232,
      "num_layers": 28,
      "module_params": {
        "embedding": 544997376,
        "lm_head": 544997376,
        "final_norm": 3584,
        "attention": 719436032,
        "mlp": 4282844160,
        "input_layernorm": 100352,
        "post_attention_layernorm": 100352,
        "total_accounted": 6092479232,
        "unaccounted": 0,
        "match": true
      },
      "attention_params": 719436032,
      "mlp_params": 4282844160,
      "attention_params_M": 719.436032,
      "mlp_params_M": 4282.84416,
      "attention_ratio": 0.11808592275887465,
      "mlp_ratio": 0.7029723035418629,
      "model_size_mb": 11620.482177734375,
      "model_size_gb": 11.348127126693726
    },
    "ppl_quick_128": {
      "wikitext2 (wikitext-2-raw-v1)": 37.77843475341797,
      "ptb": 75.1740493774414
    },
    "ppl_standard_2048_512": {
      "wikitext2 (wikitext-2-raw-v1)": 17.103872299194336,
      "ptb": 27.67545509338379
    },
    "ppl": {
      "wikitext2 (wikitext-2-raw-v1)": 17.103872299194336,
      "ptb": 27.67545509338379
    },
    "zeroshot": {
      "boolq": {
        "accuracy": 0.7412844036697248,
        "full_results": {
          "acc,none": 0.7412844036697248,
          "acc_stderr,none": 0.007659426910763575,
          "alias": "boolq"
        }
      },
      "piqa": {
        "accuracy": 0.7415669205658324,
        "full_results": {
          "acc,none": 0.7328618063112078,
          "acc_stderr,none": 0.010323440492612343,
          "acc_norm,none": 0.7415669205658324,
          "acc_norm_stderr,none": 0.010213971636773348,
          "alias": "piqa"
        }
      },
      "hellaswag": {
        "accuracy": 0.6981676956781517,
        "full_results": {
          "acc,none": 0.5114519020115514,
          "acc_stderr,none": 0.0049884724594178595,
          "acc_norm,none": 0.6981676956781517,
          "acc_norm_stderr,none": 0.004581147247963146,
          "alias": "hellaswag"
        }
      },
      "winogrande": {
        "accuracy": 0.5895816890292028,
        "full_results": {
          "acc,none": 0.5895816890292028,
          "acc_stderr,none": 0.013825107120036002,
          "alias": "winogrande"
        }
      },
      "arc_easy": {
        "accuracy": 0.6675084175084175,
        "full_results": {
          "acc,none": 0.6978114478114478,
          "acc_stderr,none": 0.009422719042483133,
          "acc_norm,none": 0.6675084175084175,
          "acc_norm_stderr,none": 0.009666892606130106,
          "alias": "arc_easy"
        }
      },
      "arc_challenge": {
        "accuracy": 0.4351535836177474,
        "full_results": {
          "acc,none": 0.40273037542662116,
          "acc_stderr,none": 0.01433223630679021,
          "acc_norm,none": 0.4351535836177474,
          "acc_norm_stderr,none": 0.014487986197186081,
          "alias": "arc_challenge"
        }
      },
      "openbookqa": {
        "accuracy": 0.396,
        "full_results": {
          "acc,none": 0.266,
          "acc_stderr,none": 0.019780559675655396,
          "acc_norm,none": 0.396,
          "acc_norm_stderr,none": 0.021893529941665716,
          "alias": "openbookqa"
        }
      }
    },
    "avg_zeroshot_acc": 0.6098946728670109
  }
}