{
  "model_path": "results/Mistral-7B-v0.3/LLM-Pruner_Mistral_20/pruned_model.bin",
  "timestamp": "2025-11-29T17:45:33.778709",
  "metrics": {
    "model_info": {
      "total_params": 5784342528,
      "trainable_params": 5784342528,
      "total_params_M": 5784.342528,
      "total_params_B": 5.784342528,
      "num_layers": 32,
      "module_params": {
        "embedding": 134217728,
        "lm_head": 134217728,
        "final_norm": 4096,
        "attention": 1069547520,
        "mlp": 4446093312,
        "input_layernorm": 131072,
        "post_attention_layernorm": 131072,
        "total_accounted": 5784342528,
        "unaccounted": 0,
        "match": true
      },
      "attention_params": 1069547520,
      "mlp_params": 4446093312,
      "attention_params_M": 1069.54752,
      "mlp_params_M": 4446.093312,
      "attention_ratio": 0.184903904777888,
      "mlp_ratio": 0.7686428129866102,
      "model_size_mb": 11032.757934570312,
      "model_size_gb": 10.77417767047882
    },
    "ppl_quick_128": {
      "wikitext2 (wikitext-2-raw-v1)": 18.515840530395508,
      "ptb": 90.85938262939453
    },
    "ppl_standard_2048_512": {
      "wikitext2 (wikitext-2-raw-v1)": 8.838930130004883,
      "ptb": 57.803993225097656
    },
    "ppl": {
      "wikitext2 (wikitext-2-raw-v1)": 8.838930130004883,
      "ptb": 57.803993225097656
    },
    "zeroshot": {
      "boolq": {
        "accuracy": 0.6385321100917432,
        "full_results": {
          "acc,none": 0.6385321100917432,
          "acc_stderr,none": 0.00840269833995787,
          "alias": "boolq"
        }
      },
      "piqa": {
        "accuracy": 0.7257889009793254,
        "full_results": {
          "acc,none": 0.7138193688792165,
          "acc_stderr,none": 0.010545318576106678,
          "acc_norm,none": 0.7257889009793254,
          "acc_norm_stderr,none": 0.010408618664933516,
          "alias": "piqa"
        }
      },
      "hellaswag": {
        "accuracy": 0.5072694682334197,
        "full_results": {
          "acc,none": 0.37661820354511055,
          "acc_stderr,none": 0.004835475957611228,
          "acc_norm,none": 0.5072694682334197,
          "acc_norm_stderr,none": 0.00498925401189596,
          "alias": "hellaswag"
        }
      },
      "winogrande": {
        "accuracy": 0.5761641673243884,
        "full_results": {
          "acc,none": 0.5761641673243884,
          "acc_stderr,none": 0.013888492389944529,
          "alias": "winogrande"
        }
      },
      "arc_easy": {
        "accuracy": 0.5357744107744108,
        "full_results": {
          "acc,none": 0.5816498316498316,
          "acc_stderr,none": 0.010122061470742828,
          "acc_norm,none": 0.5357744107744108,
          "acc_norm_stderr,none": 0.01023348870972664,
          "alias": "arc_easy"
        }
      },
      "arc_challenge": {
        "accuracy": 0.30716723549488056,
        "full_results": {
          "acc,none": 0.25597269624573377,
          "acc_stderr,none": 0.012753013241244613,
          "acc_norm,none": 0.30716723549488056,
          "acc_norm_stderr,none": 0.01348103405498098,
          "alias": "arc_challenge"
        }
      },
      "openbookqa": {
        "accuracy": 0.344,
        "full_results": {
          "acc,none": 0.2,
          "acc_stderr,none": 0.01790645924143381,
          "acc_norm,none": 0.344,
          "acc_norm_stderr,none": 0.021265758037978793,
          "alias": "openbookqa"
        }
      }
    },
    "avg_zeroshot_acc": 0.5192423275568812,
    "efficiency": {
      "model_info": {
        "total_params": 5784342528,
        "trainable_params": 5784342528,
        "total_params_M": 5784.342528,
        "total_params_B": 5.784342528,
        "num_layers": 32,
        "module_params": {
          "embedding": 134217728,
          "lm_head": 134217728,
          "final_norm": 4096,
          "attention": 1069547520,
          "mlp": 4446093312,
          "input_layernorm": 131072,
          "post_attention_layernorm": 131072,
          "total_accounted": 5784342528,
          "unaccounted": 0,
          "match": true
        },
        "attention_params": 1069547520,
        "mlp_params": 4446093312,
        "attention_params_M": 1069.54752,
        "mlp_params_M": 4446.093312,
        "attention_ratio": 0.184903904777888,
        "mlp_ratio": 0.7686428129866102,
        "model_size_mb": 11032.757934570312,
        "model_size_gb": 10.77417767047882
      },
      "speed": {
        "batch_size_1": {
          "throughput_tokens_per_sec": 29.712270386627083,
          "latency_ms_per_token": 33.65612883120775,
          "total_time_sec": 215.39922451972961,
          "total_tokens": 6400
        },
        "batch_size_4": {
          "throughput_tokens_per_sec": 97.83029312468179,
          "latency_ms_per_token": 10.221782722510397,
          "total_time_sec": 62.80263304710388,
          "total_tokens": 6144
        }
      },
      "memory": {
        "model_memory_mb": 11040.8837890625,
        "inference_peak_mb": 11150.1552734375
      }
    }
  }
}