{
  "model_path": "results/all_model_blockwise_128_128_8/Llama/LLM-Pruner/pruned_model.bin",
  "timestamp": "2025-12-12T05:06:16.746593",
  "metrics": {
    "model_info": {
      "total_params": 6474887168,
      "trainable_params": 6474887168,
      "total_params_M": 6474.887168,
      "total_params_B": 6.474887168,
      "num_layers": 32,
      "module_params": {
        "embedding": 525336576,
        "lm_head": 525336576,
        "final_norm": 4096,
        "attention": 1069547520,
        "mlp": 4354400256,
        "input_layernorm": 131072,
        "post_attention_layernorm": 131072,
        "total_accounted": 6474887168,
        "unaccounted": 0,
        "match": true
      },
      "attention_params": 1069547520,
      "mlp_params": 4354400256,
      "attention_params_M": 1069.54752,
      "mlp_params_M": 4354.400256,
      "attention_ratio": 0.16518396263117707,
      "mlp_ratio": 0.672505966979655,
      "model_size_mb": 12349.867309570312,
      "model_size_gb": 12.060417294502258
    },
    "ppl_quick_128": {
      "wikitext2 (wikitext-2-raw-v1)": 29.187692642211914,
      "ptb": 45.20419692993164
    },
    "ppl_standard_2048_512": {
      "wikitext2 (wikitext-2-raw-v1)": 15.409720420837402,
      "ptb": 20.109970092773438
    },
    "ppl": {
      "wikitext2 (wikitext-2-raw-v1)": 15.409720420837402,
      "ptb": 20.109970092773438
    },
    "zeroshot": {
      "boolq": {
        "accuracy": 0.6308868501529052,
        "full_results": {
          "acc,none": 0.6308868501529052,
          "acc_stderr,none": 0.008440108625231396,
          "alias": "boolq"
        }
      },
      "piqa": {
        "accuracy": 0.7633297062023939,
        "full_results": {
          "acc,none": 0.7551686615886833,
          "acc_stderr,none": 0.010032309105568807,
          "acc_norm,none": 0.7633297062023939,
          "acc_norm_stderr,none": 0.009916841655042832,
          "alias": "piqa"
        }
      },
      "hellaswag": {
        "accuracy": 0.5784704242182832,
        "full_results": {
          "acc,none": 0.4335789683330014,
          "acc_stderr,none": 0.0049455580698519585,
          "acc_norm,none": 0.5784704242182832,
          "acc_norm_stderr,none": 0.0049279480614860165,
          "alias": "hellaswag"
        }
      },
      "winogrande": {
        "accuracy": 0.6108918705603789,
        "full_results": {
          "acc,none": 0.6108918705603789,
          "acc_stderr,none": 0.01370252087148592,
          "alias": "winogrande"
        }
      },
      "arc_easy": {
        "accuracy": 0.6254208754208754,
        "full_results": {
          "acc,none": 0.6813973063973064,
          "acc_stderr,none": 0.009560775507673373,
          "acc_norm,none": 0.6254208754208754,
          "acc_norm_stderr,none": 0.009931758820410648,
          "alias": "arc_easy"
        }
      },
      "arc_challenge": {
        "accuracy": 0.38822525597269625,
        "full_results": {
          "acc,none": 0.35238907849829354,
          "acc_stderr,none": 0.013960142600598661,
          "acc_norm,none": 0.38822525597269625,
          "acc_norm_stderr,none": 0.014241614207414086,
          "alias": "arc_challenge"
        }
      },
      "openbookqa": {
        "accuracy": 0.378,
        "full_results": {
          "acc,none": 0.264,
          "acc_stderr,none": 0.01973288558592215,
          "acc_norm,none": 0.378,
          "acc_norm_stderr,none": 0.02170655082451827,
          "alias": "openbookqa"
        }
      }
    },
    "avg_zeroshot_acc": 0.567889283218219
  }
}