{
  "model_path": "results/results/Qwen2.5-7B/taylor_T0_diagnostic_c4_256/pruned_model.bin",
  "timestamp": "2025-11-30T14:38:44.503517",
  "metrics": {
    "model_info": {
      "total_params": 6092498944,
      "trainable_params": 6092498944,
      "total_params_M": 6092.498944,
      "total_params_B": 6.092498944,
      "num_layers": 28,
      "module_params": {
        "embedding": 544997376,
        "lm_head": 544997376,
        "final_norm": 3584,
        "attention": 822212608,
        "mlp": 4180087296,
        "input_layernorm": 100352,
        "post_attention_layernorm": 100352,
        "total_accounted": 6092498944,
        "unaccounted": 0,
        "match": true
      },
      "attention_params": 822212608,
      "mlp_params": 4180087296,
      "attention_params_M": 822.212608,
      "mlp_params_M": 4180.087296,
      "attention_ratio": 0.1349549036540629,
      "mlp_ratio": 0.6861039016045499,
      "model_size_mb": 11620.519775390625,
      "model_size_gb": 11.348163843154907
    },
    "ppl_quick_128": {
      "wikitext2 (wikitext-2-raw-v1)": 42.6776123046875,
      "ptb": 64.44760131835938
    },
    "ppl_standard_2048_512": {
      "wikitext2 (wikitext-2-raw-v1)": 16.685501098632812,
      "ptb": 23.4057674407959
    },
    "ppl": {
      "wikitext2 (wikitext-2-raw-v1)": 16.685501098632812,
      "ptb": 23.4057674407959
    },
    "zeroshot": {
      "boolq": {
        "accuracy": 0.7871559633027523,
        "full_results": {
          "acc,none": 0.7871559633027523,
          "acc_stderr,none": 0.007159021688652396,
          "alias": "boolq"
        }
      },
      "piqa": {
        "accuracy": 0.7132752992383025,
        "full_results": {
          "acc,none": 0.7072905331882481,
          "acc_stderr,none": 0.010616044462393127,
          "acc_norm,none": 0.7132752992383025,
          "acc_norm_stderr,none": 0.010551314503108209,
          "alias": "piqa"
        }
      },
      "hellaswag": {
        "accuracy": 0.6281617207727545,
        "full_results": {
          "acc,none": 0.4660426209918343,
          "acc_stderr,none": 0.004978260641742193,
          "acc_norm,none": 0.6281617207727545,
          "acc_norm_stderr,none": 0.004823078145065007,
          "alias": "hellaswag"
        }
      },
      "winogrande": {
        "accuracy": 0.6503551696921863,
        "full_results": {
          "acc,none": 0.6503551696921863,
          "acc_stderr,none": 0.01340207368085052,
          "alias": "winogrande"
        }
      },
      "arc_easy": {
        "accuracy": 0.6548821548821548,
        "full_results": {
          "acc,none": 0.6776094276094277,
          "acc_stderr,none": 0.009590672908157372,
          "acc_norm,none": 0.6548821548821548,
          "acc_norm_stderr,none": 0.009755139387151892,
          "alias": "arc_easy"
        }
      },
      "arc_challenge": {
        "accuracy": 0.4112627986348123,
        "full_results": {
          "acc,none": 0.36945392491467577,
          "acc_stderr,none": 0.014104578366491963,
          "acc_norm,none": 0.4112627986348123,
          "acc_norm_stderr,none": 0.014379441068522219,
          "alias": "arc_challenge"
        }
      },
      "openbookqa": {
        "accuracy": 0.346,
        "full_results": {
          "acc,none": 0.242,
          "acc_stderr,none": 0.019173085678337164,
          "acc_norm,none": 0.346,
          "acc_norm_stderr,none": 0.021294951277234696,
          "alias": "openbookqa"
        }
      }
    },
    "avg_zeroshot_acc": 0.5987275866461375,
    "efficiency": {
      "model_info": {
        "total_params": 6092498944,
        "trainable_params": 6092498944,
        "total_params_M": 6092.498944,
        "total_params_B": 6.092498944,
        "num_layers": 28,
        "module_params": {
          "embedding": 544997376,
          "lm_head": 544997376,
          "final_norm": 3584,
          "attention": 822212608,
          "mlp": 4180087296,
          "input_layernorm": 100352,
          "post_attention_layernorm": 100352,
          "total_accounted": 6092498944,
          "unaccounted": 0,
          "match": true
        },
        "attention_params": 822212608,
        "mlp_params": 4180087296,
        "attention_params_M": 822.212608,
        "mlp_params_M": 4180.087296,
        "attention_ratio": 0.1349549036540629,
        "mlp_ratio": 0.6861039016045499,
        "model_size_mb": 11620.519775390625,
        "model_size_gb": 11.348163843154907
      },
      "speed": {
        "batch_size_1": {
          "throughput_tokens_per_sec": 33.55438066179759,
          "latency_ms_per_token": 29.802367985248566,
          "total_time_sec": 190.73515510559082,
          "total_tokens": 6400
        },
        "batch_size_4": {
          "throughput_tokens_per_sec": 127.08142303399251,
          "latency_ms_per_token": 7.8689707443118095,
          "total_time_sec": 48.34695625305176,
          "total_tokens": 6144
        }
      },
      "memory": {
        "model_memory_mb": 37842.90478515625,
        "inference_peak_mb": 37927.02490234375
      }
    }
  }
}