{
  "attention": {
    "0": 6.465225049764804,
    "1": 5.037661358566567,
    "2": 5.986395306221329,
    "3": 5.195252427665313,
    "4": 5.5343455093922,
    "5": 5.4803964932366185,
    "6": 5.149920521396222,
    "7": 5.1307413642949395,
    "8": 5.006458710915972,
    "9": 5.1529456787180195,
    "10": 5.018856831411323,
    "11": 5.049798897292353,
    "12": 5.198127103619056,
    "13": 4.957044446969977,
    "14": 4.986558977330086,
    "15": 4.666497770807531,
    "16": 4.345029324293137,
    "17": 3.618636904081496,
    "18": 3.530804124356496,
    "19": 3.163697655395706,
    "20": 2.981361744132372,
    "21": 2.699180631649376,
    "22": 2.5960864390772165,
    "23": 2.44109405134574,
    "24": 2.4173486101450306,
    "25": 2.310088702947786,
    "26": 1.9337272499457447,
    "27": 1.6738949865102764,
    "28": 1.3176847824660856,
    "29": 0.9937688007508174,
    "30": 0.5526557755794856,
    "31": 0.2767130498691359
  },
  "mlp": {
    "0": 5.93402185209907,
    "1": 6.540281125814609,
    "2": 4.860024715709214,
    "3": 5.258422075816901,
    "4": 5.513794349856896,
    "5": 5.56319779334682,
    "6": 5.339386481164706,
    "7": 5.328468606908723,
    "8": 5.202932155663424,
    "9": 5.048297092761144,
    "10": 4.621098962455692,
    "11": 4.505360411682931,
    "12": 4.496177287089942,
    "13": 4.408762983313881,
    "14": 4.036262044812194,
    "15": 3.9130081619956703,
    "16": 3.8581704984206966,
    "17": 3.4828764532167127,
    "18": 3.275754714956378,
    "19": 3.14985282335541,
    "20": 3.2168739294946787,
    "21": 3.281487233567946,
    "22": 3.208683364314608,
    "23": 3.144591095866543,
    "24": 3.1451126999489154,
    "25": 2.9391099375368346,
    "26": 2.673055295897002,
    "27": 2.210218968957957,
    "28": 1.7021517188537234,
    "29": 1.1747334091970236,
    "30": 0.6623225519710245,
    "31": 0.38076603397874553
  }
}