{
  "0": 5.66690531373024,
  "1": 5.128284325202307,
  "2": 0.11585386594136571,
  "3": 0.09810920556386327,
  "4": 0.08968749642372131,
  "5": 0.10353180766105652,
  "6": 0.025312046209971406,
  "7": 0.028611948092778672,
  "8": 0.05850736300150583,
  "9": 0.015395760536193848,
  "10": 0.016191869974136353,
  "11": 0.005609591801961411,
  "12": 0.011096745729446411,
  "13": 0.01575456062952707,
  "14": 0.018899281819661606,
  "15": 0.021566122770309448,
  "16": 0.018831342458724976,
  "17": 0.06671896576881409,
  "18": 0.08250311017036438,
  "19": 0.08971573909123753,
  "20": 0.07514409224192331,
  "21": 0.06989263494809483,
  "22": 0.08889866868654916,
  "23": 0.0536297063032789,
  "24": 0.04365373651186655,
  "25": 0.058513383070628144,
  "26": 0.0573184986909232,
  "27": 0.026414483785629272,
  "28": 0.12424980600674962,
  "29": 0.19567870100339269,
  "30": 0.15862261255582188,
  "31": 0.4669082065423331
}