{
  "extreme_pruning_layers": [
    {
      "layer_idx": 17,
      "pruning_rate": 0.5109269425675675,
      "importance": 6.288405109096217,
      "gradient_mean": 0.12557080508364984,
      "gradient_norm": 258.36975486079854
    },
    {
      "layer_idx": 18,
      "pruning_rate": 0.5336254222972973,
      "importance": 5.354245727126663,
      "gradient_mean": 0.10149057100837429,
      "gradient_norm": 220.46746691564718
    },
    {
      "layer_idx": 19,
      "pruning_rate": 0.5405405405405406,
      "importance": 4.842397470731993,
      "gradient_mean": 0.07814630994107574,
      "gradient_norm": 184.91130983332792
    }
  ],
  "num_extreme_layers": 3,
  "gradient_statistics": {
    "mean_range": [
      0.04092158831190318,
      0.33670494018588215
    ],
    "mean_ratio": 8.228051579931883,
    "norm_range": [
      181.983006849885,
      313.5043293883403
    ],
    "norm_ratio": 1.7227121082067458
  },
  "diagnosis": []
}