{
  "model_path": "results/all_model_blockwise_128_128_8_finetuned/Qwen-Instruct/ShortGPT_remove_7/pruned_model.bin",
  "timestamp": "2025-12-12T16:03:21.479197",
  "metrics": {
    "model_info": {
      "total_params": 5984211968,
      "trainable_params": 0,
      "total_params_M": 5984.211968,
      "total_params_B": 5.984211968,
      "num_layers": 21,
      "module_params": {
        "embedding": 544997376,
        "lm_head": 544997376,
        "final_norm": 3584,
        "attention": 616659456,
        "mlp": 4277403648,
        "input_layernorm": 75264,
        "post_attention_layernorm": 75264,
        "total_accounted": 5984211968,
        "unaccounted": 0,
        "match": true
      },
      "attention_params": 616659456,
      "mlp_params": 4277403648,
      "attention_params_M": 616.659456,
      "mlp_params_M": 4277.403648,
      "attention_ratio": 0.10304772947507998,
      "mlp_ratio": 0.7147814400413967,
      "model_size_mb": 11413.978637695312,
      "model_size_gb": 11.146463513374329
    },
    "ppl_quick_128": {
      "wikitext2 (wikitext-2-raw-v1)": 21.213523864746094,
      "ptb": 42.64389419555664
    },
    "ppl_standard_2048_512": {
      "wikitext2 (wikitext-2-raw-v1)": 9.881235122680664,
      "ptb": 17.79581642150879
    },
    "ppl": {
      "wikitext2 (wikitext-2-raw-v1)": 9.881235122680664,
      "ptb": 17.79581642150879
    },
    "zeroshot": {
      "boolq": {
        "accuracy": 0.6198776758409786,
        "full_results": {
          "acc,none": 0.6198776758409786,
          "acc_stderr,none": 0.008489990918989063,
          "alias": "boolq"
        }
      },
      "piqa": {
        "accuracy": 0.7742110990206746,
        "full_results": {
          "acc,none": 0.7709466811751904,
          "acc_stderr,none": 0.009804509865175583,
          "acc_norm,none": 0.7742110990206746,
          "acc_norm_stderr,none": 0.009754980670917261,
          "alias": "piqa"
        }
      },
      "hellaswag": {
        "accuracy": 0.665803624775941,
        "full_results": {
          "acc,none": 0.5017924716191994,
          "acc_stderr,none": 0.004989749347461495,
          "acc_norm,none": 0.665803624775941,
          "acc_norm_stderr,none": 0.004707447244200668,
          "alias": "hellaswag"
        }
      },
      "winogrande": {
        "accuracy": 0.5895816890292028,
        "full_results": {
          "acc,none": 0.5895816890292028,
          "acc_stderr,none": 0.013825107120036002,
          "alias": "winogrande"
        }
      },
      "arc_easy": {
        "accuracy": 0.7028619528619529,
        "full_results": {
          "acc,none": 0.7457912457912458,
          "acc_stderr,none": 0.008934537681141764,
          "acc_norm,none": 0.7028619528619529,
          "acc_norm_stderr,none": 0.009377397867796908,
          "alias": "arc_easy"
        }
      },
      "arc_challenge": {
        "accuracy": 0.44795221843003413,
        "full_results": {
          "acc,none": 0.4180887372013652,
          "acc_stderr,none": 0.014413988396996116,
          "acc_norm,none": 0.44795221843003413,
          "acc_norm_stderr,none": 0.014532011498211615,
          "alias": "arc_challenge"
        }
      },
      "openbookqa": {
        "accuracy": 0.416,
        "full_results": {
          "acc,none": 0.282,
          "acc_stderr,none": 0.020143572847290726,
          "acc_norm,none": 0.416,
          "acc_norm_stderr,none": 0.02206494331392886,
          "alias": "openbookqa"
        }
      }
    },
    "avg_zeroshot_acc": 0.6023268942798262
  }
}