{
  "attention": {
    "0": 3128.194151472033,
    "1": 219.00811210699777,
    "2": 267.34700883569894,
    "3": 127.5272060237258,
    "4": 96.21975131214559,
    "5": 82.2784439902064,
    "6": 68.67792516632463,
    "7": 66.55355218299916,
    "8": 75.32103618879056,
    "9": 67.76102843809653,
    "10": 65.93318168028033,
    "11": 63.825464050216866,
    "12": 56.67009516745924,
    "13": 64.4226326538115,
    "14": 55.99924068453288,
    "15": 38.14411320189417,
    "16": 30.24545251644897,
    "17": 23.535815745699864,
    "18": 19.36819526446733,
    "19": 16.39886837907683,
    "20": 15.869923504317256,
    "21": 16.050877622716378,
    "22": 16.17868417457229,
    "23": 14.343676724972546,
    "24": 14.109854151584848,
    "25": 12.449586612921351,
    "26": 12.463918141930144,
    "27": 12.769394445605663,
    "28": 10.41021621517475,
    "29": 11.362240082455791,
    "30": 9.935486229765303,
    "31": 4.642199115203656
  },
  "mlp": {
    "0": 1689.5369251598881,
    "1": 804.4931306939268,
    "2": 56.89208132542778,
    "3": 36.547782027371824,
    "4": 26.974102619122725,
    "5": 22.415409883734647,
    "6": 18.86167697103638,
    "7": 16.128160445413606,
    "8": 16.296249046564355,
    "9": 17.54583114486804,
    "10": 17.698665558554104,
    "11": 16.788176394379562,
    "12": 15.328986488849253,
    "13": 15.526810841938676,
    "14": 14.349842518803975,
    "15": 12.946180753015774,
    "16": 11.996496698295367,
    "17": 11.579230929349734,
    "18": 11.323763966505673,
    "19": 11.389315926625827,
    "20": 11.772325351489172,
    "21": 11.883596163049972,
    "22": 12.610254149334928,
    "23": 12.231654121691335,
    "24": 13.438393890559347,
    "25": 10.81280548483928,
    "26": 10.023345599294146,
    "27": 12.155571017433225,
    "28": 10.530361944505117,
    "29": 10.076168875700986,
    "30": 16.360141100035058,
    "31": 53.29102464827815
  }
}