{
  "attention": {
    "0": 6.9425234945993575,
    "1": 5.4534978769263445,
    "2": 6.4796396314602225,
    "3": 5.601995305049086,
    "4": 6.040544585576133,
    "5": 5.997004619261035,
    "6": 5.71956925615612,
    "7": 5.666916952652185,
    "8": 5.540815672726678,
    "9": 5.588211221399401,
    "10": 5.443806572926378,
    "11": 5.453029404601994,
    "12": 5.494148086438284,
    "13": 5.200409243706943,
    "14": 5.2325249460729255,
    "15": 4.912203802633538,
    "16": 4.549118032080607,
    "17": 3.733689095878457,
    "18": 3.6215014728018486,
    "19": 3.203882393653161,
    "20": 3.0460230999612845,
    "21": 2.7193261014631274,
    "22": 2.5977859551133484,
    "23": 2.425329321005628,
    "24": 2.3733444484183037,
    "25": 2.268219274187845,
    "26": 1.9583203026677118,
    "27": 1.6165205113201186,
    "28": 1.287698745727539,
    "29": 0.9566297521216351,
    "30": 0.5232374567203424,
    "31": 0.21313801067666605
  },
  "mlp": {
    "0": 4.8784842829945765,
    "1": 8.12564473141348,
    "2": 5.326816244190242,
    "3": 5.678078790010148,
    "4": 6.050593995002752,
    "5": 6.040889639072318,
    "6": 5.7547736730164685,
    "7": 5.8718015581752345,
    "8": 5.594940290069004,
    "9": 5.401764432679318,
    "10": 5.0389999408029915,
    "11": 4.8912163797149315,
    "12": 4.8773596522849525,
    "13": 4.775103947472951,
    "14": 4.394969324946674,
    "15": 4.22050320516458,
    "16": 4.110413714240918,
    "17": 3.7026448175930566,
    "18": 3.3879865684566948,
    "19": 3.2129047178266994,
    "20": 3.2968497288920897,
    "21": 3.262117336126142,
    "22": 3.241576407411652,
    "23": 3.123548556527493,
    "24": 3.0580735154342946,
    "25": 2.915626524437222,
    "26": 2.6721702710481097,
    "27": 2.135160820103917,
    "28": 1.6395945132724825,
    "29": 1.0910938952965714,
    "30": 0.5712328577077672,
    "31": 0.300227873629904
  }
}