{
  "model_path": "results/search_Qwen_blockwise_20/exp_002_taylor_seq_len32_taylor_num_samples64/pruned_model.bin",
  "timestamp": "2025-12-02T20:29:08.448784",
  "metrics": {
    "model_info": {
      "total_params": 6092480640,
      "trainable_params": 6092480640,
      "total_params_M": 6092.48064,
      "total_params_B": 6.09248064,
      "num_layers": 28,
      "module_params": {
        "embedding": 544997376,
        "lm_head": 544997376,
        "final_norm": 3584,
        "attention": 682730112,
        "mlp": 4319551488,
        "input_layernorm": 100352,
        "post_attention_layernorm": 100352,
        "total_accounted": 6092480640,
        "unaccounted": 0,
        "match": true
      },
      "attention_params": 682730112,
      "mlp_params": 4319551488,
      "attention_params_M": 682.730112,
      "mlp_params_M": 4319.551488,
      "attention_ratio": 0.11206110488354379,
      "mlp_ratio": 0.708997162771452,
      "model_size_mb": 11620.48486328125,
      "model_size_gb": 11.348129749298096
    },
    "ppl_quick_128": {
      "wikitext2 (wikitext-2-raw-v1)": 29.09572982788086,
      "ptb": 71.0838851928711
    },
    "ppl_standard_2048_512": {
      "wikitext2 (wikitext-2-raw-v1)": 16.4719181060791,
      "ptb": 27.488649368286133
    },
    "ppl": {
      "wikitext2 (wikitext-2-raw-v1)": 16.4719181060791,
      "ptb": 27.488649368286133
    },
    "zeroshot": {
      "boolq": {
        "accuracy": 0.6452599388379205,
        "full_results": {
          "acc,none": 0.6452599388379205,
          "acc_stderr,none": 0.008367871633282455,
          "alias": "boolq"
        }
      },
      "piqa": {
        "accuracy": 0.7616974972796517,
        "full_results": {
          "acc,none": 0.7633297062023939,
          "acc_stderr,none": 0.009916841655042832,
          "acc_norm,none": 0.7616974972796517,
          "acc_norm_stderr,none": 0.009940334245876358,
          "alias": "piqa"
        }
      },
      "hellaswag": {
        "accuracy": 0.652957578171679,
        "full_results": {
          "acc,none": 0.4726150169288986,
          "acc_stderr,none": 0.004982291744069705,
          "acc_norm,none": 0.652957578171679,
          "acc_norm_stderr,none": 0.004750565193992159,
          "alias": "hellaswag"
        }
      },
      "winogrande": {
        "accuracy": 0.5730071033938438,
        "full_results": {
          "acc,none": 0.5730071033938438,
          "acc_stderr,none": 0.013901878072574937,
          "alias": "winogrande"
        }
      },
      "arc_easy": {
        "accuracy": 0.5879629629629629,
        "full_results": {
          "acc,none": 0.6755050505050505,
          "acc_stderr,none": 0.009606970654515608,
          "acc_norm,none": 0.5879629629629629,
          "acc_norm_stderr,none": 0.010099765857562741,
          "alias": "arc_easy"
        }
      },
      "arc_challenge": {
        "accuracy": 0.3651877133105802,
        "full_results": {
          "acc,none": 0.34982935153583616,
          "acc_stderr,none": 0.013936809212158266,
          "acc_norm,none": 0.3651877133105802,
          "acc_norm_stderr,none": 0.014070265519268777,
          "alias": "arc_challenge"
        }
      },
      "openbookqa": {
        "accuracy": 0.434,
        "full_results": {
          "acc,none": 0.3,
          "acc_stderr,none": 0.020514426225627987,
          "acc_norm,none": 0.434,
          "acc_norm_stderr,none": 0.02218721580302901,
          "alias": "openbookqa"
        }
      }
    },
    "avg_zeroshot_acc": 0.5742961134223769
  }
}