{
  "model_path": "results/search_Llama_layerwise_20/exp_014_taylor_seq_len256_taylor_num_samples256/pruned_model.bin",
  "timestamp": "2025-12-01T02:58:03.000913",
  "metrics": {
    "model_info": {
      "total_params": 6424219648,
      "trainable_params": 6424219648,
      "total_params_M": 6424.219648,
      "total_params_B": 6.424219648,
      "num_layers": 32,
      "module_params": {
        "embedding": 525336576,
        "lm_head": 525336576,
        "final_norm": 4096,
        "attention": 1216348160,
        "mlp": 4156932096,
        "input_layernorm": 131072,
        "post_attention_layernorm": 131072,
        "total_accounted": 6424219648,
        "unaccounted": 0,
        "match": true
      },
      "attention_params": 1216348160,
      "mlp_params": 4156932096,
      "attention_params_M": 1216.34816,
      "mlp_params_M": 4156.932096,
      "attention_ratio": 0.1893378848555833,
      "mlp_ratio": 0.6470719128188812,
      "model_size_mb": 12253.226806640625,
      "model_size_gb": 11.966041803359985
    },
    "ppl_quick_128": {
      "wikitext2 (wikitext-2-raw-v1)": 28.81935691833496,
      "ptb": 45.41936111450195
    },
    "ppl_standard_2048_512": {
      "wikitext2 (wikitext-2-raw-v1)": 12.631077766418457,
      "ptb": 17.274879455566406
    },
    "ppl": {
      "wikitext2 (wikitext-2-raw-v1)": 12.631077766418457,
      "ptb": 17.274879455566406
    },
    "zeroshot": {
      "boolq": {
        "accuracy": 0.6082568807339449,
        "full_results": {
          "acc,none": 0.6082568807339449,
          "acc_stderr,none": 0.008537618477478344,
          "alias": "boolq"
        }
      },
      "piqa": {
        "accuracy": 0.7388465723612623,
        "full_results": {
          "acc,none": 0.7285092491838956,
          "acc_stderr,none": 0.010376251176596043,
          "acc_norm,none": 0.7388465723612623,
          "acc_norm_stderr,none": 0.010248738649935658,
          "alias": "piqa"
        }
      },
      "hellaswag": {
        "accuracy": 0.5947022505476997,
        "full_results": {
          "acc,none": 0.4357697669786895,
          "acc_stderr,none": 0.004948439229523672,
          "acc_norm,none": 0.5947022505476997,
          "acc_norm_stderr,none": 0.004899462111832321,
          "alias": "hellaswag"
        }
      },
      "winogrande": {
        "accuracy": 0.6732438831886346,
        "full_results": {
          "acc,none": 0.6732438831886346,
          "acc_stderr,none": 0.01318199730213137,
          "alias": "winogrande"
        }
      },
      "arc_easy": {
        "accuracy": 0.627104377104377,
        "full_results": {
          "acc,none": 0.6519360269360269,
          "acc_stderr,none": 0.00977462760025901,
          "acc_norm,none": 0.627104377104377,
          "acc_norm_stderr,none": 0.009922743197129102,
          "alias": "arc_easy"
        }
      },
      "arc_challenge": {
        "accuracy": 0.3677474402730375,
        "full_results": {
          "acc,none": 0.33447098976109213,
          "acc_stderr,none": 0.01378746032244129,
          "acc_norm,none": 0.3677474402730375,
          "acc_norm_stderr,none": 0.01409099561816849,
          "alias": "arc_challenge"
        }
      },
      "openbookqa": {
        "accuracy": 0.37,
        "full_results": {
          "acc,none": 0.276,
          "acc_stderr,none": 0.02001121929807355,
          "acc_norm,none": 0.37,
          "acc_norm_stderr,none": 0.021613289165165816,
          "alias": "openbookqa"
        }
      }
    },
    "avg_zeroshot_acc": 0.5685573434584222
  }
}