{
  "attention": {
    "0": 1.0787957763671876,
    "1": 0.9292779541015626,
    "2": 0.8763500976562499,
    "3": 0.881845703125,
    "4": 0.9074017333984374,
    "5": 0.9362109375000001,
    "6": 0.9542178344726563,
    "7": 1.014171382188797,
    "8": 1.0469915771484375,
    "9": 1.0453620910644532,
    "10": 1.067252197265625,
    "11": 1.0102806186676025,
    "12": 1.026485071182251,
    "13": 1.0447254371643067,
    "14": 1.0434494018554688,
    "15": 0.9524893569946289,
    "16": 0.987957992553711,
    "17": 0.9176731872558593,
    "18": 0.877808837890625,
    "19": 0.9042703247070313,
    "20": 0.9523399162292481,
    "21": 0.81178466796875,
    "22": 0.868355712890625,
    "23": 0.8318243408203125,
    "24": 0.8698936462402344,
    "25": 0.7962063598632813,
    "26": 0.7308746337890625,
    "27": 0.7718994140625,
    "28": 0.6967138671875,
    "29": 0.740469970703125,
    "30": 0.6552081298828125,
    "31": 0.8757485961914062
  },
  "mlp": {
    "0": 0.9243255615234375,
    "1": 0.9263525390625,
    "2": 0.9625602722167969,
    "3": 1.062520751953125,
    "4": 1.16575927734375,
    "5": 1.217333984375,
    "6": 1.2437939453125,
    "7": 1.25921875,
    "8": 1.27269287109375,
    "9": 1.25949951171875,
    "10": 1.268359375,
    "11": 1.285126953125,
    "12": 1.248955078125,
    "13": 1.2260205078125,
    "14": 1.21626708984375,
    "15": 1.184442138671875,
    "16": 1.139334716796875,
    "17": 1.1022149658203124,
    "18": 1.047808485031128,
    "19": 1.02479145526886,
    "20": 0.9936341440677643,
    "21": 0.9466856384277343,
    "22": 0.9474283981323243,
    "23": 0.9101310729980469,
    "24": 0.9144361877441406,
    "25": 0.930150146484375,
    "26": 0.9223837280273437,
    "27": 0.9324299621582031,
    "28": 0.91223388671875,
    "29": 0.9528468513488769,
    "30": 1.0083893859386444,
    "31": 1.125087890625
  }
}