{
  "0": 6386.625,
  "1": 4565.125,
  "2": 2649.6328125,
  "3": 2275.52734375,
  "4": 2348.3125,
  "5": 2501.44140625,
  "6": 2380.109375,
  "7": 2305.6953125,
  "8": 2142.9609375,
  "9": 1853.31640625,
  "10": 1785.3984375,
  "11": 1567.5859375,
  "12": 1445.900390625,
  "13": 1445.84765625,
  "14": 1525.591796875,
  "15": 1551.642578125,
  "16": 1520.541015625,
  "17": 1501.974609375,
  "18": 1509.787109375,
  "19": 1426.095703125,
  "20": 1112.03125,
  "21": 930.12890625,
  "22": 745.521484375,
  "23": 703.732421875,
  "24": 635.2783203125,
  "25": 610.2490234375,
  "26": 597.07421875,
  "27": 640.5625,
  "28": 779.55078125,
  "29": 964.443359375,
  "30": 892.5146484375,
  "31": 3125.6796875
}