{
  "attention": {
    "0": 7.795543347439055,
    "1": 1.6558423923194736,
    "2": 0.4319435307004835,
    "3": 0.16320411457541217,
    "4": 0.15372756815088406,
    "5": 0.08821520242243164,
    "6": 0.08992241841653437,
    "7": 0.07079845913865945,
    "8": 0.04951557599378553,
    "9": 0.07469768105949504,
    "10": 0.019599724869701518,
    "11": 0.0319104682016107,
    "12": 0.0464138024749019,
    "13": 0.0341077835520327,
    "14": 0.02287553835310341,
    "15": 0.026573038068265387,
    "16": 0.051239768609157466,
    "17": 0.065655525876672,
    "18": 0.10650172911954847,
    "19": 0.09443947096555938,
    "20": 0.040060381698344916,
    "21": 0.03513321708579076,
    "22": 0.03459604471427946,
    "23": 0.043483715689643265,
    "24": 0.012359875506458895,
    "25": 0.013945045392157684,
    "26": 0.015332324070166603,
    "27": 0.7251404900906495
  },
  "mlp": {
    "0": 0.9644317259775339,
    "1": 8.945286751616724,
    "2": 4.338014217536093,
    "3": 3.5424141951358123,
    "4": 2.7012273338288892,
    "5": 1.88354010394265,
    "6": 0.2835730404814303,
    "7": 0.10289862817822248,
    "8": 0.07344945837120997,
    "9": 0.22543746677551457,
    "10": 0.07377244260429672,
    "11": 0.08103877503568935,
    "12": 0.05315643203192666,
    "13": 0.06355840362896581,
    "14": 0.05574959829367332,
    "15": 0.05824765250169106,
    "16": 0.042669133751431776,
    "17": 0.06628845311001497,
    "18": 0.05086106160727644,
    "19": 0.07319042135997389,
    "20": 0.07925913429391995,
    "21": 0.05781177311971053,
    "22": 0.1241530932444892,
    "23": 0.09282393514780729,
    "24": 0.12883153063816266,
    "25": 0.1599298980683912,
    "26": 0.24398833990755664,
    "27": 0.8506488785229993
  }
}