{
  "0": 4.064258913199106,
  "1": 3.7860750357309976,
  "2": 0.09313837687174509,
  "3": 0.077899475892385,
  "4": 0.08095120390256261,
  "5": 0.07664697368939732,
  "6": 0.025340626637141206,
  "7": 0.04104830821355199,
  "8": 0.04190839330355356,
  "9": 0.018294990062713623,
  "10": 0.021874964237213135,
  "11": -0.0013056695461273193,
  "12": 0.0037067532539367676,
  "13": 0.015367656946182251,
  "14": 0.005499422550201416,
  "15": 0.022134919961293686,
  "16": 0.020229349533717134,
  "17": 0.0567977229754133,
  "18": 0.08393073081970215,
  "19": 0.19443389773368835,
  "20": 0.10837137699127197,
  "21": 0.059768428405126084,
  "22": 0.060700158278147676,
  "23": 0.0548387865225477,
  "24": 0.06723872820536325,
  "25": 0.07209973533948277,
  "26": 0.05967689553896616,
  "27": 0.03902637958526611,
  "28": 0.07219216227531433,
  "29": 0.10799442728360509,
  "30": 0.06163144111633301,
  "31": 0.29134464263916016
}