{
  "extreme_pruning_layers": [
    {
      "layer_idx": 0,
      "pruning_rate": 0.7376534598214286,
      "importance": 0.009439808316528797,
      "gradient_mean": 0.0006509820620218912,
      "gradient_norm": 16.058851453993057
    }
  ],
  "num_extreme_layers": 1,
  "gradient_statistics": {
    "mean_range": [
      0.00033038192325168185,
      0.0006845129860772027
    ],
    "mean_ratio": 2.0718832681636172,
    "norm_range": [
      3.102198282877604,
      16.058851453993057
    ],
    "norm_ratio": 5.176603810952787
  },
  "diagnosis": [
    {
      "issue": "\u524d\u51e0\u5c42\u88ab\u8fc7\u5ea6\u526a\u679d",
      "severity": "critical",
      "description": "\u524d5\u5c42\u4e2d\u6709 1 \u5c42\u88ab\u8fc7\u5ea6\u526a\u679d",
      "recommendation": "\u524d\u51e0\u5c42\u901a\u5e38\u5f88\u91cd\u8981\uff0c\u5efa\u8bae\u4e3a\u5176\u8bbe\u7f6e\u8f83\u4f4e\u7684 max_rate"
    }
  ]
}