{
  "model_path": "results/search_Qwen-Instruct_blockwise_20/exp_015_taylor_seq_len128_taylor_num_samples512/pruned_model.bin",
  "timestamp": "2025-12-03T00:25:35.218474",
  "metrics": {
    "model_info": {
      "total_params": 6092498944,
      "trainable_params": 6092498944,
      "total_params_M": 6092.498944,
      "total_params_B": 6.092498944,
      "num_layers": 28,
      "module_params": {
        "embedding": 544997376,
        "lm_head": 544997376,
        "final_norm": 3584,
        "attention": 822212608,
        "mlp": 4180087296,
        "input_layernorm": 100352,
        "post_attention_layernorm": 100352,
        "total_accounted": 6092498944,
        "unaccounted": 0,
        "match": true
      },
      "attention_params": 822212608,
      "mlp_params": 4180087296,
      "attention_params_M": 822.212608,
      "mlp_params_M": 4180.087296,
      "attention_ratio": 0.1349549036540629,
      "mlp_ratio": 0.6861039016045499,
      "model_size_mb": 11620.519775390625,
      "model_size_gb": 11.348163843154907
    },
    "ppl_quick_128": {
      "wikitext2 (wikitext-2-raw-v1)": 68.38245391845703,
      "ptb": 98.69429016113281
    },
    "ppl_standard_2048_512": {
      "wikitext2 (wikitext-2-raw-v1)": 25.071992874145508,
      "ptb": 37.84354019165039
    },
    "ppl": {
      "wikitext2 (wikitext-2-raw-v1)": 25.071992874145508,
      "ptb": 37.84354019165039
    },
    "zeroshot": {
      "boolq": {
        "accuracy": 0.717737003058104,
        "full_results": {
          "acc,none": 0.717737003058104,
          "acc_stderr,none": 0.0078723099043498,
          "alias": "boolq"
        }
      },
      "piqa": {
        "accuracy": 0.6947769314472253,
        "full_results": {
          "acc,none": 0.6920565832426551,
          "acc_stderr,none": 0.010770892367463548,
          "acc_norm,none": 0.6947769314472253,
          "acc_norm_stderr,none": 0.010744267045606553,
          "alias": "piqa"
        }
      },
      "hellaswag": {
        "accuracy": 0.6064528978291177,
        "full_results": {
          "acc,none": 0.45130452101175067,
          "acc_stderr,none": 0.004966060995315382,
          "acc_norm,none": 0.6064528978291177,
          "acc_norm_stderr,none": 0.004875379352080094,
          "alias": "hellaswag"
        }
      },
      "winogrande": {
        "accuracy": 0.6322020520915549,
        "full_results": {
          "acc,none": 0.6322020520915549,
          "acc_stderr,none": 0.013552385559833624,
          "alias": "winogrande"
        }
      },
      "arc_easy": {
        "accuracy": 0.5820707070707071,
        "full_results": {
          "acc,none": 0.6258417508417509,
          "acc_stderr,none": 0.00992951694897767,
          "acc_norm,none": 0.5820707070707071,
          "acc_norm_stderr,none": 0.010120628211017736,
          "alias": "arc_easy"
        }
      },
      "arc_challenge": {
        "accuracy": 0.4035836177474403,
        "full_results": {
          "acc,none": 0.36945392491467577,
          "acc_stderr,none": 0.014104578366491963,
          "acc_norm,none": 0.4035836177474403,
          "acc_norm_stderr,none": 0.014337158914268453,
          "alias": "arc_challenge"
        }
      },
      "openbookqa": {
        "accuracy": 0.326,
        "full_results": {
          "acc,none": 0.236,
          "acc_stderr,none": 0.01900869962208476,
          "acc_norm,none": 0.326,
          "acc_norm_stderr,none": 0.02098400956239367,
          "alias": "openbookqa"
        }
      }
    },
    "avg_zeroshot_acc": 0.5661176013205927
  }
}