{
  "model_path": "results/search_Qwen_20/exp_014_taylor_seq_len128_taylor_num_samples256/pruned_model.bin",
  "timestamp": "2025-12-02T03:37:41.747671",
  "metrics": {
    "model_info": {
      "total_params": 6092498944,
      "trainable_params": 6092498944,
      "total_params_M": 6092.498944,
      "total_params_B": 6.092498944,
      "num_layers": 28,
      "module_params": {
        "embedding": 544997376,
        "lm_head": 544997376,
        "final_norm": 3584,
        "attention": 822212608,
        "mlp": 4180087296,
        "input_layernorm": 100352,
        "post_attention_layernorm": 100352,
        "total_accounted": 6092498944,
        "unaccounted": 0,
        "match": true
      },
      "attention_params": 822212608,
      "mlp_params": 4180087296,
      "attention_params_M": 822.212608,
      "mlp_params_M": 4180.087296,
      "attention_ratio": 0.1349549036540629,
      "mlp_ratio": 0.6861039016045499,
      "model_size_mb": 11620.519775390625,
      "model_size_gb": 11.348163843154907
    },
    "ppl_quick_128": {
      "wikitext2 (wikitext-2-raw-v1)": 42.01469802856445,
      "ptb": 64.1122817993164
    },
    "ppl_standard_2048_512": {
      "wikitext2 (wikitext-2-raw-v1)": 16.348787307739258,
      "ptb": 23.142786026000977
    },
    "ppl": {
      "wikitext2 (wikitext-2-raw-v1)": 16.348787307739258,
      "ptb": 23.142786026000977
    },
    "zeroshot": {
      "boolq": {
        "accuracy": 0.8045871559633028,
        "full_results": {
          "acc,none": 0.8045871559633028,
          "acc_stderr,none": 0.00693514650807489,
          "alias": "boolq"
        }
      },
      "piqa": {
        "accuracy": 0.7121871599564744,
        "full_results": {
          "acc,none": 0.7159956474428727,
          "acc_stderr,none": 0.01052114754245417,
          "acc_norm,none": 0.7121871599564744,
          "acc_norm_stderr,none": 0.010563250383059263,
          "alias": "piqa"
        }
      },
      "hellaswag": {
        "accuracy": 0.6323441545508863,
        "full_results": {
          "acc,none": 0.4647480581557459,
          "acc_stderr,none": 0.004977364364795809,
          "acc_norm,none": 0.6323441545508863,
          "acc_norm_stderr,none": 0.0048118159593889594,
          "alias": "hellaswag"
        }
      },
      "winogrande": {
        "accuracy": 0.6503551696921863,
        "full_results": {
          "acc,none": 0.6503551696921863,
          "acc_stderr,none": 0.01340207368085052,
          "alias": "winogrande"
        }
      },
      "arc_easy": {
        "accuracy": 0.6548821548821548,
        "full_results": {
          "acc,none": 0.672979797979798,
          "acc_stderr,none": 0.009626235849371965,
          "acc_norm,none": 0.6548821548821548,
          "acc_norm_stderr,none": 0.009755139387151892,
          "alias": "arc_easy"
        }
      },
      "arc_challenge": {
        "accuracy": 0.40017064846416384,
        "full_results": {
          "acc,none": 0.3822525597269625,
          "acc_stderr,none": 0.014200454049979326,
          "acc_norm,none": 0.40017064846416384,
          "acc_norm_stderr,none": 0.014317197787809148,
          "alias": "arc_challenge"
        }
      },
      "openbookqa": {
        "accuracy": 0.336,
        "full_results": {
          "acc,none": 0.236,
          "acc_stderr,none": 0.01900869962208476,
          "acc_norm,none": 0.336,
          "acc_norm_stderr,none": 0.021144791425048808,
          "alias": "openbookqa"
        }
      }
    },
    "avg_zeroshot_acc": 0.5986466347870241
  }
}