{
  "model_path": "results/for_finetuning/Llama/ShortGPT_remove_7/pruned_model.bin",
  "timestamp": "2025-12-04T17:58:04.001134",
  "metrics": {
    "model_info": {
      "total_params": 6503477248,
      "trainable_params": 6503477248,
      "total_params_M": 6503.477248,
      "total_params_B": 6.503477248,
      "num_layers": 25,
      "module_params": {
        "embedding": 525336576,
        "lm_head": 525336576,
        "final_norm": 4096,
        "attention": 1048576000,
        "mlp": 4404019200,
        "input_layernorm": 102400,
        "post_attention_layernorm": 102400,
        "total_accounted": 6503477248,
        "unaccounted": 0,
        "match": true
      },
      "attention_params": 1048576000,
      "mlp_params": 4404019200,
      "attention_params_M": 1048.576,
      "mlp_params_M": 4404.0192,
      "attention_ratio": 0.1612331311411086,
      "mlp_ratio": 0.6771791507926561,
      "model_size_mb": 12404.398681640625,
      "model_size_gb": 12.113670587539673
    },
    "ppl_quick_128": {
      "wikitext2 (wikitext-2-raw-v1)": 116.6184310913086,
      "ptb": 149.3058319091797
    },
    "ppl_standard_2048_512": {
      "wikitext2 (wikitext-2-raw-v1)": 58.26649475097656,
      "ptb": 68.88438415527344
    },
    "ppl": {
      "wikitext2 (wikitext-2-raw-v1)": 58.26649475097656,
      "ptb": 68.88438415527344
    },
    "zeroshot": {
      "boolq": {
        "accuracy": 0.6507645259938838,
        "full_results": {
          "acc,none": 0.6507645259938838,
          "acc_stderr,none": 0.008338033790721252,
          "alias": "boolq"
        }
      },
      "piqa": {
        "accuracy": 0.7089227421109902,
        "full_results": {
          "acc,none": 0.7002176278563657,
          "acc_stderr,none": 0.010689686967138,
          "acc_norm,none": 0.7089227421109902,
          "acc_norm_stderr,none": 0.010598612490942636,
          "alias": "piqa"
        }
      },
      "hellaswag": {
        "accuracy": 0.6471818362875921,
        "full_results": {
          "acc,none": 0.47191794463254333,
          "acc_stderr,none": 0.004981905293877987,
          "acc_norm,none": 0.6471818362875921,
          "acc_norm_stderr,none": 0.004768701562989044,
          "alias": "hellaswag"
        }
      },
      "winogrande": {
        "accuracy": 0.7103393843725335,
        "full_results": {
          "acc,none": 0.7103393843725335,
          "acc_stderr,none": 0.012748550807638167,
          "alias": "winogrande"
        }
      },
      "arc_easy": {
        "accuracy": 0.5660774410774411,
        "full_results": {
          "acc,none": 0.5816498316498316,
          "acc_stderr,none": 0.010122061470742828,
          "acc_norm,none": 0.5660774410774411,
          "acc_norm_stderr,none": 0.010169795770462075,
          "alias": "arc_easy"
        }
      },
      "arc_challenge": {
        "accuracy": 0.42406143344709896,
        "full_results": {
          "acc,none": 0.37372013651877134,
          "acc_stderr,none": 0.014137708601759029,
          "acc_norm,none": 0.42406143344709896,
          "acc_norm_stderr,none": 0.014441889627464344,
          "alias": "arc_challenge"
        }
      },
      "openbookqa": {
        "accuracy": 0.33,
        "full_results": {
          "acc,none": 0.246,
          "acc_stderr,none": 0.019279819056352458,
          "acc_norm,none": 0.33,
          "acc_norm_stderr,none": 0.02104961216613478,
          "alias": "openbookqa"
        }
      }
    },
    "avg_zeroshot_acc": 0.5767639090413628
  }
}