{
  "attention": {
    "0": 4.878956233556853,
    "1": 2.2281135772836618,
    "2": 2.3944784462223567,
    "3": 1.8189620237849833,
    "4": 1.595188053783938,
    "5": 1.4494469311958986,
    "6": 1.3448892236517156,
    "7": 1.3349944232828626,
    "8": 1.3380836316908913,
    "9": 1.201909768322571,
    "10": 1.215749551509989,
    "11": 1.1949671173461094,
    "12": 1.1509234073975079,
    "13": 1.1816829018209174,
    "14": 1.1457297412219485,
    "15": 0.9250722710961434,
    "16": 0.7920031785051482,
    "17": 0.6688882759552199,
    "18": 0.5768347191475667,
    "19": 0.4691617476681338,
    "20": 0.43203276631780385,
    "21": 0.4179685161488269,
    "22": 0.4060924065371889,
    "23": 0.3674929312514772,
    "24": 0.3606385761446118,
    "25": 0.33775168055927773,
    "26": 0.2868154094593738,
    "27": 0.2883273684354273,
    "28": 0.2455849933746066,
    "29": 0.26443252740082945,
    "30": 0.2073557748343906,
    "31": 0.15467735329502563
  },
  "mlp": {
    "0": 4.479616492491877,
    "1": 3.582254555033541,
    "2": 1.2926086277188316,
    "3": 1.0423762840938449,
    "4": 0.9212112457207184,
    "5": 0.8197820871725852,
    "6": 0.7514352923304339,
    "7": 0.6567980576292309,
    "8": 0.6574598390937312,
    "9": 0.6727448563313883,
    "10": 0.6565985965850558,
    "11": 0.6543468101423517,
    "12": 0.635330084487701,
    "13": 0.6082825544997958,
    "14": 0.6226600388761989,
    "15": 0.545903722597417,
    "16": 0.5090024842765293,
    "17": 0.5085941795188349,
    "18": 0.4274334566498781,
    "19": 0.3890305558079201,
    "20": 0.3517106109195285,
    "21": 0.35209772961349817,
    "22": 0.37368092987576995,
    "23": 0.340497144794099,
    "24": 0.36329534958148857,
    "25": 0.3374080743217225,
    "26": 0.3085320394766895,
    "27": 0.31301480782899826,
    "28": 0.3152717015447899,
    "29": 0.3332831445477171,
    "30": 0.5617522502158643,
    "31": 1.4781787450286168
  }
}