{
  "model_path": "results/search_mistral_blockwise_20/exp_004_taylor_seq_len32_taylor_num_samples128/pruned_model.bin",
  "timestamp": "2025-11-30T19:06:12.631365",
  "metrics": {
    "model_info": {
      "total_params": 5798420480,
      "trainable_params": 5798420480,
      "total_params_M": 5798.42048,
      "total_params_B": 5.79842048,
      "num_layers": 32,
      "module_params": {
        "embedding": 134217728,
        "lm_head": 134217728,
        "final_norm": 4096,
        "attention": 870318080,
        "mlp": 4659400704,
        "input_layernorm": 131072,
        "post_attention_layernorm": 131072,
        "total_accounted": 5798420480,
        "unaccounted": 0,
        "match": true
      },
      "attention_params": 870318080,
      "mlp_params": 4659400704,
      "attention_params_M": 870.31808,
      "mlp_params_M": 4659.400704,
      "attention_ratio": 0.15009571710121994,
      "mlp_ratio": 0.8035637843221746,
      "model_size_mb": 11059.609619140625,
      "model_size_gb": 10.800400018692017
    },
    "ppl_quick_128": {
      "wikitext2 (wikitext-2-raw-v1)": 117.83493041992188,
      "ptb": 331.5634765625
    },
    "ppl_standard_2048_512": {
      "wikitext2 (wikitext-2-raw-v1)": 56.48715591430664,
      "ptb": 341.6283874511719
    },
    "ppl": {
      "wikitext2 (wikitext-2-raw-v1)": 56.48715591430664,
      "ptb": 341.6283874511719
    },
    "zeroshot": {
      "boolq": {
        "accuracy": 0.6443425076452599,
        "full_results": {
          "acc,none": 0.6443425076452599,
          "acc_stderr,none": 0.00837272663997743,
          "alias": "boolq"
        }
      },
      "piqa": {
        "accuracy": 0.7442872687704026,
        "full_results": {
          "acc,none": 0.735038084874864,
          "acc_stderr,none": 0.010296557993316033,
          "acc_norm,none": 0.7442872687704026,
          "acc_norm_stderr,none": 0.010178690109459992,
          "alias": "piqa"
        }
      },
      "hellaswag": {
        "accuracy": 0.5840470025891257,
        "full_results": {
          "acc,none": 0.43009360685122483,
          "acc_stderr,none": 0.004940771559475393,
          "acc_norm,none": 0.5840470025891257,
          "acc_norm_stderr,none": 0.004918781662373898,
          "alias": "hellaswag"
        }
      },
      "winogrande": {
        "accuracy": 0.5201262825572218,
        "full_results": {
          "acc,none": 0.5201262825572218,
          "acc_stderr,none": 0.014041096664344348,
          "alias": "winogrande"
        }
      },
      "arc_easy": {
        "accuracy": 0.5054713804713805,
        "full_results": {
          "acc,none": 0.5315656565656566,
          "acc_stderr,none": 0.0102393176031995,
          "acc_norm,none": 0.5054713804713805,
          "acc_norm_stderr,none": 0.01025916922861511,
          "alias": "arc_easy"
        }
      },
      "arc_challenge": {
        "accuracy": 0.3796928327645051,
        "full_results": {
          "acc,none": 0.3464163822525597,
          "acc_stderr,none": 0.013905011180063256,
          "acc_norm,none": 0.3796928327645051,
          "acc_norm_stderr,none": 0.014182119866974712,
          "alias": "arc_challenge"
        }
      },
      "openbookqa": {
        "accuracy": 0.286,
        "full_results": {
          "acc,none": 0.168,
          "acc_stderr,none": 0.01673655354154187,
          "acc_norm,none": 0.286,
          "acc_norm_stderr,none": 0.020229346329177604,
          "alias": "openbookqa"
        }
      }
    },
    "avg_zeroshot_acc": 0.5234238963996993
  }
}