{
  "model_path": "results/Llama-3-8B-Instruct/Taylor_only_20/pruned_model.bin",
  "timestamp": "2025-11-30T12:25:12.362994",
  "metrics": {
    "model_info": {
      "total_params": 6424211456,
      "trainable_params": 6424211456,
      "total_params_M": 6424.211456,
      "total_params_B": 6.424211456,
      "num_layers": 32,
      "module_params": {
        "embedding": 525336576,
        "lm_head": 525336576,
        "final_norm": 4096,
        "attention": 1179648000,
        "mlp": 4193624064,
        "input_layernorm": 131072,
        "post_attention_layernorm": 131072,
        "total_accounted": 6424211456,
        "unaccounted": 0,
        "match": true
      },
      "attention_params": 1179648000,
      "mlp_params": 4193624064,
      "attention_params_M": 1179.648,
      "mlp_params_M": 4193.624064,
      "attention_ratio": 0.18362533800132746,
      "mlp_ratio": 0.6527842510668441,
      "model_size_mb": 12253.211181640625,
      "model_size_gb": 11.966026544570923
    },
    "ppl_quick_128": {
      "wikitext2 (wikitext-2-raw-v1)": 45.71452331542969,
      "ptb": 83.60710144042969
    },
    "ppl_standard_2048_512": {
      "wikitext2 (wikitext-2-raw-v1)": 17.26789665222168,
      "ptb": 29.322776794433594
    },
    "ppl": {
      "wikitext2 (wikitext-2-raw-v1)": 17.26789665222168,
      "ptb": 29.322776794433594
    },
    "zeroshot": {
      "boolq": {
        "accuracy": 0.8281345565749235,
        "full_results": {
          "acc,none": 0.8281345565749235,
          "acc_stderr,none": 0.006598379269781297,
          "alias": "boolq"
        }
      },
      "piqa": {
        "accuracy": 0.735582154515778,
        "full_results": {
          "acc,none": 0.720892274211099,
          "acc_stderr,none": 0.010465657948498215,
          "acc_norm,none": 0.735582154515778,
          "acc_norm_stderr,none": 0.010289787244767095,
          "alias": "piqa"
        }
      },
      "hellaswag": {
        "accuracy": 0.6412069308902609,
        "full_results": {
          "acc,none": 0.46195976897032465,
          "acc_stderr,none": 0.004975319435776964,
          "acc_norm,none": 0.6412069308902609,
          "acc_norm_stderr,none": 0.004786660691182114,
          "alias": "hellaswag"
        }
      },
      "winogrande": {
        "accuracy": 0.6724546172059984,
        "full_results": {
          "acc,none": 0.6724546172059984,
          "acc_stderr,none": 0.013190169546796906,
          "alias": "winogrande"
        }
      },
      "arc_easy": {
        "accuracy": 0.6868686868686869,
        "full_results": {
          "acc,none": 0.7234848484848485,
          "acc_stderr,none": 0.00917788010146832,
          "acc_norm,none": 0.6868686868686869,
          "acc_norm_stderr,none": 0.009516303879309282,
          "alias": "arc_easy"
        }
      },
      "arc_challenge": {
        "accuracy": 0.42406143344709896,
        "full_results": {
          "acc,none": 0.4069965870307167,
          "acc_stderr,none": 0.014356399418009202,
          "acc_norm,none": 0.42406143344709896,
          "acc_norm_stderr,none": 0.014441889627464344,
          "alias": "arc_challenge"
        }
      },
      "openbookqa": {
        "accuracy": 0.362,
        "full_results": {
          "acc,none": 0.25,
          "acc_stderr,none": 0.019384310743640384,
          "acc_norm,none": 0.362,
          "acc_norm_stderr,none": 0.02151366252758236,
          "alias": "openbookqa"
        }
      }
    },
    "avg_zeroshot_acc": 0.6214726256432496,
    "efficiency": {
      "model_info": {
        "total_params": 6424211456,
        "trainable_params": 6424211456,
        "total_params_M": 6424.211456,
        "total_params_B": 6.424211456,
        "num_layers": 32,
        "module_params": {
          "embedding": 525336576,
          "lm_head": 525336576,
          "final_norm": 4096,
          "attention": 1179648000,
          "mlp": 4193624064,
          "input_layernorm": 131072,
          "post_attention_layernorm": 131072,
          "total_accounted": 6424211456,
          "unaccounted": 0,
          "match": true
        },
        "attention_params": 1179648000,
        "mlp_params": 4193624064,
        "attention_params_M": 1179.648,
        "mlp_params_M": 4193.624064,
        "attention_ratio": 0.18362533800132746,
        "mlp_ratio": 0.6527842510668441,
        "model_size_mb": 12253.211181640625,
        "model_size_gb": 11.966026544570923
      },
      "speed": {
        "batch_size_1": {
          "throughput_tokens_per_sec": 29.158297074138904,
          "latency_ms_per_token": 34.2955556511879,
          "total_time_sec": 219.49155616760254,
          "total_tokens": 6400
        },
        "batch_size_4": {
          "throughput_tokens_per_sec": 110.13885348170608,
          "latency_ms_per_token": 9.079448063857853,
          "total_time_sec": 55.78412890434265,
          "total_tokens": 6144
        }
      },
      "memory": {
        "model_memory_mb": 39875.57958984375,
        "inference_peak_mb": 39967.63330078125
      }
    }
  }
}