{
  "model_path": "results/search_Qwen-Instruct_layerwise_20/exp_020_taylor_seq_len256_taylor_num_samples512/pruned_model.bin",
  "timestamp": "2025-12-02T05:47:44.820971",
  "metrics": {
    "model_info": {
      "total_params": 6092498944,
      "trainable_params": 6092498944,
      "total_params_M": 6092.498944,
      "total_params_B": 6.092498944,
      "num_layers": 28,
      "module_params": {
        "embedding": 544997376,
        "lm_head": 544997376,
        "final_norm": 3584,
        "attention": 822212608,
        "mlp": 4180087296,
        "input_layernorm": 100352,
        "post_attention_layernorm": 100352,
        "total_accounted": 6092498944,
        "unaccounted": 0,
        "match": true
      },
      "attention_params": 822212608,
      "mlp_params": 4180087296,
      "attention_params_M": 822.212608,
      "mlp_params_M": 4180.087296,
      "attention_ratio": 0.1349549036540629,
      "mlp_ratio": 0.6861039016045499,
      "model_size_mb": 11620.519775390625,
      "model_size_gb": 11.348163843154907
    },
    "ppl_quick_128": {
      "wikitext2 (wikitext-2-raw-v1)": 28.13553237915039,
      "ptb": 50.61873245239258
    },
    "ppl_standard_2048_512": {
      "wikitext2 (wikitext-2-raw-v1)": 11.77939510345459,
      "ptb": 19.211828231811523
    },
    "ppl": {
      "wikitext2 (wikitext-2-raw-v1)": 11.77939510345459,
      "ptb": 19.211828231811523
    },
    "zeroshot": {
      "boolq": {
        "accuracy": 0.6853211009174311,
        "full_results": {
          "acc,none": 0.6853211009174311,
          "acc_stderr,none": 0.008122194827042014,
          "alias": "boolq"
        }
      },
      "piqa": {
        "accuracy": 0.7263329706202394,
        "full_results": {
          "acc,none": 0.7328618063112078,
          "acc_stderr,none": 0.010323440492612343,
          "acc_norm,none": 0.7263329706202394,
          "acc_norm_stderr,none": 0.010402184206229258,
          "alias": "piqa"
        }
      },
      "hellaswag": {
        "accuracy": 0.6786496713802032,
        "full_results": {
          "acc,none": 0.4980083648675563,
          "acc_stderr,none": 0.004989741826250146,
          "acc_norm,none": 0.6786496713802032,
          "acc_norm_stderr,none": 0.004660405565338434,
          "alias": "hellaswag"
        }
      },
      "winogrande": {
        "accuracy": 0.6258879242304657,
        "full_results": {
          "acc,none": 0.6258879242304657,
          "acc_stderr,none": 0.013599792958329728,
          "alias": "winogrande"
        }
      },
      "arc_easy": {
        "accuracy": 0.6708754208754208,
        "full_results": {
          "acc,none": 0.7150673400673401,
          "acc_stderr,none": 0.009262170695590556,
          "acc_norm,none": 0.6708754208754208,
          "acc_norm_stderr,none": 0.00964204805806095,
          "alias": "arc_easy"
        }
      },
      "arc_challenge": {
        "accuracy": 0.439419795221843,
        "full_results": {
          "acc,none": 0.41552901023890787,
          "acc_stderr,none": 0.014401366641216409,
          "acc_norm,none": 0.439419795221843,
          "acc_norm_stderr,none": 0.014503747823580137,
          "alias": "arc_challenge"
        }
      },
      "openbookqa": {
        "accuracy": 0.388,
        "full_results": {
          "acc,none": 0.256,
          "acc_stderr,none": 0.019536923574747664,
          "acc_norm,none": 0.388,
          "acc_norm_stderr,none": 0.021814300984787705,
          "alias": "openbookqa"
        }
      }
    },
    "avg_zeroshot_acc": 0.6020695547493718
  }
}