{
  "model_path": "results/search_Llama-Instruct_blockwise_20/exp_015_taylor_seq_len128_taylor_num_samples512/pruned_model.bin",
  "timestamp": "2025-12-01T21:39:33.854681",
  "metrics": {
    "model_info": {
      "total_params": 6424211456,
      "trainable_params": 6424211456,
      "total_params_M": 6424.211456,
      "total_params_B": 6.424211456,
      "num_layers": 32,
      "module_params": {
        "embedding": 525336576,
        "lm_head": 525336576,
        "final_norm": 4096,
        "attention": 1289748480,
        "mlp": 4083523584,
        "input_layernorm": 131072,
        "post_attention_layernorm": 131072,
        "total_accounted": 6424211456,
        "unaccounted": 0,
        "match": true
      },
      "attention_params": 1289748480,
      "mlp_params": 4083523584,
      "attention_params_M": 1289.74848,
      "mlp_params_M": 4083.523584,
      "attention_ratio": 0.20076370288145134,
      "mlp_ratio": 0.6356458861867202,
      "model_size_mb": 12253.211181640625,
      "model_size_gb": 11.966026544570923
    },
    "ppl_quick_128": {
      "wikitext2 (wikitext-2-raw-v1)": 42.943748474121094,
      "ptb": 58.988609313964844
    },
    "ppl_standard_2048_512": {
      "wikitext2 (wikitext-2-raw-v1)": 16.53519058227539,
      "ptb": 22.583438873291016
    },
    "ppl": {
      "wikitext2 (wikitext-2-raw-v1)": 16.53519058227539,
      "ptb": 22.583438873291016
    },
    "zeroshot": {
      "boolq": {
        "accuracy": 0.7486238532110092,
        "full_results": {
          "acc,none": 0.7486238532110092,
          "acc_stderr,none": 0.0075872850847337825,
          "alias": "boolq"
        }
      },
      "piqa": {
        "accuracy": 0.7290533188248096,
        "full_results": {
          "acc,none": 0.7263329706202394,
          "acc_stderr,none": 0.010402184206229258,
          "acc_norm,none": 0.7290533188248096,
          "acc_norm_stderr,none": 0.010369718937426912,
          "alias": "piqa"
        }
      },
      "hellaswag": {
        "accuracy": 0.6573391754630552,
        "full_results": {
          "acc,none": 0.46922923720374426,
          "acc_stderr,none": 0.0049803234000314845,
          "acc_norm,none": 0.6573391754630552,
          "acc_norm_stderr,none": 0.004736292355716383,
          "alias": "hellaswag"
        }
      },
      "winogrande": {
        "accuracy": 0.6850828729281768,
        "full_results": {
          "acc,none": 0.6850828729281768,
          "acc_stderr,none": 0.013054277568469216,
          "alias": "winogrande"
        }
      },
      "arc_easy": {
        "accuracy": 0.6624579124579124,
        "full_results": {
          "acc,none": 0.710016835016835,
          "acc_stderr,none": 0.009310840970769086,
          "acc_norm,none": 0.6624579124579124,
          "acc_norm_stderr,none": 0.009703117820790056,
          "alias": "arc_easy"
        }
      },
      "arc_challenge": {
        "accuracy": 0.439419795221843,
        "full_results": {
          "acc,none": 0.40955631399317405,
          "acc_stderr,none": 0.014370358632472406,
          "acc_norm,none": 0.439419795221843,
          "acc_norm_stderr,none": 0.014503747823580137,
          "alias": "arc_challenge"
        }
      },
      "openbookqa": {
        "accuracy": 0.392,
        "full_results": {
          "acc,none": 0.274,
          "acc_stderr,none": 0.019966103540279518,
          "acc_norm,none": 0.392,
          "acc_norm_stderr,none": 0.02185468495561119,
          "alias": "openbookqa"
        }
      }
    },
    "avg_zeroshot_acc": 0.6162824183009723
  }
}