{
  "model_path": "results/search_Mistral_layerwise_20/exp_014_taylor_seq_len128_taylor_num_samples256/pruned_model.bin",
  "timestamp": "2025-12-02T16:23:42.276276",
  "metrics": {
    "model_info": {
      "total_params": 5798420480,
      "trainable_params": 5798420480,
      "total_params_M": 5798.42048,
      "total_params_B": 5.79842048,
      "num_layers": 32,
      "module_params": {
        "embedding": 134217728,
        "lm_head": 134217728,
        "final_norm": 4096,
        "attention": 1342177280,
        "mlp": 4187541504,
        "input_layernorm": 131072,
        "post_attention_layernorm": 131072,
        "total_accounted": 5798420480,
        "unaccounted": 0,
        "match": true
      },
      "attention_params": 1342177280,
      "mlp_params": 4187541504,
      "attention_params_M": 1342.17728,
      "mlp_params_M": 4187.541504,
      "attention_ratio": 0.23147291311995366,
      "mlp_ratio": 0.7221865883034408,
      "model_size_mb": 11059.609619140625,
      "model_size_gb": 10.800400018692017
    },
    "ppl_quick_128": {
      "wikitext2 (wikitext-2-raw-v1)": 40.44731521606445,
      "ptb": 162.5902557373047
    },
    "ppl_standard_2048_512": {
      "wikitext2 (wikitext-2-raw-v1)": 25.679780960083008,
      "ptb": 125.46537780761719
    },
    "ppl": {
      "wikitext2 (wikitext-2-raw-v1)": 25.679780960083008,
      "ptb": 125.46537780761719
    },
    "zeroshot": {
      "boolq": {
        "accuracy": 0.598776758409786,
        "full_results": {
          "acc,none": 0.598776758409786,
          "acc_stderr,none": 0.008572708337179049,
          "alias": "boolq"
        }
      },
      "piqa": {
        "accuracy": 0.6545157780195865,
        "full_results": {
          "acc,none": 0.6621327529923831,
          "acc_stderr,none": 0.011035474307853661,
          "acc_norm,none": 0.6545157780195865,
          "acc_norm_stderr,none": 0.011094802893617885,
          "alias": "piqa"
        }
      },
      "hellaswag": {
        "accuracy": 0.44015136427006574,
        "full_results": {
          "acc,none": 0.34734116709818763,
          "acc_stderr,none": 0.004751522127418071,
          "acc_norm,none": 0.44015136427006574,
          "acc_norm_stderr,none": 0.004953907062096444,
          "alias": "hellaswag"
        }
      },
      "winogrande": {
        "accuracy": 0.5477505919494869,
        "full_results": {
          "acc,none": 0.5477505919494869,
          "acc_stderr,none": 0.013988256216606014,
          "alias": "winogrande"
        }
      },
      "arc_easy": {
        "accuracy": 0.4591750841750842,
        "full_results": {
          "acc,none": 0.5071548821548821,
          "acc_stderr,none": 0.010258733022446362,
          "acc_norm,none": 0.4591750841750842,
          "acc_norm_stderr,none": 0.010225526906982679,
          "alias": "arc_easy"
        }
      },
      "arc_challenge": {
        "accuracy": 0.2568259385665529,
        "full_results": {
          "acc,none": 0.2158703071672355,
          "acc_stderr,none": 0.012022975360030762,
          "acc_norm,none": 0.2568259385665529,
          "acc_norm_stderr,none": 0.012766923794116735,
          "alias": "arc_challenge"
        }
      },
      "openbookqa": {
        "accuracy": 0.312,
        "full_results": {
          "acc,none": 0.194,
          "acc_stderr,none": 0.017701827855304598,
          "acc_norm,none": 0.312,
          "acc_norm_stderr,none": 0.020740596536488017,
          "alias": "openbookqa"
        }
      }
    },
    "avg_zeroshot_acc": 0.4670279307700803
  }
}