{
  "attention": {
    "0": 4.996173933483908,
    "1": 2.344115200737454,
    "2": 2.5660233987088232,
    "3": 1.8534821920837001,
    "4": 1.5892781039736916,
    "5": 1.4353469873895706,
    "6": 1.3030240867311593,
    "7": 1.3201285270665655,
    "8": 1.4242831899630315,
    "9": 1.3934254728405686,
    "10": 1.374821844479896,
    "11": 1.3564872258546337,
    "12": 1.299521324018769,
    "13": 1.3925953132427291,
    "14": 1.3505955967682088,
    "15": 1.0584144645968814,
    "16": 0.8814021344216454,
    "17": 0.7237654370187925,
    "18": 0.6385504451019086,
    "19": 0.5750377547661989,
    "20": 0.5460886857367511,
    "21": 0.547705601066943,
    "22": 0.5362578512027567,
    "23": 0.470151497986143,
    "24": 0.47986880611899707,
    "25": 0.4462747659114812,
    "26": 0.43381808577783865,
    "27": 0.41505483823106815,
    "28": 0.3676765773470039,
    "29": 0.3985413469226158,
    "30": 0.32023532406383826,
    "31": 0.1592671241191841
  },
  "mlp": {
    "0": 4.5572617856082545,
    "1": 3.997669867648194,
    "2": 1.2538596964829805,
    "3": 0.8978353683522209,
    "4": 0.7657901347078235,
    "5": 0.6498535080461316,
    "6": 0.5912631202217762,
    "7": 0.5517146720002031,
    "8": 0.5529486795134892,
    "9": 0.636923389561129,
    "10": 0.6622883212487429,
    "11": 0.6031550862141795,
    "12": 0.5901147264518487,
    "13": 0.5977546647684466,
    "14": 0.5717085633056844,
    "15": 0.515815318341287,
    "16": 0.49235940926911814,
    "17": 0.48290486304175806,
    "18": 0.4446159438581656,
    "19": 0.49347198309487883,
    "20": 0.4737523843121054,
    "21": 0.483556537122916,
    "22": 0.5069037282703728,
    "23": 0.4578216682206717,
    "24": 0.5110455443527528,
    "25": 0.42918993432000807,
    "26": 0.41186338986782056,
    "27": 0.4529793606688646,
    "28": 0.3889036140694526,
    "29": 0.392788473344007,
    "30": 0.5618503873711393,
    "31": 1.1068934080616528
  }
}