{
  "attention": {
    "0": 7.037879437208176,
    "1": 5.283469527959824,
    "2": 5.927854746580124,
    "3": 5.291855901479721,
    "4": 5.574257701635361,
    "5": 5.4703002870082855,
    "6": 5.150982588529587,
    "7": 5.164918035268784,
    "8": 5.0336441695690155,
    "9": 5.253106206655502,
    "10": 5.129740804433823,
    "11": 5.097868412733078,
    "12": 5.3013292253017426,
    "13": 5.176219671964645,
    "14": 5.177057713270187,
    "15": 4.942577093839645,
    "16": 4.907705634832382,
    "17": 4.286626905202866,
    "18": 4.167995423078537,
    "19": 3.808109611272812,
    "20": 3.5862962901592255,
    "21": 3.3954817950725555,
    "22": 3.2011259496212006,
    "23": 3.044030636548996,
    "24": 2.8954738080501556,
    "25": 2.92895445227623,
    "26": 2.638844817876816,
    "27": 2.4927376210689545,
    "28": 1.8969098031520844,
    "29": 1.4420008957386017,
    "30": 0.928346186876297,
    "31": 0.3842757046222687
  },
  "mlp": {
    "0": 5.980167239904404,
    "1": 6.651350229978561,
    "2": 4.899651736021042,
    "3": 5.140282839536667,
    "4": 5.303094834089279,
    "5": 5.360213130712509,
    "6": 5.040109485387802,
    "7": 5.129549950361252,
    "8": 4.752708405256271,
    "9": 4.84550616145134,
    "10": 4.512365311384201,
    "11": 4.3857981860637665,
    "12": 4.534698933362961,
    "13": 4.507145971059799,
    "14": 4.171392530202866,
    "15": 4.226566165685654,
    "16": 4.367046684026718,
    "17": 4.002566546201706,
    "18": 3.959776371717453,
    "19": 3.6682405173778534,
    "20": 3.6796924769878387,
    "21": 3.7814123332500458,
    "22": 3.612787574529648,
    "23": 3.638462156057358,
    "24": 3.5424725711345673,
    "25": 3.51247975230217,
    "26": 3.2539789378643036,
    "27": 2.9319178760051727,
    "28": 2.3250745832920074,
    "29": 1.69656041264534,
    "30": 1.0580635368824005,
    "31": 0.48710134625434875
  }
}