{
  "model_path": "results/search_Qwen-Instruct_layerwise_20/exp_013_taylor_seq_len128_taylor_num_samples128/pruned_model.bin",
  "timestamp": "2025-12-02T23:40:16.345408",
  "metrics": {
    "model_info": {
      "total_params": 6092498944,
      "trainable_params": 6092498944,
      "total_params_M": 6092.498944,
      "total_params_B": 6.092498944,
      "num_layers": 28,
      "module_params": {
        "embedding": 544997376,
        "lm_head": 544997376,
        "final_norm": 3584,
        "attention": 822212608,
        "mlp": 4180087296,
        "input_layernorm": 100352,
        "post_attention_layernorm": 100352,
        "total_accounted": 6092498944,
        "unaccounted": 0,
        "match": true
      },
      "attention_params": 822212608,
      "mlp_params": 4180087296,
      "attention_params_M": 822.212608,
      "mlp_params_M": 4180.087296,
      "attention_ratio": 0.1349549036540629,
      "mlp_ratio": 0.6861039016045499,
      "model_size_mb": 11620.519775390625,
      "model_size_gb": 11.348163843154907
    },
    "ppl_quick_128": {
      "wikitext2 (wikitext-2-raw-v1)": 55.81945037841797,
      "ptb": 82.72257232666016
    },
    "ppl_standard_2048_512": {
      "wikitext2 (wikitext-2-raw-v1)": 20.05280876159668,
      "ptb": 30.665145874023438
    },
    "ppl": {
      "wikitext2 (wikitext-2-raw-v1)": 20.05280876159668,
      "ptb": 30.665145874023438
    },
    "zeroshot": {
      "boolq": {
        "accuracy": 0.7134556574923547,
        "full_results": {
          "acc,none": 0.7134556574923547,
          "acc_stderr,none": 0.007908096348102609,
          "alias": "boolq"
        }
      },
      "piqa": {
        "accuracy": 0.705114254624592,
        "full_results": {
          "acc,none": 0.7083786724700761,
          "acc_stderr,none": 0.010604441527428973,
          "acc_norm,none": 0.705114254624592,
          "acc_norm_stderr,none": 0.010639030620156836,
          "alias": "piqa"
        }
      },
      "hellaswag": {
        "accuracy": 0.6230830511850229,
        "full_results": {
          "acc,none": 0.46325433180641307,
          "acc_stderr,none": 0.004976288321682394,
          "acc_norm,none": 0.6230830511850229,
          "acc_norm_stderr,none": 0.004836234143655602,
          "alias": "hellaswag"
        }
      },
      "winogrande": {
        "accuracy": 0.6306235201262825,
        "full_results": {
          "acc,none": 0.6306235201262825,
          "acc_stderr,none": 0.013564470596053486,
          "alias": "winogrande"
        }
      },
      "arc_easy": {
        "accuracy": 0.632996632996633,
        "full_results": {
          "acc,none": 0.6527777777777778,
          "acc_stderr,none": 0.00976910167970065,
          "acc_norm,none": 0.632996632996633,
          "acc_norm_stderr,none": 0.00989017365845214,
          "alias": "arc_easy"
        }
      },
      "arc_challenge": {
        "accuracy": 0.4112627986348123,
        "full_results": {
          "acc,none": 0.38139931740614336,
          "acc_stderr,none": 0.014194389086685315,
          "acc_norm,none": 0.4112627986348123,
          "acc_norm_stderr,none": 0.014379441068522219,
          "alias": "arc_challenge"
        }
      },
      "openbookqa": {
        "accuracy": 0.344,
        "full_results": {
          "acc,none": 0.238,
          "acc_stderr,none": 0.019064072958198387,
          "acc_norm,none": 0.344,
          "acc_norm_stderr,none": 0.021265758037978793,
          "alias": "openbookqa"
        }
      }
    },
    "avg_zeroshot_acc": 0.5800765592942424
  }
}