{
  "model_path": "results/search_Qwen-Instruct_layerwise_20/exp_013_taylor_seq_len128_taylor_num_samples128/pruned_model.bin",
  "timestamp": "2025-12-02T03:34:28.813539",
  "metrics": {
    "model_info": {
      "total_params": 6092498944,
      "trainable_params": 6092498944,
      "total_params_M": 6092.498944,
      "total_params_B": 6.092498944,
      "num_layers": 28,
      "module_params": {
        "embedding": 544997376,
        "lm_head": 544997376,
        "final_norm": 3584,
        "attention": 822212608,
        "mlp": 4180087296,
        "input_layernorm": 100352,
        "post_attention_layernorm": 100352,
        "total_accounted": 6092498944,
        "unaccounted": 0,
        "match": true
      },
      "attention_params": 822212608,
      "mlp_params": 4180087296,
      "attention_params_M": 822.212608,
      "mlp_params_M": 4180.087296,
      "attention_ratio": 0.1349549036540629,
      "mlp_ratio": 0.6861039016045499,
      "model_size_mb": 11620.519775390625,
      "model_size_gb": 11.348163843154907
    },
    "ppl_quick_128": {
      "wikitext2 (wikitext-2-raw-v1)": 27.236000061035156,
      "ptb": 47.47881317138672
    },
    "ppl_standard_2048_512": {
      "wikitext2 (wikitext-2-raw-v1)": 11.625055313110352,
      "ptb": 18.702268600463867
    },
    "ppl": {
      "wikitext2 (wikitext-2-raw-v1)": 11.625055313110352,
      "ptb": 18.702268600463867
    },
    "zeroshot": {
      "boolq": {
        "accuracy": 0.7853211009174312,
        "full_results": {
          "acc,none": 0.7853211009174312,
          "acc_stderr,none": 0.007181428697084855,
          "alias": "boolq"
        }
      },
      "piqa": {
        "accuracy": 0.7453754080522307,
        "full_results": {
          "acc,none": 0.7448313384113167,
          "acc_stderr,none": 0.010171571592521887,
          "acc_norm,none": 0.7453754080522307,
          "acc_norm_stderr,none": 0.010164432237060617,
          "alias": "piqa"
        }
      },
      "hellaswag": {
        "accuracy": 0.6664011153156741,
        "full_results": {
          "acc,none": 0.48665604461262696,
          "acc_stderr,none": 0.004988004122536745,
          "acc_norm,none": 0.6664011153156741,
          "acc_norm_stderr,none": 0.004705347137699441,
          "alias": "hellaswag"
        }
      },
      "winogrande": {
        "accuracy": 0.6195737963693765,
        "full_results": {
          "acc,none": 0.6195737963693765,
          "acc_stderr,none": 0.01364472790865672,
          "alias": "winogrande"
        }
      },
      "arc_easy": {
        "accuracy": 0.664983164983165,
        "full_results": {
          "acc,none": 0.702020202020202,
          "acc_stderr,none": 0.009385046066694932,
          "acc_norm,none": 0.664983164983165,
          "acc_norm_stderr,none": 0.009685160765932217,
          "alias": "arc_easy"
        }
      },
      "arc_challenge": {
        "accuracy": 0.43686006825938567,
        "full_results": {
          "acc,none": 0.4206484641638225,
          "acc_stderr,none": 0.014426211252508337,
          "acc_norm,none": 0.43686006825938567,
          "acc_norm_stderr,none": 0.01449442158425651,
          "alias": "arc_challenge"
        }
      },
      "openbookqa": {
        "accuracy": 0.386,
        "full_results": {
          "acc,none": 0.27,
          "acc_stderr,none": 0.019874354831287473,
          "acc_norm,none": 0.386,
          "acc_norm_stderr,none": 0.021793529219281196,
          "alias": "openbookqa"
        }
      }
    },
    "avg_zeroshot_acc": 0.6149306648424663
  }
}