{
  "model_path": "results/search_Llama-Instruct_blockwise_20/exp_004_taylor_seq_len32_taylor_num_samples256/pruned_model.bin",
  "timestamp": "2025-12-01T17:13:59.334580",
  "metrics": {
    "model_info": {
      "total_params": 6424219648,
      "trainable_params": 6424219648,
      "total_params_M": 6424.219648,
      "total_params_B": 6.424219648,
      "num_layers": 32,
      "module_params": {
        "embedding": 525336576,
        "lm_head": 525336576,
        "final_norm": 4096,
        "attention": 1310720000,
        "mlp": 4062560256,
        "input_layernorm": 131072,
        "post_attention_layernorm": 131072,
        "total_accounted": 6424219648,
        "unaccounted": 0,
        "match": true
      },
      "attention_params": 1310720000,
      "mlp_params": 4062560256,
      "attention_params_M": 1310.72,
      "mlp_params_M": 4062.560256,
      "attention_ratio": 0.2040278931633441,
      "mlp_ratio": 0.6323819045111205,
      "model_size_mb": 12253.226806640625,
      "model_size_gb": 11.966041803359985
    },
    "ppl_quick_128": {
      "wikitext2 (wikitext-2-raw-v1)": 35.40673828125,
      "ptb": 50.00126266479492
    },
    "ppl_standard_2048_512": {
      "wikitext2 (wikitext-2-raw-v1)": 14.24650764465332,
      "ptb": 19.19852066040039
    },
    "ppl": {
      "wikitext2 (wikitext-2-raw-v1)": 14.24650764465332,
      "ptb": 19.19852066040039
    },
    "zeroshot": {
      "boolq": {
        "accuracy": 0.8039755351681958,
        "full_results": {
          "acc,none": 0.8039755351681958,
          "acc_stderr,none": 0.006943350594128993,
          "alias": "boolq"
        }
      },
      "piqa": {
        "accuracy": 0.7312295973884657,
        "full_results": {
          "acc,none": 0.7290533188248096,
          "acc_stderr,none": 0.010369718937426912,
          "acc_norm,none": 0.7312295973884657,
          "acc_norm_stderr,none": 0.01034339294008991,
          "alias": "piqa"
        }
      },
      "hellaswag": {
        "accuracy": 0.6567416849233221,
        "full_results": {
          "acc,none": 0.4763991236805417,
          "acc_stderr,none": 0.004984219681732408,
          "acc_norm,none": 0.6567416849233221,
          "acc_norm_stderr,none": 0.004738264944737161,
          "alias": "hellaswag"
        }
      },
      "winogrande": {
        "accuracy": 0.6945540647198106,
        "full_results": {
          "acc,none": 0.6945540647198106,
          "acc_stderr,none": 0.012945038632551933,
          "alias": "winogrande"
        }
      },
      "arc_easy": {
        "accuracy": 0.6536195286195287,
        "full_results": {
          "acc,none": 0.7146464646464646,
          "acc_stderr,none": 0.009266280584997674,
          "acc_norm,none": 0.6536195286195287,
          "acc_norm_stderr,none": 0.009763542075695658,
          "alias": "arc_easy"
        }
      },
      "arc_challenge": {
        "accuracy": 0.44795221843003413,
        "full_results": {
          "acc,none": 0.4274744027303754,
          "acc_stderr,none": 0.014456862944650666,
          "acc_norm,none": 0.44795221843003413,
          "acc_norm_stderr,none": 0.014532011498211615,
          "alias": "arc_challenge"
        }
      },
      "openbookqa": {
        "accuracy": 0.354,
        "full_results": {
          "acc,none": 0.254,
          "acc_stderr,none": 0.01948659680164342,
          "acc_norm,none": 0.354,
          "acc_norm_stderr,none": 0.02140758204791649,
          "alias": "openbookqa"
        }
      }
    },
    "avg_zeroshot_acc": 0.6202960898927652
  }
}