{
  "model_path": "results/search_Llama-Instruct_layerwise_20/exp_017_taylor_seq_len256_taylor_num_samples16/pruned_model.bin",
  "timestamp": "2025-12-01T21:35:49.911121",
  "metrics": {
    "model_info": {
      "total_params": 6424219648,
      "trainable_params": 6424219648,
      "total_params_M": 6424.219648,
      "total_params_B": 6.424219648,
      "num_layers": 32,
      "module_params": {
        "embedding": 525336576,
        "lm_head": 525336576,
        "final_norm": 4096,
        "attention": 1342177280,
        "mlp": 4031102976,
        "input_layernorm": 131072,
        "post_attention_layernorm": 131072,
        "total_accounted": 6424219648,
        "unaccounted": 0,
        "match": true
      },
      "attention_params": 1342177280,
      "mlp_params": 4031102976,
      "attention_params_M": 1342.17728,
      "mlp_params_M": 4031.102976,
      "attention_ratio": 0.20892456259926434,
      "mlp_ratio": 0.6274852350752003,
      "model_size_mb": 12253.226806640625,
      "model_size_gb": 11.966041803359985
    },
    "ppl_quick_128": {
      "wikitext2 (wikitext-2-raw-v1)": 33.357948303222656,
      "ptb": 53.161136627197266
    },
    "ppl_standard_2048_512": {
      "wikitext2 (wikitext-2-raw-v1)": 14.913440704345703,
      "ptb": 21.353378295898438
    },
    "ppl": {
      "wikitext2 (wikitext-2-raw-v1)": 14.913440704345703,
      "ptb": 21.353378295898438
    },
    "zeroshot": {
      "boolq": {
        "accuracy": 0.7006116207951071,
        "full_results": {
          "acc,none": 0.7006116207951071,
          "acc_stderr,none": 0.00801029808280141,
          "alias": "boolq"
        }
      },
      "piqa": {
        "accuracy": 0.7328618063112078,
        "full_results": {
          "acc,none": 0.7295973884657236,
          "acc_stderr,none": 0.010363167031620654,
          "acc_norm,none": 0.7328618063112078,
          "acc_norm_stderr,none": 0.010323440492612343,
          "alias": "piqa"
        }
      },
      "hellaswag": {
        "accuracy": 0.5876319458275244,
        "full_results": {
          "acc,none": 0.43467436765584544,
          "acc_stderr,none": 0.0049470109374551525,
          "acc_norm,none": 0.5876319458275244,
          "acc_norm_stderr,none": 0.004912547040133046,
          "alias": "hellaswag"
        }
      },
      "winogrande": {
        "accuracy": 0.6361483820047356,
        "full_results": {
          "acc,none": 0.6361483820047356,
          "acc_stderr,none": 0.013521488896883389,
          "alias": "winogrande"
        }
      },
      "arc_easy": {
        "accuracy": 0.5496632996632996,
        "full_results": {
          "acc,none": 0.5871212121212122,
          "acc_stderr,none": 0.010102837421104831,
          "acc_norm,none": 0.5496632996632996,
          "acc_norm_stderr,none": 0.010209047724374136,
          "alias": "arc_easy"
        }
      },
      "arc_challenge": {
        "accuracy": 0.3242320819112628,
        "full_results": {
          "acc,none": 0.28754266211604096,
          "acc_stderr,none": 0.013226719056266044,
          "acc_norm,none": 0.3242320819112628,
          "acc_norm_stderr,none": 0.013678810399518928,
          "alias": "arc_challenge"
        }
      },
      "openbookqa": {
        "accuracy": 0.34,
        "full_results": {
          "acc,none": 0.246,
          "acc_stderr,none": 0.019279819056352458,
          "acc_norm,none": 0.34,
          "acc_norm_stderr,none": 0.021206117013673084,
          "alias": "openbookqa"
        }
      }
    },
    "avg_zeroshot_acc": 0.5530213052161624
  }
}