{
  "model_path": "results/search_Llama_layerwise_20/exp_002_taylor_seq_len32_taylor_num_samples64/pruned_model.bin",
  "timestamp": "2025-12-02T12:25:31.810537",
  "metrics": {
    "model_info": {
      "total_params": 6424219648,
      "trainable_params": 6424219648,
      "total_params_M": 6424.219648,
      "total_params_B": 6.424219648,
      "num_layers": 32,
      "module_params": {
        "embedding": 525336576,
        "lm_head": 525336576,
        "final_norm": 4096,
        "attention": 1169162240,
        "mlp": 4204118016,
        "input_layernorm": 131072,
        "post_attention_layernorm": 131072,
        "total_accounted": 6424219648,
        "unaccounted": 0,
        "match": true
      },
      "attention_params": 1169162240,
      "mlp_params": 4204118016,
      "attention_params_M": 1169.16224,
      "mlp_params_M": 4204.118016,
      "attention_ratio": 0.18199288070170294,
      "mlp_ratio": 0.6544169169727616,
      "model_size_mb": 12253.226806640625,
      "model_size_gb": 11.966041803359985
    },
    "ppl_quick_128": {
      "wikitext2 (wikitext-2-raw-v1)": 26.929170608520508,
      "ptb": 44.31508255004883
    },
    "ppl_standard_2048_512": {
      "wikitext2 (wikitext-2-raw-v1)": 12.154779434204102,
      "ptb": 17.50666046142578
    },
    "ppl": {
      "wikitext2 (wikitext-2-raw-v1)": 12.154779434204102,
      "ptb": 17.50666046142578
    },
    "zeroshot": {
      "boolq": {
        "accuracy": 0.6318042813455658,
        "full_results": {
          "acc,none": 0.6318042813455658,
          "acc_stderr,none": 0.008435740064578229,
          "alias": "boolq"
        }
      },
      "piqa": {
        "accuracy": 0.7274211099020674,
        "full_results": {
          "acc,none": 0.720892274211099,
          "acc_stderr,none": 0.010465657948498215,
          "acc_norm,none": 0.7274211099020674,
          "acc_norm_stderr,none": 0.010389256803295867,
          "alias": "piqa"
        }
      },
      "hellaswag": {
        "accuracy": 0.5697072296355308,
        "full_results": {
          "acc,none": 0.41814379605656243,
          "acc_stderr,none": 0.004922459820434646,
          "acc_norm,none": 0.5697072296355308,
          "acc_norm_stderr,none": 0.004941051795215028,
          "alias": "hellaswag"
        }
      },
      "winogrande": {
        "accuracy": 0.6582478295185478,
        "full_results": {
          "acc,none": 0.6582478295185478,
          "acc_stderr,none": 0.013330103018622926,
          "alias": "winogrande"
        }
      },
      "arc_easy": {
        "accuracy": 0.5458754208754208,
        "full_results": {
          "acc,none": 0.5900673400673401,
          "acc_stderr,none": 0.010091953527506203,
          "acc_norm,none": 0.5458754208754208,
          "acc_norm_stderr,none": 0.010216507710243992,
          "alias": "arc_easy"
        }
      },
      "arc_challenge": {
        "accuracy": 0.34982935153583616,
        "full_results": {
          "acc,none": 0.3250853242320819,
          "acc_stderr,none": 0.013688147309729217,
          "acc_norm,none": 0.34982935153583616,
          "acc_norm_stderr,none": 0.013936809212158266,
          "alias": "arc_challenge"
        }
      },
      "openbookqa": {
        "accuracy": 0.33,
        "full_results": {
          "acc,none": 0.222,
          "acc_stderr,none": 0.018604414758250098,
          "acc_norm,none": 0.33,
          "acc_norm_stderr,none": 0.02104961216613478,
          "alias": "openbookqa"
        }
      }
    },
    "avg_zeroshot_acc": 0.5446978889732812
  }
}