{
  "extreme_pruning_layers": [
    {
      "layer_idx": 29,
      "pruning_rate": 0.5371791294642857,
      "importance": 2.104766879762922,
      "gradient_mean": 0.01966799298922221,
      "gradient_norm": 129.58511691623264
    },
    {
      "layer_idx": 30,
      "pruning_rate": 0.6224888392857143,
      "importance": 1.8995314304317747,
      "gradient_mean": 0.022175891531838313,
      "gradient_norm": 122.70339626736111
    },
    {
      "layer_idx": 31,
      "pruning_rate": 0.6179547991071429,
      "importance": 1.729182885161468,
      "gradient_mean": 0.025783583521842957,
      "gradient_norm": 109.3626708984375
    }
  ],
  "num_extreme_layers": 3,
  "gradient_statistics": {
    "mean_range": [
      0.01661961277325948,
      0.1882633376452658
    ],
    "mean_ratio": 11.327781163192828,
    "norm_range": [
      96.62781100802951,
      1154.380343967014
    ],
    "norm_ratio": 11.946667651095742
  },
  "diagnosis": []
}