{
  "attention": {
    "0": 6.612880527973175,
    "1": 5.1369717717170715,
    "2": 6.1519453326861075,
    "3": 5.2334464987119045,
    "4": 5.612888475259146,
    "5": 5.521068314711254,
    "6": 5.247246563434601,
    "7": 5.265946408112844,
    "8": 5.141692380110422,
    "9": 5.2503192623456325,
    "10": 5.1005770564079285,
    "11": 5.186355412006378,
    "12": 5.334334949652353,
    "13": 5.08541065454483,
    "14": 5.079535981019339,
    "15": 4.792076885700226,
    "16": 4.538569788138071,
    "17": 3.796663582324982,
    "18": 3.692622800668081,
    "19": 3.33810430765152,
    "20": 3.240223745505015,
    "21": 2.9106134772300725,
    "22": 2.7821000218391423,
    "23": 2.646304984887441,
    "24": 2.579982062180837,
    "25": 2.456941763559977,
    "26": 2.072134375572205,
    "27": 1.7247506181399026,
    "28": 1.3480806946754456,
    "29": 0.9954104026158652,
    "30": 0.5346220533053083,
    "31": 0.21955875555674265
  },
  "mlp": {
    "0": 5.1695720950762425,
    "1": 7.852812667687735,
    "2": 5.137399971485138,
    "3": 5.443998634815216,
    "4": 5.6354985038439445,
    "5": 5.614412605762482,
    "6": 5.366297145684561,
    "7": 5.494273523489635,
    "8": 5.303214093049368,
    "9": 5.1227616270383205,
    "10": 4.795265853404999,
    "11": 4.6863193313280735,
    "12": 4.691114445527395,
    "13": 4.542195101579031,
    "14": 4.166121661663055,
    "15": 4.073162694772085,
    "16": 4.0371446410814915,
    "17": 3.7061077952384953,
    "18": 3.466788192590078,
    "19": 3.347056965033213,
    "20": 3.447558224201203,
    "21": 3.4317606488863626,
    "22": 3.394334971904755,
    "23": 3.3467205166816716,
    "24": 3.264693478743235,
    "25": 3.072726865609487,
    "26": 2.78211659193039,
    "27": 2.212635417779287,
    "28": 1.666498184204102,
    "29": 1.1030824184417725,
    "30": 0.598830471436183,
    "31": 0.3471605976422629
  }
}