{
  "model_path": "results/search_Llama-Instruct_layerwise_20/exp_007_taylor_seq_len64_taylor_num_samples16/pruned_model.bin",
  "timestamp": "2025-12-02T13:47:51.591795",
  "metrics": {
    "model_info": {
      "total_params": 6424215552,
      "trainable_params": 6424215552,
      "total_params_M": 6424.215552,
      "total_params_B": 6.424215552,
      "num_layers": 32,
      "module_params": {
        "embedding": 525336576,
        "lm_head": 525336576,
        "final_norm": 4096,
        "attention": 969932800,
        "mlp": 4403343360,
        "input_layernorm": 131072,
        "post_attention_layernorm": 131072,
        "total_accounted": 6424215552,
        "unaccounted": 0,
        "match": true
      },
      "attention_params": 969932800,
      "mlp_params": 4403343360,
      "attention_params_M": 969.9328,
      "mlp_params_M": 4403.34336,
      "attention_ratio": 0.150980737204255,
      "mlp_ratio": 0.6854289561671295,
      "model_size_mb": 12253.218994140625,
      "model_size_gb": 11.966034173965454
    },
    "ppl_quick_128": {
      "wikitext2 (wikitext-2-raw-v1)": 47.337642669677734,
      "ptb": 88.0499496459961
    },
    "ppl_standard_2048_512": {
      "wikitext2 (wikitext-2-raw-v1)": 24.430654525756836,
      "ptb": 43.944313049316406
    },
    "ppl": {
      "wikitext2 (wikitext-2-raw-v1)": 24.430654525756836,
      "ptb": 43.944313049316406
    },
    "zeroshot": {
      "boolq": {
        "accuracy": 0.5584097859327217,
        "full_results": {
          "acc,none": 0.5584097859327217,
          "acc_stderr,none": 0.008685178933161834,
          "alias": "boolq"
        }
      },
      "piqa": {
        "accuracy": 0.691512513601741,
        "full_results": {
          "acc,none": 0.6795429815016322,
          "acc_stderr,none": 0.010887766073815095,
          "acc_norm,none": 0.691512513601741,
          "acc_norm_stderr,none": 0.010776164678037265,
          "alias": "piqa"
        }
      },
      "hellaswag": {
        "accuracy": 0.4720175263891655,
        "full_results": {
          "acc,none": 0.37183827922724555,
          "acc_stderr,none": 0.004823078145065007,
          "acc_norm,none": 0.4720175263891655,
          "acc_norm_stderr,none": 0.004981961097591234,
          "alias": "hellaswag"
        }
      },
      "winogrande": {
        "accuracy": 0.5682715074980268,
        "full_results": {
          "acc,none": 0.5682715074980268,
          "acc_stderr,none": 0.013920872110010765,
          "alias": "winogrande"
        }
      },
      "arc_easy": {
        "accuracy": 0.539983164983165,
        "full_results": {
          "acc,none": 0.5774410774410774,
          "acc_stderr,none": 0.010135978222980905,
          "acc_norm,none": 0.539983164983165,
          "acc_norm_stderr,none": 0.010226927233491397,
          "alias": "arc_easy"
        }
      },
      "arc_challenge": {
        "accuracy": 0.29266211604095566,
        "full_results": {
          "acc,none": 0.2721843003412969,
          "acc_stderr,none": 0.01300660040642361,
          "acc_norm,none": 0.29266211604095566,
          "acc_norm_stderr,none": 0.013295916103619498,
          "alias": "arc_challenge"
        }
      },
      "openbookqa": {
        "accuracy": 0.33,
        "full_results": {
          "acc,none": 0.234,
          "acc_stderr,none": 0.018952741564893755,
          "acc_norm,none": 0.33,
          "acc_norm_stderr,none": 0.02104961216613478,
          "alias": "openbookqa"
        }
      }
    },
    "avg_zeroshot_acc": 0.4932652306351108
  }
}