{
  "model_path": "results/Mistral-7B-v0.3/Taylor_only_20_c4/pruned_model.bin",
  "timestamp": "2025-11-30T12:41:14.573740",
  "metrics": {
    "model_info": {
      "total_params": 5798420480,
      "trainable_params": 5798420480,
      "total_params_M": 5798.42048,
      "total_params_B": 5.79842048,
      "num_layers": 32,
      "module_params": {
        "embedding": 134217728,
        "lm_head": 134217728,
        "final_norm": 4096,
        "attention": 1342177280,
        "mlp": 4187541504,
        "input_layernorm": 131072,
        "post_attention_layernorm": 131072,
        "total_accounted": 5798420480,
        "unaccounted": 0,
        "match": true
      },
      "attention_params": 1342177280,
      "mlp_params": 4187541504,
      "attention_params_M": 1342.17728,
      "mlp_params_M": 4187.541504,
      "attention_ratio": 0.23147291311995366,
      "mlp_ratio": 0.7221865883034408,
      "model_size_mb": 11059.609619140625,
      "model_size_gb": 10.800400018692017
    },
    "ppl_quick_128": {
      "wikitext2 (wikitext-2-raw-v1)": 74.17396545410156,
      "ptb": 236.36468505859375
    },
    "ppl_standard_2048_512": {
      "wikitext2 (wikitext-2-raw-v1)": 39.925750732421875,
      "ptb": 258.507568359375
    },
    "ppl": {
      "wikitext2 (wikitext-2-raw-v1)": 39.925750732421875,
      "ptb": 258.507568359375
    },
    "zeroshot": {
      "boolq": {
        "accuracy": 0.5626911314984709,
        "full_results": {
          "acc,none": 0.5626911314984709,
          "acc_stderr,none": 0.008676043429497668,
          "alias": "boolq"
        }
      },
      "piqa": {
        "accuracy": 0.5990206746463548,
        "full_results": {
          "acc,none": 0.6099020674646355,
          "acc_stderr,none": 0.011380525046581682,
          "acc_norm,none": 0.5990206746463548,
          "acc_norm_stderr,none": 0.011434766962108364,
          "alias": "piqa"
        }
      },
      "hellaswag": {
        "accuracy": 0.3423620792670783,
        "full_results": {
          "acc,none": 0.30252937661820356,
          "acc_stderr,none": 0.0045841440146550125,
          "acc_norm,none": 0.3423620792670783,
          "acc_norm_stderr,none": 0.004735302937476172,
          "alias": "hellaswag"
        }
      },
      "winogrande": {
        "accuracy": 0.5114443567482242,
        "full_results": {
          "acc,none": 0.5114443567482242,
          "acc_stderr,none": 0.014048804199859391,
          "alias": "winogrande"
        }
      },
      "arc_easy": {
        "accuracy": 0.35395622895622897,
        "full_results": {
          "acc,none": 0.3859427609427609,
          "acc_stderr,none": 0.009989277329504026,
          "acc_norm,none": 0.35395622895622897,
          "acc_norm_stderr,none": 0.009812370644174563,
          "alias": "arc_easy"
        }
      },
      "arc_challenge": {
        "accuracy": 0.22184300341296928,
        "full_results": {
          "acc,none": 0.19795221843003413,
          "acc_stderr,none": 0.011643990971573369,
          "acc_norm,none": 0.22184300341296928,
          "acc_norm_stderr,none": 0.012141659068148035,
          "alias": "arc_challenge"
        }
      },
      "openbookqa": {
        "accuracy": 0.27,
        "full_results": {
          "acc,none": 0.154,
          "acc_stderr,none": 0.016158285192455334,
          "acc_norm,none": 0.27,
          "acc_norm_stderr,none": 0.019874354831287473,
          "alias": "openbookqa"
        }
      }
    },
    "avg_zeroshot_acc": 0.40875963921847525,
    "efficiency": {
      "model_info": {
        "total_params": 5798420480,
        "trainable_params": 5798420480,
        "total_params_M": 5798.42048,
        "total_params_B": 5.79842048,
        "num_layers": 32,
        "module_params": {
          "embedding": 134217728,
          "lm_head": 134217728,
          "final_norm": 4096,
          "attention": 1342177280,
          "mlp": 4187541504,
          "input_layernorm": 131072,
          "post_attention_layernorm": 131072,
          "total_accounted": 5798420480,
          "unaccounted": 0,
          "match": true
        },
        "attention_params": 1342177280,
        "mlp_params": 4187541504,
        "attention_params_M": 1342.17728,
        "mlp_params_M": 4187.541504,
        "attention_ratio": 0.23147291311995366,
        "mlp_ratio": 0.7221865883034408,
        "model_size_mb": 11059.609619140625,
        "model_size_gb": 10.800400018692017
      },
      "speed": {
        "batch_size_1": {
          "throughput_tokens_per_sec": 29.766216553394543,
          "latency_ms_per_token": 33.59513286501169,
          "total_time_sec": 215.00885033607483,
          "total_tokens": 6400
        },
        "batch_size_4": {
          "throughput_tokens_per_sec": 111.97999616179882,
          "latency_ms_per_token": 8.930166407177845,
          "total_time_sec": 54.866942405700684,
          "total_tokens": 6144
        }
      },
      "memory": {
        "model_memory_mb": 35984.72802734375,
        "inference_peak_mb": 36106.39208984375
      }
    }
  }
}