{
  "attention": {
    "0": 7.865422010421753,
    "1": 1.7052432918548588,
    "2": 0.3938349485397339,
    "3": 0.20397815227508564,
    "4": 0.14019533634185777,
    "5": 0.08474229812622092,
    "6": 0.07409300804138175,
    "7": 0.05896047115325942,
    "8": 0.04684009552001944,
    "9": 0.0737801742553712,
    "10": 0.026557612419128684,
    "11": 0.0287762308120727,
    "12": 0.05136556148529081,
    "13": 0.060827860832214586,
    "14": 0.039337806701660316,
    "15": 0.03245282649993886,
    "16": 0.058143744468689196,
    "17": 0.07325623035430917,
    "18": 0.09008533954620379,
    "19": 0.07211331844329827,
    "20": 0.028192548751831303,
    "21": 0.03973590373992941,
    "22": 0.029154567718506108,
    "23": 0.053133049011230504,
    "24": 0.01886984825134297,
    "25": 0.013931016921997053,
    "26": 0.019060735702514542,
    "27": 0.730505418777466
  },
  "mlp": {
    "0": 1.3123688507080082,
    "1": 8.696046438217163,
    "2": 3.9699685001373295,
    "3": 3.1342638492584225,
    "4": 2.7772958087921147,
    "5": 1.6808279800415038,
    "6": 0.2906257009506228,
    "7": 0.10793268203735362,
    "8": 0.08076091289520271,
    "9": 0.25070926666259785,
    "10": 0.09550641536712634,
    "11": 0.09167978763580331,
    "12": 0.07449088096618661,
    "13": 0.0790702629089357,
    "14": 0.06206116199493428,
    "15": 0.057885642051696884,
    "16": 0.05626384735107415,
    "17": 0.0481964731216431,
    "18": 0.056300516128540146,
    "19": 0.07252053260803226,
    "20": 0.06777394771575951,
    "21": 0.04621695995330821,
    "22": 0.10891233444213855,
    "23": 0.11822756290435787,
    "24": 0.12032991409301763,
    "25": 0.1640701866149903,
    "26": 0.29892420768737793,
    "27": 0.9546681690216063
  }
}