{
  "model_path": "results/search_Qwen_20/exp_019_taylor_seq_len256_taylor_num_samples256/pruned_model.bin",
  "timestamp": "2025-12-02T04:59:14.439339",
  "metrics": {
    "model_info": {
      "total_params": 6092498944,
      "trainable_params": 6092498944,
      "total_params_M": 6092.498944,
      "total_params_B": 6.092498944,
      "num_layers": 28,
      "module_params": {
        "embedding": 544997376,
        "lm_head": 544997376,
        "final_norm": 3584,
        "attention": 822212608,
        "mlp": 4180087296,
        "input_layernorm": 100352,
        "post_attention_layernorm": 100352,
        "total_accounted": 6092498944,
        "unaccounted": 0,
        "match": true
      },
      "attention_params": 822212608,
      "mlp_params": 4180087296,
      "attention_params_M": 822.212608,
      "mlp_params_M": 4180.087296,
      "attention_ratio": 0.1349549036540629,
      "mlp_ratio": 0.6861039016045499,
      "model_size_mb": 11620.519775390625,
      "model_size_gb": 11.348163843154907
    },
    "ppl_quick_128": {
      "wikitext2 (wikitext-2-raw-v1)": 42.663490295410156,
      "ptb": 64.45320129394531
    },
    "ppl_standard_2048_512": {
      "wikitext2 (wikitext-2-raw-v1)": 16.687360763549805,
      "ptb": 23.4095458984375
    },
    "ppl": {
      "wikitext2 (wikitext-2-raw-v1)": 16.687360763549805,
      "ptb": 23.4095458984375
    },
    "zeroshot": {
      "boolq": {
        "accuracy": 0.7853211009174312,
        "full_results": {
          "acc,none": 0.7853211009174312,
          "acc_stderr,none": 0.007181428697084855,
          "alias": "boolq"
        }
      },
      "piqa": {
        "accuracy": 0.7138193688792165,
        "full_results": {
          "acc,none": 0.7067464635473341,
          "acc_stderr,none": 0.010621818421101943,
          "acc_norm,none": 0.7138193688792165,
          "acc_norm_stderr,none": 0.010545318576106678,
          "alias": "piqa"
        }
      },
      "hellaswag": {
        "accuracy": 0.6281617207727545,
        "full_results": {
          "acc,none": 0.46594303923521213,
          "acc_stderr,none": 0.004978192893406434,
          "acc_norm,none": 0.6281617207727545,
          "acc_norm_stderr,none": 0.004823078145065007,
          "alias": "hellaswag"
        }
      },
      "winogrande": {
        "accuracy": 0.6479873717442778,
        "full_results": {
          "acc,none": 0.6479873717442778,
          "acc_stderr,none": 0.013422874824929841,
          "alias": "winogrande"
        }
      },
      "arc_easy": {
        "accuracy": 0.6531986531986532,
        "full_results": {
          "acc,none": 0.6750841750841751,
          "acc_stderr,none": 0.00961020360450493,
          "acc_norm,none": 0.6531986531986532,
          "acc_norm_stderr,none": 0.009766326091716078,
          "alias": "arc_easy"
        }
      },
      "arc_challenge": {
        "accuracy": 0.4121160409556314,
        "full_results": {
          "acc,none": 0.3703071672354949,
          "acc_stderr,none": 0.014111298751675015,
          "acc_norm,none": 0.4121160409556314,
          "acc_norm_stderr,none": 0.014383915302225433,
          "alias": "arc_challenge"
        }
      },
      "openbookqa": {
        "accuracy": 0.348,
        "full_results": {
          "acc,none": 0.244,
          "acc_stderr,none": 0.019226734893614636,
          "acc_norm,none": 0.348,
          "acc_norm_stderr,none": 0.021323728632807425,
          "alias": "openbookqa"
        }
      }
    },
    "avg_zeroshot_acc": 0.5983720366382806
  }
}